ISO-10303-21;
HEADER;
FILE_DESCRIPTION(('Creo Elements/Direct Modeling STEP Export'),'2;1');
FILE_NAME('TF31-6S-0.5SH.stp','2017-11-27T14:20:23',(''),(''),
'PTC Creo Elements/Direct Modeling STEP processor for AP214 (Solid Model
)',
'PTC Creo Elements/Direct Modeling 19.0C  15-Aug-2015 (C) Parametric Tec
hnology GmbH','');
FILE_SCHEMA(('AUTOMOTIVE_DESIGN { 1 0 10303 214 1 1 1 1 }'));
ENDSEC;
DATA;
#10=CARTESIAN_POINT('',(39.115,58.5098126169906,-0.469799999999999));
#20=DIRECTION('',(0.,0.,-1.));
#30=DIRECTION('',(0.,1.,0.));
#40=AXIS2_PLACEMENT_3D('',#10,#20,#30);
#50=PLANE('',#40);
#60=CARTESIAN_POINT('',(39.235,58.5598126169906,-0.469799999999999));
#70=DIRECTION('',(-1.,0.,0.));
#80=VECTOR('',#70,1.);
#90=LINE('',#60,#80);
#100=CARTESIAN_POINT('',(39.235,58.5598126169906,-0.469799999999999));
#110=VERTEX_POINT('',#100);
#120=CARTESIAN_POINT('',(39.115,58.5598126169906,-0.469799999999999));
#130=VERTEX_POINT('',#120);
#140=EDGE_CURVE('',#110,#130,#90,.T.);
#150=ORIENTED_EDGE('',*,*,#140,.T.);
#160=CARTESIAN_POINT('',(39.235,58.5598126169906,-0.469799999999999));
#170=DIRECTION('',(0.,-1.,0.));
#180=VECTOR('',#170,1.);
#190=LINE('',#160,#180);
#200=CARTESIAN_POINT('',(39.235,57.9398126169906,-0.469799999999998));
#210=VERTEX_POINT('',#200);
#220=EDGE_CURVE('',#110,#210,#190,.T.);
#230=ORIENTED_EDGE('',*,*,#220,.F.);
#240=CARTESIAN_POINT('',(39.235,57.9398126169906,-0.469799999999998));
#250=DIRECTION('',(-1.,0.,0.));
#260=VECTOR('',#250,1.);
#270=LINE('',#240,#260);
#280=CARTESIAN_POINT('',(39.115,57.9398126169906,-0.469799999999998));
#290=VERTEX_POINT('',#280);
#300=EDGE_CURVE('',#210,#290,#270,.T.);
#310=ORIENTED_EDGE('',*,*,#300,.F.);
#320=CARTESIAN_POINT('',(39.115,58.5598126169906,-0.469799999999999));
#330=DIRECTION('',(0.,-1.,0.));
#340=VECTOR('',#330,1.);
#350=LINE('',#320,#340);
#360=EDGE_CURVE('',#130,#290,#350,.T.);
#370=ORIENTED_EDGE('',*,*,#360,.T.);
#380=EDGE_LOOP('',(#370,#310,#230,#150));
#390=FACE_OUTER_BOUND('',#380,.T.);
#400=ADVANCED_FACE('',(#390),#50,.F.);
#410=CARTESIAN_POINT('',(39.115,57.5482789987394,-1.96345794057091));
#420=DIRECTION('',(-1.,0.,0.));
#430=DIRECTION('',(0.,0.,1.));
#440=AXIS2_PLACEMENT_3D('',#410,#420,#430);
#450=PLANE('',#440);
#460=ORIENTED_EDGE('',*,*,#360,.F.);
#470=CARTESIAN_POINT('',(39.115,57.9398126169906,-0.369799999999998));
#480=DIRECTION('',(1.,0.,0.));
#490=DIRECTION('',(0.,-1.,1.11022302462514E-15));
#500=AXIS2_PLACEMENT_3D('',#470,#480,#490);
#510=CIRCLE('',#500,0.1);
#520=CARTESIAN_POINT('',(39.115,57.8398126169906,-0.369799999999998));
#530=VERTEX_POINT('',#520);
#540=EDGE_CURVE('',#530,#290,#510,.T.);
#550=ORIENTED_EDGE('',*,*,#540,.T.);
#560=CARTESIAN_POINT('',(39.115,57.8398126169906,-0.169800000000002));
#570=DIRECTION('',(0.,0.,-1.));
#580=VECTOR('',#570,1.);
#590=LINE('',#560,#580);
#600=CARTESIAN_POINT('',(39.115,57.8398126169906,-0.169800000000002));
#610=VERTEX_POINT('',#600);
#620=EDGE_CURVE('',#610,#530,#590,.T.);
#630=ORIENTED_EDGE('',*,*,#620,.T.);
#640=CARTESIAN_POINT('',(39.115,57.6398126169906,-0.169800000000002));
#650=DIRECTION('',(0.,1.,0.));
#660=VECTOR('',#650,1.);
#670=LINE('',#640,#660);
#680=CARTESIAN_POINT('',(39.115,57.6398126169906,-0.169800000000002));
#690=VERTEX_POINT('',#680);
#700=EDGE_CURVE('',#690,#610,#670,.T.);
#710=ORIENTED_EDGE('',*,*,#700,.T.);
#720=CARTESIAN_POINT('',(39.115,57.5898126169906,-0.169800000000002));
#730=DIRECTION('',(1.,0.,0.));
#740=DIRECTION('',(0.,0.,-1.));
#750=AXIS2_PLACEMENT_3D('',#720,#730,#740);
#760=CIRCLE('',#750,0.0499999999999972);
#770=CARTESIAN_POINT('',(39.115,57.5898126169906,-0.219799999999999));
#780=VERTEX_POINT('',#770);
#790=EDGE_CURVE('',#780,#690,#760,.T.);
#800=ORIENTED_EDGE('',*,*,#790,.T.);
#810=CARTESIAN_POINT('',(39.115,57.5898126169906,-0.219799999999999));
#820=DIRECTION('',(0.,-1.,0.));
#830=VECTOR('',#820,1.);
#840=LINE('',#810,#830);
#850=CARTESIAN_POINT('',(39.115,57.4798126169907,-0.219799999999996));
#860=VERTEX_POINT('',#850);
#870=EDGE_CURVE('',#780,#860,#840,.T.);
#880=ORIENTED_EDGE('',*,*,#870,.F.);
#890=CARTESIAN_POINT('',(39.115,57.4798126169906,-0.0197999999999965));
#900=DIRECTION('',(1.,0.,0.));
#910=DIRECTION('',(0.,-1.,-1.5298179389944E-12));
#920=AXIS2_PLACEMENT_3D('',#890,#900,#910);
#930=CIRCLE('',#920,0.2);
#940=CARTESIAN_POINT('',(39.115,57.2798126169906,-0.0198000000001459));
#950=VERTEX_POINT('',#940);
#960=EDGE_CURVE('',#950,#860,#930,.T.);
#970=ORIENTED_EDGE('',*,*,#960,.T.);
#980=CARTESIAN_POINT('',(39.115,57.2798126169906,-0.0197999999999894));
#990=DIRECTION('',(0.,3.55271367880071E-14,1.));
#1000=VECTOR('',#990,1.);
#1010=LINE('',#980,#1000);
#1020=CARTESIAN_POINT('',(39.115,57.2798126169906,0.180199999999999));
#1030=VERTEX_POINT('',#1020);
#1040=EDGE_CURVE('',#950,#1030,#1010,.T.);
#1050=ORIENTED_EDGE('',*,*,#1040,.F.);
#1060=CARTESIAN_POINT('',(39.115,57.2798126169906,0.180199999999999));
#1070=DIRECTION('',(0.,-1.,0.));
#1080=VECTOR('',#1070,1.);
#1090=LINE('',#1060,#1080);
#1100=CARTESIAN_POINT('',(39.115,57.1698126169906,0.180199999999999));
#1110=VERTEX_POINT('',#1100);
#1120=EDGE_CURVE('',#1030,#1110,#1090,.T.);
#1130=ORIENTED_EDGE('',*,*,#1120,.F.);
#1140=CARTESIAN_POINT('',(39.115,57.1198126169906,0.0801999999999587));
#1150=DIRECTION('',(0.,0.447213595499794,0.894427190999998));
#1160=VECTOR('',#1150,1.);
#1170=LINE('',#1140,#1160);
#1180=CARTESIAN_POINT('',(39.115,57.1198126169906,0.0801999999999736));
#1190=VERTEX_POINT('',#1180);
#1200=EDGE_CURVE('',#1190,#1110,#1170,.T.);
#1210=ORIENTED_EDGE('',*,*,#1200,.T.);
#1220=CARTESIAN_POINT('',(39.115,57.1198126169906,0.0801999999999884));
#1230=DIRECTION('',(0.,-2.03012210217138E-14,-1.));
#1240=VECTOR('',#1230,1.);
#1250=LINE('',#1220,#1240);
#1260=CARTESIAN_POINT('',(39.115,57.1198126169906,-0.269800000000033));
#1270=VERTEX_POINT('',#1260);
#1280=EDGE_CURVE('',#1190,#1270,#1250,.T.);
#1290=ORIENTED_EDGE('',*,*,#1280,.F.);
#1300=CARTESIAN_POINT('',(39.115,57.3483611442572,-0.428751472731415));
#1310=DIRECTION('',(0.,-0.820970545353736,0.570970545353776));
#1320=VECTOR('',#1310,1.);
#1330=LINE('',#1300,#1320);
#1340=CARTESIAN_POINT('',(39.115,57.3483611442577,-0.428751472731891));
#1350=VERTEX_POINT('',#1340);
#1360=EDGE_CURVE('',#1350,#1270,#1330,.T.);
#1370=ORIENTED_EDGE('',*,*,#1360,.T.);
#1380=CARTESIAN_POINT('',(39.115,57.3198126169906,-0.469800000000014));
#1390=DIRECTION('',(1.,0.,0.));
#1400=DIRECTION('',(0.,0.374883772693417,-0.927071818669487));
#1410=AXIS2_PLACEMENT_3D('',#1380,#1390,#1400);
#1420=CIRCLE('',#1410,0.05);
#1430=CARTESIAN_POINT('',(39.115,57.3385597113614,-0.516152416105874));
#1440=VERTEX_POINT('',#1430);
#1450=EDGE_CURVE('',#1440,#1350,#1420,.T.);
#1460=ORIENTED_EDGE('',*,*,#1450,.T.);
#1470=CARTESIAN_POINT('',(39.115,57.3498126169906,-0.543961984870968));
#1480=DIRECTION('',(-1.,0.,0.));
#1490=DIRECTION('',(0.,-1.,1.4144241333724E-11));
#1500=AXIS2_PLACEMENT_3D('',#1470,#1480,#1490);
#1510=CIRCLE('',#1500,0.03);
#1520=CARTESIAN_POINT('',(39.115,57.3198126169906,-0.543961984870756));
#1530=VERTEX_POINT('',#1520);
#1540=EDGE_CURVE('',#1530,#1440,#1510,.T.);
#1550=ORIENTED_EDGE('',*,*,#1540,.T.);
#1560=CARTESIAN_POINT('',(39.115,57.3198126169906,-0.669800000000002));
#1570=DIRECTION('',(0.,0.,1.));
#1580=VECTOR('',#1570,1.);
#1590=LINE('',#1560,#1580);
#1600=CARTESIAN_POINT('',(39.115,57.3198126169906,-0.669800000000002));
#1610=VERTEX_POINT('',#1600);
#1620=EDGE_CURVE('',#1610,#1530,#1590,.T.);
#1630=ORIENTED_EDGE('',*,*,#1620,.T.);
#1640=CARTESIAN_POINT('',(39.115,57.3198126169906,-0.669800000000002));
#1650=DIRECTION('',(0.,1.,0.));
#1660=VECTOR('',#1650,1.);
#1670=LINE('',#1640,#1660);
#1680=CARTESIAN_POINT('',(39.115,57.3698126169906,-0.669800000000002));
#1690=VERTEX_POINT('',#1680);
#1700=EDGE_CURVE('',#1610,#1690,#1670,.T.);
#1710=ORIENTED_EDGE('',*,*,#1700,.F.);
#1720=CARTESIAN_POINT('',(39.115,57.3698126169906,-0.669800000000002));
#1730=DIRECTION('',(0.,0.,1.));
#1740=VECTOR('',#1730,1.);
#1750=LINE('',#1720,#1740);
#1760=CARTESIAN_POINT('',(39.115,57.3698126169906,-0.519800000000004));
#1770=VERTEX_POINT('',#1760);
#1780=EDGE_CURVE('',#1690,#1770,#1750,.T.);
#1790=ORIENTED_EDGE('',*,*,#1780,.F.);
#1800=CARTESIAN_POINT('',(39.115,57.3698126169906,-0.519800000000004));
#1810=DIRECTION('',(0.,1.,0.));
#1820=VECTOR('',#1810,1.);
#1830=LINE('',#1800,#1820);
#1840=CARTESIAN_POINT('',(39.115,58.5598126169906,-0.519800000000004));
#1850=VERTEX_POINT('',#1840);
#1860=EDGE_CURVE('',#1770,#1850,#1830,.T.);
#1870=ORIENTED_EDGE('',*,*,#1860,.F.);
#1880=CARTESIAN_POINT('',(39.115,58.5598126169906,-0.519800000000004));
#1890=DIRECTION('',(0.,0.,1.));
#1900=VECTOR('',#1890,1.);
#1910=LINE('',#1880,#1900);
#1920=EDGE_CURVE('',#1850,#130,#1910,.T.);
#1930=ORIENTED_EDGE('',*,*,#1920,.F.);
#1940=EDGE_LOOP('',(#1930,#1870,#1790,#1710,#1630,#1550,#1460,#1370,
#1290,#1210,#1130,#1050,#970,#880,#800,#710,#630,#550,#460));
#1950=FACE_OUTER_BOUND('',#1940,.T.);
#1960=ADVANCED_FACE('',(#1950),#450,.T.);
#1970=CARTESIAN_POINT('',(39.2470024,58.5598126169906,-0.689799999999998
));
#1980=DIRECTION('',(0.,-1.,0.));
#1990=DIRECTION('',(0.,0.,-1.));
#2000=AXIS2_PLACEMENT_3D('',#1970,#1980,#1990);
#2010=PLANE('',#2000);
#2020=ORIENTED_EDGE('',*,*,#1920,.T.);
#2030=CARTESIAN_POINT('',(39.235,58.5598126169906,-0.519800000000004));
#2040=DIRECTION('',(-1.,0.,0.));
#2050=VECTOR('',#2040,1.);
#2060=LINE('',#2030,#2050);
#2070=CARTESIAN_POINT('',(39.235,58.5598126169906,-0.519800000000004));
#2080=VERTEX_POINT('',#2070);
#2090=EDGE_CURVE('',#2080,#1850,#2060,.T.);
#2100=ORIENTED_EDGE('',*,*,#2090,.T.);
#2110=CARTESIAN_POINT('',(39.235,58.5598126169906,-0.519800000000004));
#2120=DIRECTION('',(0.,0.,1.));
#2130=VECTOR('',#2120,1.);
#2140=LINE('',#2110,#2130);
#2150=EDGE_CURVE('',#2080,#110,#2140,.T.);
#2160=ORIENTED_EDGE('',*,*,#2150,.F.);
#2170=ORIENTED_EDGE('',*,*,#140,.F.);
#2180=EDGE_LOOP('',(#2170,#2160,#2100,#2020));
#2190=FACE_OUTER_BOUND('',#2180,.T.);
#2200=ADVANCED_FACE('',(#2190),#2010,.F.);
#2210=CARTESIAN_POINT('',(12.675,57.3673126169906,-0.519800000000004));
#2220=DIRECTION('',(0.,0.,1.));
#2230=DIRECTION('',(1.,0.,0.));
#2240=AXIS2_PLACEMENT_3D('',#2210,#2220,#2230);
#2250=PLANE('',#2240);
#2260=CARTESIAN_POINT('',(39.735,57.3698126169906,-0.519800000000004));
#2270=DIRECTION('',(0.,1.,0.));
#2280=VECTOR('',#2270,1.);
#2290=LINE('',#2260,#2280);
#2300=CARTESIAN_POINT('',(39.735,57.3698126169906,-0.519800000000004));
#2310=VERTEX_POINT('',#2300);
#2320=CARTESIAN_POINT('',(39.735,58.5598126169906,-0.519800000000004));
#2330=VERTEX_POINT('',#2320);
#2340=EDGE_CURVE('',#2310,#2330,#2290,.T.);
#2350=ORIENTED_EDGE('',*,*,#2340,.F.);
#2360=CARTESIAN_POINT('',(39.735,58.5598126169906,-0.519800000000004));
#2370=DIRECTION('',(-1.,0.,0.));
#2380=VECTOR('',#2370,1.);
#2390=LINE('',#2360,#2380);
#2400=CARTESIAN_POINT('',(39.615,58.5598126169906,-0.519800000000004));
#2410=VERTEX_POINT('',#2400);
#2420=EDGE_CURVE('',#2330,#2410,#2390,.T.);
#2430=ORIENTED_EDGE('',*,*,#2420,.F.);
#2440=CARTESIAN_POINT('',(39.615,57.3698126169906,-0.519800000000004));
#2450=DIRECTION('',(0.,1.,0.));
#2460=VECTOR('',#2450,1.);
#2470=LINE('',#2440,#2460);
#2480=CARTESIAN_POINT('',(39.615,57.3698126169906,-0.519800000000004));
#2490=VERTEX_POINT('',#2480);
#2500=EDGE_CURVE('',#2490,#2410,#2470,.T.);
#2510=ORIENTED_EDGE('',*,*,#2500,.T.);
#2520=CARTESIAN_POINT('',(39.235,57.3698126169906,-0.519800000000004));
#2530=DIRECTION('',(1.,0.,0.));
#2540=VECTOR('',#2530,1.);
#2550=LINE('',#2520,#2540);
#2560=CARTESIAN_POINT('',(39.235,57.3698126169906,-0.519800000000004));
#2570=VERTEX_POINT('',#2560);
#2580=EDGE_CURVE('',#2570,#2490,#2550,.T.);
#2590=ORIENTED_EDGE('',*,*,#2580,.T.);
#2600=CARTESIAN_POINT('',(39.235,57.3698126169906,-0.519800000000004));
#2610=DIRECTION('',(0.,1.,0.));
#2620=VECTOR('',#2610,1.);
#2630=LINE('',#2600,#2620);
#2640=EDGE_CURVE('',#2570,#2080,#2630,.T.);
#2650=ORIENTED_EDGE('',*,*,#2640,.F.);
#2660=ORIENTED_EDGE('',*,*,#2090,.F.);
#2670=ORIENTED_EDGE('',*,*,#1860,.T.);
#2680=CARTESIAN_POINT('',(38.735,57.3698126169906,-0.519800000000004));
#2690=DIRECTION('',(1.,0.,0.));
#2700=VECTOR('',#2690,1.);
#2710=LINE('',#2680,#2700);
#2720=CARTESIAN_POINT('',(38.735,57.3698126169906,-0.519800000000004));
#2730=VERTEX_POINT('',#2720);
#2740=EDGE_CURVE('',#2730,#1770,#2710,.T.);
#2750=ORIENTED_EDGE('',*,*,#2740,.T.);
#2760=CARTESIAN_POINT('',(38.735,57.3698126169906,-0.519800000000004));
#2770=DIRECTION('',(0.,1.,0.));
#2780=VECTOR('',#2770,1.);
#2790=LINE('',#2760,#2780);
#2800=CARTESIAN_POINT('',(38.735,58.5598126169906,-0.519800000000004));
#2810=VERTEX_POINT('',#2800);
#2820=EDGE_CURVE('',#2730,#2810,#2790,.T.);
#2830=ORIENTED_EDGE('',*,*,#2820,.F.);
#2840=CARTESIAN_POINT('',(38.735,58.5598126169906,-0.519800000000004));
#2850=DIRECTION('',(-1.,0.,0.));
#2860=VECTOR('',#2850,1.);
#2870=LINE('',#2840,#2860);
#2880=CARTESIAN_POINT('',(38.615,58.5598126169906,-0.519800000000004));
#2890=VERTEX_POINT('',#2880);
#2900=EDGE_CURVE('',#2810,#2890,#2870,.T.);
#2910=ORIENTED_EDGE('',*,*,#2900,.F.);
#2920=CARTESIAN_POINT('',(38.615,57.3698126169906,-0.519800000000004));
#2930=DIRECTION('',(0.,1.,0.));
#2940=VECTOR('',#2930,1.);
#2950=LINE('',#2920,#2940);
#2960=CARTESIAN_POINT('',(38.615,57.3698126169906,-0.519800000000004));
#2970=VERTEX_POINT('',#2960);
#2980=EDGE_CURVE('',#2970,#2890,#2950,.T.);
#2990=ORIENTED_EDGE('',*,*,#2980,.T.);
#3000=CARTESIAN_POINT('',(38.235,57.3698126169906,-0.519800000000004));
#3010=DIRECTION('',(1.,0.,0.));
#3020=VECTOR('',#3010,1.);
#3030=LINE('',#3000,#3020);
#3040=CARTESIAN_POINT('',(38.235,57.3698126169906,-0.519800000000004));
#3050=VERTEX_POINT('',#3040);
#3060=EDGE_CURVE('',#3050,#2970,#3030,.T.);
#3070=ORIENTED_EDGE('',*,*,#3060,.T.);
#3080=CARTESIAN_POINT('',(38.235,57.3698126169906,-0.519800000000004));
#3090=DIRECTION('',(0.,1.,0.));
#3100=VECTOR('',#3090,1.);
#3110=LINE('',#3080,#3100);
#3120=CARTESIAN_POINT('',(38.235,58.5598126169906,-0.519800000000004));
#3130=VERTEX_POINT('',#3120);
#3140=EDGE_CURVE('',#3050,#3130,#3110,.T.);
#3150=ORIENTED_EDGE('',*,*,#3140,.F.);
#3160=CARTESIAN_POINT('',(38.235,58.5598126169906,-0.519800000000004));
#3170=DIRECTION('',(-1.,0.,0.));
#3180=VECTOR('',#3170,1.);
#3190=LINE('',#3160,#3180);
#3200=CARTESIAN_POINT('',(38.115,58.5598126169906,-0.519800000000004));
#3210=VERTEX_POINT('',#3200);
#3220=EDGE_CURVE('',#3130,#3210,#3190,.T.);
#3230=ORIENTED_EDGE('',*,*,#3220,.F.);
#3240=CARTESIAN_POINT('',(38.115,57.3698126169906,-0.519800000000004));
#3250=DIRECTION('',(0.,1.,0.));
#3260=VECTOR('',#3250,1.);
#3270=LINE('',#3240,#3260);
#3280=CARTESIAN_POINT('',(38.115,57.3698126169906,-0.519800000000004));
#3290=VERTEX_POINT('',#3280);
#3300=EDGE_CURVE('',#3290,#3210,#3270,.T.);
#3310=ORIENTED_EDGE('',*,*,#3300,.T.);
#3320=CARTESIAN_POINT('',(37.735,57.3698126169906,-0.519800000000004));
#3330=DIRECTION('',(1.,0.,0.));
#3340=VECTOR('',#3330,1.);
#3350=LINE('',#3320,#3340);
#3360=CARTESIAN_POINT('',(37.735,57.3698126169906,-0.519800000000004));
#3370=VERTEX_POINT('',#3360);
#3380=EDGE_CURVE('',#3370,#3290,#3350,.T.);
#3390=ORIENTED_EDGE('',*,*,#3380,.T.);
#3400=CARTESIAN_POINT('',(37.735,57.3698126169906,-0.519800000000004));
#3410=DIRECTION('',(0.,1.,0.));
#3420=VECTOR('',#3410,1.);
#3430=LINE('',#3400,#3420);
#3440=CARTESIAN_POINT('',(37.735,58.5598126169906,-0.519800000000004));
#3450=VERTEX_POINT('',#3440);
#3460=EDGE_CURVE('',#3370,#3450,#3430,.T.);
#3470=ORIENTED_EDGE('',*,*,#3460,.F.);
#3480=CARTESIAN_POINT('',(37.735,58.5598126169906,-0.519800000000004));
#3490=DIRECTION('',(-1.,0.,0.));
#3500=VECTOR('',#3490,1.);
#3510=LINE('',#3480,#3500);
#3520=CARTESIAN_POINT('',(37.615,58.5598126169906,-0.519800000000004));
#3530=VERTEX_POINT('',#3520);
#3540=EDGE_CURVE('',#3450,#3530,#3510,.T.);
#3550=ORIENTED_EDGE('',*,*,#3540,.F.);
#3560=CARTESIAN_POINT('',(37.615,57.3698126169906,-0.519800000000004));
#3570=DIRECTION('',(0.,1.,0.));
#3580=VECTOR('',#3570,1.);
#3590=LINE('',#3560,#3580);
#3600=CARTESIAN_POINT('',(37.615,57.3698126169906,-0.519800000000004));
#3610=VERTEX_POINT('',#3600);
#3620=EDGE_CURVE('',#3610,#3530,#3590,.T.);
#3630=ORIENTED_EDGE('',*,*,#3620,.T.);
#3640=CARTESIAN_POINT('',(37.235,57.3698126169906,-0.519800000000004));
#3650=DIRECTION('',(1.,0.,0.));
#3660=VECTOR('',#3650,1.);
#3670=LINE('',#3640,#3660);
#3680=CARTESIAN_POINT('',(37.235,57.3698126169906,-0.519800000000004));
#3690=VERTEX_POINT('',#3680);
#3700=EDGE_CURVE('',#3690,#3610,#3670,.T.);
#3710=ORIENTED_EDGE('',*,*,#3700,.T.);
#3720=CARTESIAN_POINT('',(37.235,57.3698126169906,-0.519800000000004));
#3730=DIRECTION('',(0.,1.,0.));
#3740=VECTOR('',#3730,1.);
#3750=LINE('',#3720,#3740);
#3760=CARTESIAN_POINT('',(37.235,58.5598126169906,-0.519800000000004));
#3770=VERTEX_POINT('',#3760);
#3780=EDGE_CURVE('',#3690,#3770,#3750,.T.);
#3790=ORIENTED_EDGE('',*,*,#3780,.F.);
#3800=CARTESIAN_POINT('',(37.235,58.5598126169906,-0.519800000000004));
#3810=DIRECTION('',(-1.,0.,0.));
#3820=VECTOR('',#3810,1.);
#3830=LINE('',#3800,#3820);
#3840=CARTESIAN_POINT('',(37.115,58.5598126169906,-0.519800000000004));
#3850=VERTEX_POINT('',#3840);
#3860=EDGE_CURVE('',#3770,#3850,#3830,.T.);
#3870=ORIENTED_EDGE('',*,*,#3860,.F.);
#3880=CARTESIAN_POINT('',(37.115,58.5598126169906,-0.519800000000004));
#3890=DIRECTION('',(0.,-1.,0.));
#3900=VECTOR('',#3890,1.);
#3910=LINE('',#3880,#3900);
#3920=CARTESIAN_POINT('',(37.115,57.3698126169906,-0.519800000000004));
#3930=VERTEX_POINT('',#3920);
#3940=EDGE_CURVE('',#3850,#3930,#3910,.T.);
#3950=ORIENTED_EDGE('',*,*,#3940,.F.);
#3960=CARTESIAN_POINT('',(35.975,57.3698126169906,-0.519800000000004));
#3970=DIRECTION('',(1.,0.,0.));
#3980=VECTOR('',#3970,1.);
#3990=LINE('',#3960,#3980);
#4000=CARTESIAN_POINT('',(35.975,57.3698126169906,-0.519800000000004));
#4010=VERTEX_POINT('',#4000);
#4020=EDGE_CURVE('',#4010,#3930,#3990,.T.);
#4030=ORIENTED_EDGE('',*,*,#4020,.T.);
#4040=CARTESIAN_POINT('',(35.975,58.8698126169906,-0.519800000000004));
#4050=DIRECTION('',(0.,-1.,0.));
#4060=VECTOR('',#4050,1.);
#4070=LINE('',#4040,#4060);
#4080=CARTESIAN_POINT('',(35.975,58.8698126169906,-0.519800000000004));
#4090=VERTEX_POINT('',#4080);
#4100=EDGE_CURVE('',#4090,#4010,#4070,.T.);
#4110=ORIENTED_EDGE('',*,*,#4100,.T.);
#4120=CARTESIAN_POINT('',(40.875,58.8698126169906,-0.519800000000004));
#4130=DIRECTION('',(-1.,0.,0.));
#4140=VECTOR('',#4130,1.);
#4150=LINE('',#4120,#4140);
#4160=CARTESIAN_POINT('',(40.875,58.8698126169906,-0.519800000000004));
#4170=VERTEX_POINT('',#4160);
#4180=EDGE_CURVE('',#4170,#4090,#4150,.T.);
#4190=ORIENTED_EDGE('',*,*,#4180,.T.);
#4200=CARTESIAN_POINT('',(40.875,58.8698126169906,-0.519800000000004));
#4210=DIRECTION('',(0.,-1.,0.));
#4220=VECTOR('',#4210,1.);
#4230=LINE('',#4200,#4220);
#4240=CARTESIAN_POINT('',(40.875,57.3698126169906,-0.519800000000004));
#4250=VERTEX_POINT('',#4240);
#4260=EDGE_CURVE('',#4170,#4250,#4230,.T.);
#4270=ORIENTED_EDGE('',*,*,#4260,.F.);
#4280=CARTESIAN_POINT('',(39.735,57.3698126169906,-0.519800000000004));
#4290=DIRECTION('',(1.,0.,0.));
#4300=VECTOR('',#4290,1.);
#4310=LINE('',#4280,#4300);
#4320=EDGE_CURVE('',#2310,#4250,#4310,.T.);
#4330=ORIENTED_EDGE('',*,*,#4320,.T.);
#4340=EDGE_LOOP('',(#4330,#4270,#4190,#4110,#4030,#3950,#3870,#3790,
#3710,#3630,#3550,#3470,#3390,#3310,#3230,#3150,#3070,#2990,#2910,#2830,
#2750,#2670,#2660,#2650,#2590,#2510,#2430,#2350));
#4350=FACE_OUTER_BOUND('',#4340,.T.);
#4360=ADVANCED_FACE('',(#4350),#2250,.T.);
#4370=CARTESIAN_POINT('',(14.68875,57.3698126169906,-0.594799999999999))
;
#4380=DIRECTION('',(0.,-1.,2.77555756156289E-16));
#4390=DIRECTION('',(1.,0.,0.));
#4400=AXIS2_PLACEMENT_3D('',#4370,#4380,#4390);
#4410=PLANE('',#4400);
#4420=ORIENTED_EDGE('',*,*,#4320,.F.);
#4430=CARTESIAN_POINT('',(40.875,57.3698126169906,-0.519800000000004));
#4440=DIRECTION('',(0.,0.,-1.));
#4450=VECTOR('',#4440,1.);
#4460=LINE('',#4430,#4450);
#4470=CARTESIAN_POINT('',(40.875,57.3698126169906,-1.1698));
#4480=VERTEX_POINT('',#4470);
#4490=EDGE_CURVE('',#4250,#4480,#4460,.T.);
#4500=ORIENTED_EDGE('',*,*,#4490,.F.);
#4510=CARTESIAN_POINT('',(40.875,57.3698126169906,-1.1698));
#4520=DIRECTION('',(1.,0.,0.));
#4530=VECTOR('',#4520,1.);
#4540=LINE('',#4510,#4530);
#4550=CARTESIAN_POINT('',(41.075,57.3698126169906,-1.1698));
#4560=VERTEX_POINT('',#4550);
#4570=EDGE_CURVE('',#4480,#4560,#4540,.T.);
#4580=ORIENTED_EDGE('',*,*,#4570,.F.);
#4590=CARTESIAN_POINT('',(41.075,57.3698126169906,-2.4198));
#4600=DIRECTION('',(0.,0.,1.));
#4610=VECTOR('',#4600,1.);
#4620=LINE('',#4590,#4610);
#4630=CARTESIAN_POINT('',(41.075,57.3698126169906,-2.4198));
#4640=VERTEX_POINT('',#4630);
#4650=EDGE_CURVE('',#4640,#4560,#4620,.T.);
#4660=ORIENTED_EDGE('',*,*,#4650,.T.);
#4670=CARTESIAN_POINT('',(41.275,57.3698126169906,-2.4198));
#4680=DIRECTION('',(-1.,0.,0.));
#4690=VECTOR('',#4680,1.);
#4700=LINE('',#4670,#4690);
#4710=CARTESIAN_POINT('',(41.275,57.3698126169906,-2.4198));
#4720=VERTEX_POINT('',#4710);
#4730=EDGE_CURVE('',#4720,#4640,#4700,.T.);
#4740=ORIENTED_EDGE('',*,*,#4730,.T.);
#4750=CARTESIAN_POINT('',(41.275,57.3698126169906,-1.1698));
#4760=DIRECTION('',(0.,0.,-1.));
#4770=VECTOR('',#4760,1.);
#4780=LINE('',#4750,#4770);
#4790=CARTESIAN_POINT('',(41.275,57.3698126169906,-1.1698));
#4800=VERTEX_POINT('',#4790);
#4810=EDGE_CURVE('',#4800,#4720,#4780,.T.);
#4820=ORIENTED_EDGE('',*,*,#4810,.T.);
#4830=CARTESIAN_POINT('',(41.275,57.3698126169906,-1.1698));
#4840=DIRECTION('',(1.,0.,0.));
#4850=VECTOR('',#4840,1.);
#4860=LINE('',#4830,#4850);
#4870=CARTESIAN_POINT('',(41.475,57.3698126169906,-1.1698));
#4880=VERTEX_POINT('',#4870);
#4890=EDGE_CURVE('',#4800,#4880,#4860,.T.);
#4900=ORIENTED_EDGE('',*,*,#4890,.F.);
#4910=CARTESIAN_POINT('',(41.475,57.3698126169906,-2.4198));
#4920=DIRECTION('',(0.,0.,1.));
#4930=VECTOR('',#4920,1.);
#4940=LINE('',#4910,#4930);
#4950=CARTESIAN_POINT('',(41.475,57.3698126169906,-2.4198));
#4960=VERTEX_POINT('',#4950);
#4970=EDGE_CURVE('',#4960,#4880,#4940,.T.);
#4980=ORIENTED_EDGE('',*,*,#4970,.T.);
#4990=CARTESIAN_POINT('',(41.675,57.3698126169906,-2.4198));
#5000=DIRECTION('',(-1.,0.,0.));
#5010=VECTOR('',#5000,1.);
#5020=LINE('',#4990,#5010);
#5030=CARTESIAN_POINT('',(41.675,57.3698126169906,-2.4198));
#5040=VERTEX_POINT('',#5030);
#5050=EDGE_CURVE('',#5040,#4960,#5020,.T.);
#5060=ORIENTED_EDGE('',*,*,#5050,.T.);
#5070=CARTESIAN_POINT('',(41.675,57.3698126169906,-1.1698));
#5080=DIRECTION('',(0.,0.,-1.));
#5090=VECTOR('',#5080,1.);
#5100=LINE('',#5070,#5090);
#5110=CARTESIAN_POINT('',(41.675,57.3698126169906,-1.1698));
#5120=VERTEX_POINT('',#5110);
#5130=EDGE_CURVE('',#5120,#5040,#5100,.T.);
#5140=ORIENTED_EDGE('',*,*,#5130,.T.);
#5150=CARTESIAN_POINT('',(41.675,57.3698126169906,-1.1698));
#5160=DIRECTION('',(1.,0.,0.));
#5170=VECTOR('',#5160,1.);
#5180=LINE('',#5150,#5170);
#5190=CARTESIAN_POINT('',(41.875,57.3698126169906,-1.1698));
#5200=VERTEX_POINT('',#5190);
#5210=EDGE_CURVE('',#5120,#5200,#5180,.T.);
#5220=ORIENTED_EDGE('',*,*,#5210,.F.);
#5230=CARTESIAN_POINT('',(41.875,57.3698126169906,-2.4198));
#5240=DIRECTION('',(0.,0.,1.));
#5250=VECTOR('',#5240,1.);
#5260=LINE('',#5230,#5250);
#5270=CARTESIAN_POINT('',(41.875,57.3698126169906,-2.4198));
#5280=VERTEX_POINT('',#5270);
#5290=EDGE_CURVE('',#5280,#5200,#5260,.T.);
#5300=ORIENTED_EDGE('',*,*,#5290,.T.);
#5310=CARTESIAN_POINT('',(42.075,57.3698126169906,-2.4198));
#5320=DIRECTION('',(-1.,0.,0.));
#5330=VECTOR('',#5320,1.);
#5340=LINE('',#5310,#5330);
#5350=CARTESIAN_POINT('',(42.075,57.3698126169906,-2.4198));
#5360=VERTEX_POINT('',#5350);
#5370=EDGE_CURVE('',#5360,#5280,#5340,.T.);
#5380=ORIENTED_EDGE('',*,*,#5370,.T.);
#5390=CARTESIAN_POINT('',(42.075,57.3698126169906,-2.4198));
#5400=DIRECTION('',(0.,0.,-1.));
#5410=VECTOR('',#5400,1.);
#5420=LINE('',#5390,#5410);
#5430=CARTESIAN_POINT('',(42.075,57.3698126169906,-3.1498));
#5440=VERTEX_POINT('',#5430);
#5450=EDGE_CURVE('',#5360,#5440,#5420,.T.);
#5460=ORIENTED_EDGE('',*,*,#5450,.F.);
#5470=CARTESIAN_POINT('',(42.075,57.3698126169906,-3.1498));
#5480=DIRECTION('',(-1.,0.,0.));
#5490=VECTOR('',#5480,1.);
#5500=LINE('',#5470,#5490);
#5510=CARTESIAN_POINT('',(41.1875,57.3698126169906,-3.1498));
#5520=VERTEX_POINT('',#5510);
#5530=EDGE_CURVE('',#5440,#5520,#5500,.T.);
#5540=ORIENTED_EDGE('',*,*,#5530,.F.);
#5550=CARTESIAN_POINT('',(41.1875,57.3698126169906,-5.5198));
#5560=DIRECTION('',(0.,0.,1.));
#5570=VECTOR('',#5560,1.);
#5580=LINE('',#5550,#5570);
#5590=CARTESIAN_POINT('',(41.1875,57.3698126169906,-5.5198));
#5600=VERTEX_POINT('',#5590);
#5610=EDGE_CURVE('',#5600,#5520,#5580,.T.);
#5620=ORIENTED_EDGE('',*,*,#5610,.T.);
#5630=CARTESIAN_POINT('',(41.1875,57.3698126169906,-5.5198));
#5640=DIRECTION('',(-1.,0.,0.));
#5650=VECTOR('',#5640,1.);
#5660=LINE('',#5630,#5650);
#5670=CARTESIAN_POINT('',(40.575,57.3698126169906,-5.5198));
#5680=VERTEX_POINT('',#5670);
#5690=EDGE_CURVE('',#5600,#5680,#5660,.T.);
#5700=ORIENTED_EDGE('',*,*,#5690,.F.);
#5710=CARTESIAN_POINT('',(40.575,57.3698126169906,-5.5198));
#5720=DIRECTION('',(0.,0.,1.));
#5730=VECTOR('',#5720,1.);
#5740=LINE('',#5710,#5730);
#5750=CARTESIAN_POINT('',(40.575,57.3698126169906,-0.669800000000002));
#5760=VERTEX_POINT('',#5750);
#5770=EDGE_CURVE('',#5680,#5760,#5740,.T.);
#5780=ORIENTED_EDGE('',*,*,#5770,.F.);
#5790=CARTESIAN_POINT('',(40.575,57.3698126169906,-0.669800000000002));
#5800=DIRECTION('',(-1.,0.,0.));
#5810=VECTOR('',#5800,1.);
#5820=LINE('',#5790,#5810);
#5830=CARTESIAN_POINT('',(39.735,57.3698126169906,-0.669800000000002));
#5840=VERTEX_POINT('',#5830);
#5850=EDGE_CURVE('',#5760,#5840,#5820,.T.);
#5860=ORIENTED_EDGE('',*,*,#5850,.F.);
#5870=CARTESIAN_POINT('',(39.735,57.3698126169906,-0.669800000000002));
#5880=DIRECTION('',(0.,0.,1.));
#5890=VECTOR('',#5880,1.);
#5900=LINE('',#5870,#5890);
#5910=EDGE_CURVE('',#5840,#2310,#5900,.T.);
#5920=ORIENTED_EDGE('',*,*,#5910,.F.);
#5930=EDGE_LOOP('',(#5920,#5860,#5780,#5700,#5620,#5540,#5460,#5380,
#5300,#5220,#5140,#5060,#4980,#4900,#4820,#4740,#4660,#4580,#4500,#4420)
);
#5940=FACE_OUTER_BOUND('',#5930,.T.);
#5950=ADVANCED_FACE('',(#5940),#4410,.T.);
#5960=CARTESIAN_POINT('',(39.735,57.5510425259597,-1.96345794057089));
#5970=DIRECTION('',(-1.,0.,0.));
#5980=DIRECTION('',(0.,0.,1.));
#5990=AXIS2_PLACEMENT_3D('',#5960,#5970,#5980);
#6000=PLANE('',#5990);
#6010=CARTESIAN_POINT('',(39.735,58.5598126169906,-0.519800000000004));
#6020=DIRECTION('',(0.,0.,1.));
#6030=VECTOR('',#6020,1.);
#6040=LINE('',#6010,#6030);
#6050=CARTESIAN_POINT('',(39.735,58.5598126169906,-0.469799999999999));
#6060=VERTEX_POINT('',#6050);
#6070=EDGE_CURVE('',#2330,#6060,#6040,.T.);
#6080=ORIENTED_EDGE('',*,*,#6070,.T.);
#6090=ORIENTED_EDGE('',*,*,#2340,.T.);
#6100=ORIENTED_EDGE('',*,*,#5910,.T.);
#6110=CARTESIAN_POINT('',(39.735,57.3198126169906,-0.669800000000002));
#6120=DIRECTION('',(0.,1.,0.));
#6130=VECTOR('',#6120,1.);
#6140=LINE('',#6110,#6130);
#6150=CARTESIAN_POINT('',(39.735,57.3198126169906,-0.669800000000002));
#6160=VERTEX_POINT('',#6150);
#6170=EDGE_CURVE('',#6160,#5840,#6140,.T.);
#6180=ORIENTED_EDGE('',*,*,#6170,.T.);
#6190=CARTESIAN_POINT('',(39.735,57.3198126169906,-0.669800000000002));
#6200=DIRECTION('',(0.,0.,1.));
#6210=VECTOR('',#6200,1.);
#6220=LINE('',#6190,#6210);
#6230=CARTESIAN_POINT('',(39.735,57.3198126169906,-0.543961984870933));
#6240=VERTEX_POINT('',#6230);
#6250=EDGE_CURVE('',#6160,#6240,#6220,.T.);
#6260=ORIENTED_EDGE('',*,*,#6250,.F.);
#6270=CARTESIAN_POINT('',(39.735,57.3498126169906,-0.543961984870968));
#6280=DIRECTION('',(1.,0.,0.));
#6290=DIRECTION('',(0.,-0.374666043751886,0.927159832854783));
#6300=AXIS2_PLACEMENT_3D('',#6270,#6280,#6290);
#6310=CIRCLE('',#6300,0.03);
#6320=CARTESIAN_POINT('',(39.735,57.3385676261607,-0.516149213920299));
#6330=VERTEX_POINT('',#6320);
#6340=EDGE_CURVE('',#6330,#6240,#6310,.T.);
#6350=ORIENTED_EDGE('',*,*,#6340,.T.);
#6360=CARTESIAN_POINT('',(39.735,57.3198126169906,-0.469800000000014));
#6370=DIRECTION('',(-1.,0.,0.));
#6380=DIRECTION('',(0.,0.570970545213946,0.820970545450986));
#6390=AXIS2_PLACEMENT_3D('',#6360,#6370,#6380);
#6400=CIRCLE('',#6390,0.05);
#6410=CARTESIAN_POINT('',(39.735,57.3483611442547,-0.428751472729911));
#6420=VERTEX_POINT('',#6410);
#6430=EDGE_CURVE('',#6420,#6330,#6400,.T.);
#6440=ORIENTED_EDGE('',*,*,#6430,.T.);
#6450=CARTESIAN_POINT('',(39.735,57.1198126169906,-0.26979999999985));
#6460=DIRECTION('',(0.,0.820970545353775,-0.57097054535372));
#6470=VECTOR('',#6460,1.);
#6480=LINE('',#6450,#6470);
#6490=CARTESIAN_POINT('',(39.735,57.1198126169906,-0.26979999999996));
#6500=VERTEX_POINT('',#6490);
#6510=EDGE_CURVE('',#6500,#6420,#6480,.T.);
#6520=ORIENTED_EDGE('',*,*,#6510,.T.);
#6530=CARTESIAN_POINT('',(39.735,57.1198126169906,0.0802000000000027));
#6540=DIRECTION('',(0.,0.,-1.));
#6550=VECTOR('',#6540,1.);
#6560=LINE('',#6530,#6550);
#6570=CARTESIAN_POINT('',(39.735,57.1198126169906,0.0801999999999983));
#6580=VERTEX_POINT('',#6570);
#6590=EDGE_CURVE('',#6580,#6500,#6560,.T.);
#6600=ORIENTED_EDGE('',*,*,#6590,.T.);
#6610=CARTESIAN_POINT('',(39.735,57.1698126169906,0.180199999999999));
#6620=DIRECTION('',(0.,-0.447213595499952,-0.894427190999919));
#6630=VECTOR('',#6620,1.);
#6640=LINE('',#6610,#6630);
#6650=CARTESIAN_POINT('',(39.735,57.1698126169906,0.180199999999999));
#6660=VERTEX_POINT('',#6650);
#6670=EDGE_CURVE('',#6660,#6580,#6640,.T.);
#6680=ORIENTED_EDGE('',*,*,#6670,.T.);
#6690=CARTESIAN_POINT('',(39.735,57.2798126169906,0.180199999999999));
#6700=DIRECTION('',(0.,-1.,0.));
#6710=VECTOR('',#6700,1.);
#6720=LINE('',#6690,#6710);
#6730=CARTESIAN_POINT('',(39.735,57.2798126169906,0.180199999999999));
#6740=VERTEX_POINT('',#6730);
#6750=EDGE_CURVE('',#6740,#6660,#6720,.T.);
#6760=ORIENTED_EDGE('',*,*,#6750,.T.);
#6770=CARTESIAN_POINT('',(39.735,57.2798126169906,-0.0197999999999534));
#6780=DIRECTION('',(0.,0.,1.));
#6790=VECTOR('',#6780,1.);
#6800=LINE('',#6770,#6790);
#6810=CARTESIAN_POINT('',(39.735,57.2798126169906,-0.0197999999999714));
#6820=VERTEX_POINT('',#6810);
#6830=EDGE_CURVE('',#6820,#6740,#6800,.T.);
#6840=ORIENTED_EDGE('',*,*,#6830,.T.);
#6850=CARTESIAN_POINT('',(39.735,57.4798126169906,-0.0197999999999965));
#6860=DIRECTION('',(-1.,0.,-0.));
#6870=DIRECTION('',(0.,1.20792265079217E-12,-1.));
#6880=AXIS2_PLACEMENT_3D('',#6850,#6860,#6870);
#6890=CIRCLE('',#6880,0.2);
#6900=CARTESIAN_POINT('',(39.735,57.4798126169907,-0.219799999999999));
#6910=VERTEX_POINT('',#6900);
#6920=EDGE_CURVE('',#6910,#6820,#6890,.T.);
#6930=ORIENTED_EDGE('',*,*,#6920,.T.);
#6940=CARTESIAN_POINT('',(39.735,57.5898126169906,-0.219799999999999));
#6950=DIRECTION('',(0.,-1.,0.));
#6960=VECTOR('',#6950,1.);
#6970=LINE('',#6940,#6960);
#6980=CARTESIAN_POINT('',(39.735,57.5898126169906,-0.219799999999999));
#6990=VERTEX_POINT('',#6980);
#7000=EDGE_CURVE('',#6990,#6910,#6970,.T.);
#7010=ORIENTED_EDGE('',*,*,#7000,.T.);
#7020=CARTESIAN_POINT('',(39.735,57.5898126169906,-0.169800000000002));
#7030=DIRECTION('',(-1.,0.,0.));
#7040=DIRECTION('',(0.,1.,1.11022302462522E-15));
#7050=AXIS2_PLACEMENT_3D('',#7020,#7030,#7040);
#7060=CIRCLE('',#7050,0.0499999999999972);
#7070=CARTESIAN_POINT('',(39.735,57.6398126169906,-0.169800000000002));
#7080=VERTEX_POINT('',#7070);
#7090=EDGE_CURVE('',#7080,#6990,#7060,.T.);
#7100=ORIENTED_EDGE('',*,*,#7090,.T.);
#7110=CARTESIAN_POINT('',(39.735,57.6398126169906,-0.169800000000002));
#7120=DIRECTION('',(0.,1.,0.));
#7130=VECTOR('',#7120,1.);
#7140=LINE('',#7110,#7130);
#7150=CARTESIAN_POINT('',(39.735,57.8398126169906,-0.169800000000002));
#7160=VERTEX_POINT('',#7150);
#7170=EDGE_CURVE('',#7080,#7160,#7140,.T.);
#7180=ORIENTED_EDGE('',*,*,#7170,.F.);
#7190=CARTESIAN_POINT('',(39.735,57.8398126169906,-0.169800000000002));
#7200=DIRECTION('',(0.,0.,-1.));
#7210=VECTOR('',#7200,1.);
#7220=LINE('',#7190,#7210);
#7230=CARTESIAN_POINT('',(39.735,57.8398126169906,-0.369799999999998));
#7240=VERTEX_POINT('',#7230);
#7250=EDGE_CURVE('',#7160,#7240,#7220,.T.);
#7260=ORIENTED_EDGE('',*,*,#7250,.F.);
#7270=CARTESIAN_POINT('',(39.735,57.9398126169906,-0.369799999999998));
#7280=DIRECTION('',(-1.,0.,-0.));
#7290=DIRECTION('',(0.,8.5265128291212E-13,-1.));
#7300=AXIS2_PLACEMENT_3D('',#7270,#7280,#7290);
#7310=CIRCLE('',#7300,0.1);
#7320=CARTESIAN_POINT('',(39.735,57.9398126169906,-0.469799999999998));
#7330=VERTEX_POINT('',#7320);
#7340=EDGE_CURVE('',#7330,#7240,#7310,.T.);
#7350=ORIENTED_EDGE('',*,*,#7340,.T.);
#7360=CARTESIAN_POINT('',(39.735,58.5598126169906,-0.469799999999999));
#7370=DIRECTION('',(0.,-1.,0.));
#7380=VECTOR('',#7370,1.);
#7390=LINE('',#7360,#7380);
#7400=EDGE_CURVE('',#6060,#7330,#7390,.T.);
#7410=ORIENTED_EDGE('',*,*,#7400,.T.);
#7420=EDGE_LOOP('',(#7410,#7350,#7260,#7180,#7100,#7010,#6930,#6840,
#6760,#6680,#6600,#6520,#6440,#6350,#6260,#6180,#6100,#6090,#6080));
#7430=FACE_OUTER_BOUND('',#7420,.T.);
#7440=ADVANCED_FACE('',(#7430),#6000,.F.);
#7450=CARTESIAN_POINT('',(39.615,58.5098126169906,-0.469799999999999));
#7460=DIRECTION('',(0.,0.,-1.));
#7470=DIRECTION('',(0.,1.,0.));
#7480=AXIS2_PLACEMENT_3D('',#7450,#7460,#7470);
#7490=PLANE('',#7480);
#7500=CARTESIAN_POINT('',(39.735,58.5598126169906,-0.469799999999999));
#7510=DIRECTION('',(-1.,0.,0.));
#7520=VECTOR('',#7510,1.);
#7530=LINE('',#7500,#7520);
#7540=CARTESIAN_POINT('',(39.615,58.5598126169906,-0.469799999999999));
#7550=VERTEX_POINT('',#7540);
#7560=EDGE_CURVE('',#6060,#7550,#7530,.T.);
#7570=ORIENTED_EDGE('',*,*,#7560,.T.);
#7580=ORIENTED_EDGE('',*,*,#7400,.F.);
#7590=CARTESIAN_POINT('',(39.735,57.9398126169906,-0.469799999999998));
#7600=DIRECTION('',(-1.,0.,0.));
#7610=VECTOR('',#7600,1.);
#7620=LINE('',#7590,#7610);
#7630=CARTESIAN_POINT('',(39.615,57.9398126169906,-0.469799999999998));
#7640=VERTEX_POINT('',#7630);
#7650=EDGE_CURVE('',#7330,#7640,#7620,.T.);
#7660=ORIENTED_EDGE('',*,*,#7650,.F.);
#7670=CARTESIAN_POINT('',(39.615,58.5598126169906,-0.469799999999999));
#7680=DIRECTION('',(0.,-1.,0.));
#7690=VECTOR('',#7680,1.);
#7700=LINE('',#7670,#7690);
#7710=EDGE_CURVE('',#7550,#7640,#7700,.T.);
#7720=ORIENTED_EDGE('',*,*,#7710,.T.);
#7730=EDGE_LOOP('',(#7720,#7660,#7580,#7570));
#7740=FACE_OUTER_BOUND('',#7730,.T.);
#7750=ADVANCED_FACE('',(#7740),#7490,.F.);
#7760=CARTESIAN_POINT('',(39.615,57.5482789987394,-1.96345794057091));
#7770=DIRECTION('',(-1.,0.,0.));
#7780=DIRECTION('',(0.,0.,1.));
#7790=AXIS2_PLACEMENT_3D('',#7760,#7770,#7780);
#7800=PLANE('',#7790);
#7810=ORIENTED_EDGE('',*,*,#7710,.F.);
#7820=CARTESIAN_POINT('',(39.615,57.9398126169906,-0.369799999999998));
#7830=DIRECTION('',(1.,0.,0.));
#7840=DIRECTION('',(0.,-1.,1.11022302462514E-15));
#7850=AXIS2_PLACEMENT_3D('',#7820,#7830,#7840);
#7860=CIRCLE('',#7850,0.1);
#7870=CARTESIAN_POINT('',(39.615,57.8398126169906,-0.369799999999998));
#7880=VERTEX_POINT('',#7870);
#7890=EDGE_CURVE('',#7880,#7640,#7860,.T.);
#7900=ORIENTED_EDGE('',*,*,#7890,.T.);
#7910=CARTESIAN_POINT('',(39.615,57.8398126169906,-0.169800000000002));
#7920=DIRECTION('',(0.,0.,-1.));
#7930=VECTOR('',#7920,1.);
#7940=LINE('',#7910,#7930);
#7950=CARTESIAN_POINT('',(39.615,57.8398126169906,-0.169800000000002));
#7960=VERTEX_POINT('',#7950);
#7970=EDGE_CURVE('',#7960,#7880,#7940,.T.);
#7980=ORIENTED_EDGE('',*,*,#7970,.T.);
#7990=CARTESIAN_POINT('',(39.615,57.6398126169906,-0.169800000000002));
#8000=DIRECTION('',(0.,1.,0.));
#8010=VECTOR('',#8000,1.);
#8020=LINE('',#7990,#8010);
#8030=CARTESIAN_POINT('',(39.615,57.6398126169906,-0.169800000000002));
#8040=VERTEX_POINT('',#8030);
#8050=EDGE_CURVE('',#8040,#7960,#8020,.T.);
#8060=ORIENTED_EDGE('',*,*,#8050,.T.);
#8070=CARTESIAN_POINT('',(39.615,57.5898126169906,-0.169800000000002));
#8080=DIRECTION('',(1.,0.,0.));
#8090=DIRECTION('',(0.,0.,-1.));
#8100=AXIS2_PLACEMENT_3D('',#8070,#8080,#8090);
#8110=CIRCLE('',#8100,0.0499999999999972);
#8120=CARTESIAN_POINT('',(39.615,57.5898126169906,-0.219799999999999));
#8130=VERTEX_POINT('',#8120);
#8140=EDGE_CURVE('',#8130,#8040,#8110,.T.);
#8150=ORIENTED_EDGE('',*,*,#8140,.T.);
#8160=CARTESIAN_POINT('',(39.615,57.5898126169906,-0.219799999999999));
#8170=DIRECTION('',(0.,-1.,0.));
#8180=VECTOR('',#8170,1.);
#8190=LINE('',#8160,#8180);
#8200=CARTESIAN_POINT('',(39.615,57.4798126169907,-0.219799999999996));
#8210=VERTEX_POINT('',#8200);
#8220=EDGE_CURVE('',#8130,#8210,#8190,.T.);
#8230=ORIENTED_EDGE('',*,*,#8220,.F.);
#8240=CARTESIAN_POINT('',(39.615,57.4798126169906,-0.0197999999999965));
#8250=DIRECTION('',(1.,0.,0.));
#8260=DIRECTION('',(0.,-1.,-1.5298179389944E-12));
#8270=AXIS2_PLACEMENT_3D('',#8240,#8250,#8260);
#8280=CIRCLE('',#8270,0.2);
#8290=CARTESIAN_POINT('',(39.615,57.2798126169906,-0.0198000000001459));
#8300=VERTEX_POINT('',#8290);
#8310=EDGE_CURVE('',#8300,#8210,#8280,.T.);
#8320=ORIENTED_EDGE('',*,*,#8310,.T.);
#8330=CARTESIAN_POINT('',(39.615,57.2798126169906,-0.0197999999999894));
#8340=DIRECTION('',(0.,3.55271367880071E-14,1.));
#8350=VECTOR('',#8340,1.);
#8360=LINE('',#8330,#8350);
#8370=CARTESIAN_POINT('',(39.615,57.2798126169906,0.180199999999999));
#8380=VERTEX_POINT('',#8370);
#8390=EDGE_CURVE('',#8300,#8380,#8360,.T.);
#8400=ORIENTED_EDGE('',*,*,#8390,.F.);
#8410=CARTESIAN_POINT('',(39.615,57.2798126169906,0.180199999999999));
#8420=DIRECTION('',(0.,-1.,0.));
#8430=VECTOR('',#8420,1.);
#8440=LINE('',#8410,#8430);
#8450=CARTESIAN_POINT('',(39.615,57.1698126169906,0.180199999999999));
#8460=VERTEX_POINT('',#8450);
#8470=EDGE_CURVE('',#8380,#8460,#8440,.T.);
#8480=ORIENTED_EDGE('',*,*,#8470,.F.);
#8490=CARTESIAN_POINT('',(39.615,57.1198126169906,0.0801999999999587));
#8500=DIRECTION('',(0.,0.447213595499794,0.894427190999998));
#8510=VECTOR('',#8500,1.);
#8520=LINE('',#8490,#8510);
#8530=CARTESIAN_POINT('',(39.615,57.1198126169906,0.0801999999999736));
#8540=VERTEX_POINT('',#8530);
#8550=EDGE_CURVE('',#8540,#8460,#8520,.T.);
#8560=ORIENTED_EDGE('',*,*,#8550,.T.);
#8570=CARTESIAN_POINT('',(39.615,57.1198126169906,0.0801999999999884));
#8580=DIRECTION('',(0.,-2.03012210217138E-14,-1.));
#8590=VECTOR('',#8580,1.);
#8600=LINE('',#8570,#8590);
#8610=CARTESIAN_POINT('',(39.615,57.1198126169906,-0.269800000000033));
#8620=VERTEX_POINT('',#8610);
#8630=EDGE_CURVE('',#8540,#8620,#8600,.T.);
#8640=ORIENTED_EDGE('',*,*,#8630,.F.);
#8650=CARTESIAN_POINT('',(39.615,57.3483611442572,-0.428751472731415));
#8660=DIRECTION('',(0.,-0.820970545353736,0.570970545353776));
#8670=VECTOR('',#8660,1.);
#8680=LINE('',#8650,#8670);
#8690=CARTESIAN_POINT('',(39.615,57.3483611442577,-0.428751472731891));
#8700=VERTEX_POINT('',#8690);
#8710=EDGE_CURVE('',#8700,#8620,#8680,.T.);
#8720=ORIENTED_EDGE('',*,*,#8710,.T.);
#8730=CARTESIAN_POINT('',(39.615,57.3198126169906,-0.469800000000014));
#8740=DIRECTION('',(1.,0.,0.));
#8750=DIRECTION('',(0.,0.374883772693417,-0.927071818669487));
#8760=AXIS2_PLACEMENT_3D('',#8730,#8740,#8750);
#8770=CIRCLE('',#8760,0.05);
#8780=CARTESIAN_POINT('',(39.615,57.3385597113614,-0.516152416105874));
#8790=VERTEX_POINT('',#8780);
#8800=EDGE_CURVE('',#8790,#8700,#8770,.T.);
#8810=ORIENTED_EDGE('',*,*,#8800,.T.);
#8820=CARTESIAN_POINT('',(39.615,57.3498126169906,-0.543961984870968));
#8830=DIRECTION('',(-1.,0.,0.));
#8840=DIRECTION('',(0.,-1.,1.4144241333724E-11));
#8850=AXIS2_PLACEMENT_3D('',#8820,#8830,#8840);
#8860=CIRCLE('',#8850,0.03);
#8870=CARTESIAN_POINT('',(39.615,57.3198126169906,-0.543961984870756));
#8880=VERTEX_POINT('',#8870);
#8890=EDGE_CURVE('',#8880,#8790,#8860,.T.);
#8900=ORIENTED_EDGE('',*,*,#8890,.T.);
#8910=CARTESIAN_POINT('',(39.615,57.3198126169906,-0.669800000000002));
#8920=DIRECTION('',(0.,0.,1.));
#8930=VECTOR('',#8920,1.);
#8940=LINE('',#8910,#8930);
#8950=CARTESIAN_POINT('',(39.615,57.3198126169906,-0.669800000000002));
#8960=VERTEX_POINT('',#8950);
#8970=EDGE_CURVE('',#8960,#8880,#8940,.T.);
#8980=ORIENTED_EDGE('',*,*,#8970,.T.);
#8990=CARTESIAN_POINT('',(39.615,57.3198126169906,-0.669800000000002));
#9000=DIRECTION('',(0.,1.,0.));
#9010=VECTOR('',#9000,1.);
#9020=LINE('',#8990,#9010);
#9030=CARTESIAN_POINT('',(39.615,57.3698126169906,-0.669800000000002));
#9040=VERTEX_POINT('',#9030);
#9050=EDGE_CURVE('',#8960,#9040,#9020,.T.);
#9060=ORIENTED_EDGE('',*,*,#9050,.F.);
#9070=CARTESIAN_POINT('',(39.615,57.3698126169906,-0.669800000000002));
#9080=DIRECTION('',(0.,0.,1.));
#9090=VECTOR('',#9080,1.);
#9100=LINE('',#9070,#9090);
#9110=EDGE_CURVE('',#9040,#2490,#9100,.T.);
#9120=ORIENTED_EDGE('',*,*,#9110,.F.);
#9130=ORIENTED_EDGE('',*,*,#2500,.F.);
#9140=CARTESIAN_POINT('',(39.615,58.5598126169906,-0.519800000000004));
#9150=DIRECTION('',(0.,0.,1.));
#9160=VECTOR('',#9150,1.);
#9170=LINE('',#9140,#9160);
#9180=EDGE_CURVE('',#2410,#7550,#9170,.T.);
#9190=ORIENTED_EDGE('',*,*,#9180,.F.);
#9200=EDGE_LOOP('',(#9190,#9130,#9120,#9060,#8980,#8900,#8810,#8720,
#8640,#8560,#8480,#8400,#8320,#8230,#8150,#8060,#7980,#7900,#7810));
#9210=FACE_OUTER_BOUND('',#9200,.T.);
#9220=ADVANCED_FACE('',(#9210),#7800,.T.);
#9230=CARTESIAN_POINT('',(39.7470024,58.5598126169906,-0.689799999999998
));
#9240=DIRECTION('',(0.,-1.,0.));
#9250=DIRECTION('',(0.,0.,-1.));
#9260=AXIS2_PLACEMENT_3D('',#9230,#9240,#9250);
#9270=PLANE('',#9260);
#9280=ORIENTED_EDGE('',*,*,#9180,.T.);
#9290=ORIENTED_EDGE('',*,*,#2420,.T.);
#9300=ORIENTED_EDGE('',*,*,#6070,.F.);
#9310=ORIENTED_EDGE('',*,*,#7560,.F.);
#9320=EDGE_LOOP('',(#9310,#9300,#9290,#9280));
#9330=FACE_OUTER_BOUND('',#9320,.T.);
#9340=ADVANCED_FACE('',(#9330),#9270,.F.);
#9350=CARTESIAN_POINT('',(39.735,57.9398126169906,-0.369799999999998));
#9360=DIRECTION('',(1.,0.,0.));
#9370=DIRECTION('',(0.,0.,-1.));
#9380=AXIS2_PLACEMENT_3D('',#9350,#9360,#9370);
#9390=CYLINDRICAL_SURFACE('',#9380,0.1);
#9400=ORIENTED_EDGE('',*,*,#7890,.F.);
#9410=ORIENTED_EDGE('',*,*,#7650,.T.);
#9420=ORIENTED_EDGE('',*,*,#7340,.F.);
#9430=CARTESIAN_POINT('',(39.615,57.8398126169906,-0.369799999999998));
#9440=DIRECTION('',(1.,0.,0.));
#9450=VECTOR('',#9440,1.);
#9460=LINE('',#9430,#9450);
#9470=EDGE_CURVE('',#7880,#7240,#9460,.T.);
#9480=ORIENTED_EDGE('',*,*,#9470,.T.);
#9490=EDGE_LOOP('',(#9480,#9420,#9410,#9400));
#9500=FACE_OUTER_BOUND('',#9490,.T.);
#9510=ADVANCED_FACE('',(#9500),#9390,.F.);
#9520=CARTESIAN_POINT('',(39.615,57.8398126169906,-0.369799999999998));
#9530=DIRECTION('',(0.,-1.,0.));
#9540=DIRECTION('',(0.,0.,-1.));
#9550=AXIS2_PLACEMENT_3D('',#9520,#9530,#9540);
#9560=PLANE('',#9550);
#9570=ORIENTED_EDGE('',*,*,#7250,.T.);
#9580=CARTESIAN_POINT('',(39.615,57.8398126169906,-0.169800000000002));
#9590=DIRECTION('',(1.,0.,0.));
#9600=VECTOR('',#9590,1.);
#9610=LINE('',#9580,#9600);
#9620=EDGE_CURVE('',#7960,#7160,#9610,.T.);
#9630=ORIENTED_EDGE('',*,*,#9620,.T.);
#9640=ORIENTED_EDGE('',*,*,#7970,.F.);
#9650=ORIENTED_EDGE('',*,*,#9470,.F.);
#9660=EDGE_LOOP('',(#9650,#9640,#9630,#9570));
#9670=FACE_OUTER_BOUND('',#9660,.T.);
#9680=ADVANCED_FACE('',(#9670),#9560,.F.);
#9690=CARTESIAN_POINT('',(39.615,57.8898126169906,-0.169800000000002));
#9700=DIRECTION('',(0.,0.,-1.));
#9710=DIRECTION('',(0.,1.,0.));
#9720=AXIS2_PLACEMENT_3D('',#9690,#9700,#9710);
#9730=PLANE('',#9720);
#9740=ORIENTED_EDGE('',*,*,#8050,.F.);
#9750=ORIENTED_EDGE('',*,*,#9620,.F.);
#9760=ORIENTED_EDGE('',*,*,#7170,.T.);
#9770=CARTESIAN_POINT('',(39.735,57.6398126169906,-0.169800000000002));
#9780=DIRECTION('',(-1.,0.,0.));
#9790=VECTOR('',#9780,1.);
#9800=LINE('',#9770,#9790);
#9810=EDGE_CURVE('',#7080,#8040,#9800,.T.);
#9820=ORIENTED_EDGE('',*,*,#9810,.F.);
#9830=EDGE_LOOP('',(#9820,#9760,#9750,#9740));
#9840=FACE_OUTER_BOUND('',#9830,.T.);
#9850=ADVANCED_FACE('',(#9840),#9730,.F.);
#9860=CARTESIAN_POINT('',(39.615,57.5898126169906,-0.169800000000002));
#9870=DIRECTION('',(-1.,0.,0.));
#9880=DIRECTION('',(0.,0.,1.));
#9890=AXIS2_PLACEMENT_3D('',#9860,#9870,#9880);
#9900=CYLINDRICAL_SURFACE('',#9890,0.0499999999999972);
#9910=ORIENTED_EDGE('',*,*,#8140,.F.);
#9920=ORIENTED_EDGE('',*,*,#9810,.T.);
#9930=ORIENTED_EDGE('',*,*,#7090,.F.);
#9940=CARTESIAN_POINT('',(39.615,57.5898126169906,-0.219799999999999));
#9950=DIRECTION('',(1.,0.,0.));
#9960=VECTOR('',#9950,1.);
#9970=LINE('',#9940,#9960);
#9980=EDGE_CURVE('',#8130,#6990,#9970,.T.);
#9990=ORIENTED_EDGE('',*,*,#9980,.T.);
#10000=EDGE_LOOP('',(#9990,#9930,#9920,#9910));
#10010=FACE_OUTER_BOUND('',#10000,.T.);
#10020=ADVANCED_FACE('',(#10010),#9900,.F.);
#10030=CARTESIAN_POINT('',(39.7470024,57.4798126169906,
-0.219799999999999));
#10040=DIRECTION('',(0.,0.,-1.));
#10050=DIRECTION('',(0.,1.,0.));
#10060=AXIS2_PLACEMENT_3D('',#10030,#10040,#10050);
#10070=PLANE('',#10060);
#10080=ORIENTED_EDGE('',*,*,#9980,.F.);
#10090=ORIENTED_EDGE('',*,*,#7000,.F.);
#10100=CARTESIAN_POINT('',(39.735,57.4798126169906,-0.219799999999997));
#10110=DIRECTION('',(-1.,0.,0.));
#10120=VECTOR('',#10110,1.);
#10130=LINE('',#10100,#10120);
#10140=EDGE_CURVE('',#6910,#8210,#10130,.T.);
#10150=ORIENTED_EDGE('',*,*,#10140,.F.);
#10160=ORIENTED_EDGE('',*,*,#8220,.T.);
#10170=EDGE_LOOP('',(#10160,#10150,#10090,#10080));
#10180=FACE_OUTER_BOUND('',#10170,.T.);
#10190=ADVANCED_FACE('',(#10180),#10070,.F.);
#10200=CARTESIAN_POINT('',(39.7470024,57.4798126169906,
-0.0197999999999965));
#10210=DIRECTION('',(1.,0.,0.));
#10220=DIRECTION('',(0.,0.,-1.));
#10230=AXIS2_PLACEMENT_3D('',#10200,#10210,#10220);
#10240=CYLINDRICAL_SURFACE('',#10230,0.2);
#10250=ORIENTED_EDGE('',*,*,#10140,.T.);
#10260=ORIENTED_EDGE('',*,*,#6920,.F.);
#10270=CARTESIAN_POINT('',(39.615,57.2798126169906,-0.0197999999999894))
;
#10280=DIRECTION('',(1.,0.,0.));
#10290=VECTOR('',#10280,1.);
#10300=LINE('',#10270,#10290);
#10310=EDGE_CURVE('',#8300,#6820,#10300,.T.);
#10320=ORIENTED_EDGE('',*,*,#10310,.T.);
#10330=ORIENTED_EDGE('',*,*,#8310,.F.);
#10340=EDGE_LOOP('',(#10330,#10320,#10260,#10250));
#10350=FACE_OUTER_BOUND('',#10340,.T.);
#10360=ADVANCED_FACE('',(#10350),#10240,.F.);
#10370=CARTESIAN_POINT('',(39.7470024,57.2798126169906,0.180199999999999
));
#10380=DIRECTION('',(0.,-1.,2.03012210217183E-14));
#10390=DIRECTION('',(0.,-2.03012210217183E-14,-1.));
#10400=AXIS2_PLACEMENT_3D('',#10370,#10380,#10390);
#10410=PLANE('',#10400);
#10420=CARTESIAN_POINT('',(39.735,57.2798126169906,0.180199999999999));
#10430=DIRECTION('',(-1.,0.,0.));
#10440=VECTOR('',#10430,1.);
#10450=LINE('',#10420,#10440);
#10460=EDGE_CURVE('',#6740,#8380,#10450,.T.);
#10470=ORIENTED_EDGE('',*,*,#10460,.F.);
#10480=ORIENTED_EDGE('',*,*,#8390,.T.);
#10490=ORIENTED_EDGE('',*,*,#10310,.F.);
#10500=ORIENTED_EDGE('',*,*,#6830,.F.);
#10510=EDGE_LOOP('',(#10500,#10490,#10480,#10470));
#10520=FACE_OUTER_BOUND('',#10510,.T.);
#10530=ADVANCED_FACE('',(#10520),#10410,.F.);
#10540=CARTESIAN_POINT('',(39.615,57.4398126169906,0.180199999999999));
#10550=DIRECTION('',(0.,0.,-1.));
#10560=DIRECTION('',(0.,1.,0.));
#10570=AXIS2_PLACEMENT_3D('',#10540,#10550,#10560);
#10580=PLANE('',#10570);
#10590=ORIENTED_EDGE('',*,*,#8470,.T.);
#10600=ORIENTED_EDGE('',*,*,#10460,.T.);
#10610=ORIENTED_EDGE('',*,*,#6750,.F.);
#10620=CARTESIAN_POINT('',(39.615,57.1698126169906,0.180199999999999));
#10630=DIRECTION('',(1.,0.,0.));
#10640=VECTOR('',#10630,1.);
#10650=LINE('',#10620,#10640);
#10660=EDGE_CURVE('',#8460,#6660,#10650,.T.);
#10670=ORIENTED_EDGE('',*,*,#10660,.T.);
#10680=EDGE_LOOP('',(#10670,#10610,#10600,#10590));
#10690=FACE_OUTER_BOUND('',#10680,.T.);
#10700=ADVANCED_FACE('',(#10690),#10580,.F.);
#10710=CARTESIAN_POINT('',(39.615,57.1698126169906,0.180199999999999));
#10720=DIRECTION('',(0.,0.894427190999929,-0.447213595499933));
#10730=DIRECTION('',(0.,0.447213595499933,0.894427190999929));
#10740=AXIS2_PLACEMENT_3D('',#10710,#10720,#10730);
#10750=PLANE('',#10740);
#10760=ORIENTED_EDGE('',*,*,#8550,.F.);
#10770=ORIENTED_EDGE('',*,*,#10660,.F.);
#10780=ORIENTED_EDGE('',*,*,#6670,.F.);
#10790=CARTESIAN_POINT('',(39.615,57.1198126169906,0.0801999999999903));
#10800=DIRECTION('',(1.,0.,0.));
#10810=VECTOR('',#10800,1.);
#10820=LINE('',#10790,#10810);
#10830=EDGE_CURVE('',#8540,#6580,#10820,.T.);
#10840=ORIENTED_EDGE('',*,*,#10830,.T.);
#10850=EDGE_LOOP('',(#10840,#10780,#10770,#10760));
#10860=FACE_OUTER_BOUND('',#10850,.T.);
#10870=ADVANCED_FACE('',(#10860),#10750,.F.);
#10880=CARTESIAN_POINT('',(39.615,57.1198126169906,0.0801999999999694));
#10890=DIRECTION('',(0.,1.,-1.57898385724466E-14));
#10900=DIRECTION('',(0.,1.57898385724466E-14,1.));
#10910=AXIS2_PLACEMENT_3D('',#10880,#10890,#10900);
#10920=PLANE('',#10910);
#10930=ORIENTED_EDGE('',*,*,#8630,.T.);
#10940=ORIENTED_EDGE('',*,*,#10830,.F.);
#10950=ORIENTED_EDGE('',*,*,#6590,.F.);
#10960=CARTESIAN_POINT('',(39.735,57.1198126169906,-0.269800000000069));
#10970=DIRECTION('',(-1.,0.,0.));
#10980=VECTOR('',#10970,1.);
#10990=LINE('',#10960,#10980);
#11000=EDGE_CURVE('',#6500,#8620,#10990,.T.);
#11010=ORIENTED_EDGE('',*,*,#11000,.F.);
#11020=EDGE_LOOP('',(#11010,#10950,#10940,#10930));
#11030=FACE_OUTER_BOUND('',#11020,.T.);
#11040=ADVANCED_FACE('',(#11030),#10920,.F.);
#11050=CARTESIAN_POINT('',(39.7470024,57.3483611442582,-0.42875147273233
));
#11060=DIRECTION('',(0.,0.570970545353777,0.820970545353736));
#11070=DIRECTION('',(0.,-0.820970545353736,0.570970545353777));
#11080=AXIS2_PLACEMENT_3D('',#11050,#11060,#11070);
#11090=PLANE('',#11080);
#11100=CARTESIAN_POINT('',(39.735,57.3483611442582,-0.428751472732263));
#11110=DIRECTION('',(-1.,0.,0.));
#11120=VECTOR('',#11110,1.);
#11130=LINE('',#11100,#11120);
#11140=EDGE_CURVE('',#6420,#8700,#11130,.T.);
#11150=ORIENTED_EDGE('',*,*,#11140,.F.);
#11160=ORIENTED_EDGE('',*,*,#8710,.F.);
#11170=ORIENTED_EDGE('',*,*,#11000,.T.);
#11180=ORIENTED_EDGE('',*,*,#6510,.F.);
#11190=EDGE_LOOP('',(#11180,#11170,#11160,#11150));
#11200=FACE_OUTER_BOUND('',#11190,.T.);
#11210=ADVANCED_FACE('',(#11200),#11090,.F.);
#11220=CARTESIAN_POINT('',(39.615,57.3198126169906,-0.469800000000014));
#11230=DIRECTION('',(-1.,0.,0.));
#11240=DIRECTION('',(0.,0.,1.));
#11250=AXIS2_PLACEMENT_3D('',#11220,#11230,#11240);
#11260=CYLINDRICAL_SURFACE('',#11250,0.05);
#11270=ORIENTED_EDGE('',*,*,#8800,.F.);
#11280=ORIENTED_EDGE('',*,*,#11140,.T.);
#11290=ORIENTED_EDGE('',*,*,#6430,.F.);
#11300=CARTESIAN_POINT('',(39.735,57.3385626169906,-0.516151240544359));
#11310=DIRECTION('',(-1.,0.,0.));
#11320=VECTOR('',#11310,1.);
#11330=LINE('',#11300,#11320);
#11340=EDGE_CURVE('',#6330,#8790,#11330,.T.);
#11350=ORIENTED_EDGE('',*,*,#11340,.F.);
#11360=EDGE_LOOP('',(#11350,#11290,#11280,#11270));
#11370=FACE_OUTER_BOUND('',#11360,.T.);
#11380=ADVANCED_FACE('',(#11370),#11260,.F.);
#11390=CARTESIAN_POINT('',(39.615,57.3498126169906,-0.543961984870968));
#11400=DIRECTION('',(-1.,0.,0.));
#11410=DIRECTION('',(0.,0.,1.));
#11420=AXIS2_PLACEMENT_3D('',#11390,#11400,#11410);
#11430=CYLINDRICAL_SURFACE('',#11420,0.03);
#11440=ORIENTED_EDGE('',*,*,#8890,.F.);
#11450=ORIENTED_EDGE('',*,*,#11340,.T.);
#11460=ORIENTED_EDGE('',*,*,#6340,.F.);
#11470=CARTESIAN_POINT('',(39.615,57.3198126169906,-0.543961984870968));
#11480=DIRECTION('',(1.,0.,0.));
#11490=VECTOR('',#11480,1.);
#11500=LINE('',#11470,#11490);
#11510=EDGE_CURVE('',#8880,#6240,#11500,.T.);
#11520=ORIENTED_EDGE('',*,*,#11510,.T.);
#11530=EDGE_LOOP('',(#11520,#11460,#11450,#11440));
#11540=FACE_OUTER_BOUND('',#11530,.T.);
#11550=ADVANCED_FACE('',(#11540),#11430,.T.);
#11560=CARTESIAN_POINT('',(39.615,57.3198126169906,-0.569800000000001));
#11570=DIRECTION('',(0.,1.,0.));
#11580=DIRECTION('',(0.,0.,1.));
#11590=AXIS2_PLACEMENT_3D('',#11560,#11570,#11580);
#11600=PLANE('',#11590);
#11610=ORIENTED_EDGE('',*,*,#6250,.T.);
#11620=CARTESIAN_POINT('',(39.615,57.3198126169906,-0.669800000000002));
#11630=DIRECTION('',(1.,0.,0.));
#11640=VECTOR('',#11630,1.);
#11650=LINE('',#11620,#11640);
#11660=EDGE_CURVE('',#8960,#6160,#11650,.T.);
#11670=ORIENTED_EDGE('',*,*,#11660,.T.);
#11680=ORIENTED_EDGE('',*,*,#8970,.F.);
#11690=ORIENTED_EDGE('',*,*,#11510,.F.);
#11700=EDGE_LOOP('',(#11690,#11680,#11670,#11610));
#11710=FACE_OUTER_BOUND('',#11700,.T.);
#11720=ADVANCED_FACE('',(#11710),#11600,.F.);
#11730=CARTESIAN_POINT('',(16.6025,57.3648126169906,-0.669800000000002))
;
#11740=DIRECTION('',(0.,2.77555756156289E-16,1.));
#11750=DIRECTION('',(1.,0.,0.));
#11760=AXIS2_PLACEMENT_3D('',#11730,#11740,#11750);
#11770=PLANE('',#11760);
#11780=CARTESIAN_POINT('',(36.275,57.1698126169906,-0.669800000000002));
#11790=DIRECTION('',(0.,1.,0.));
#11800=VECTOR('',#11790,1.);
#11810=LINE('',#11780,#11800);
#11820=CARTESIAN_POINT('',(36.275,57.1698126169906,-0.669800000000002));
#11830=VERTEX_POINT('',#11820);
#11840=CARTESIAN_POINT('',(36.275,57.3698126169906,-0.669800000000002));
#11850=VERTEX_POINT('',#11840);
#11860=EDGE_CURVE('',#11830,#11850,#11810,.T.);
#11870=ORIENTED_EDGE('',*,*,#11860,.F.);
#11880=CARTESIAN_POINT('',(37.115,57.3698126169906,-0.669800000000002));
#11890=DIRECTION('',(-1.,0.,0.));
#11900=VECTOR('',#11890,1.);
#11910=LINE('',#11880,#11900);
#11920=CARTESIAN_POINT('',(37.115,57.3698126169906,-0.669800000000002));
#11930=VERTEX_POINT('',#11920);
#11940=EDGE_CURVE('',#11930,#11850,#11910,.T.);
#11950=ORIENTED_EDGE('',*,*,#11940,.T.);
#11960=CARTESIAN_POINT('',(37.115,57.3698126169906,-0.669799999999999));
#11970=DIRECTION('',(0.,-1.,0.));
#11980=VECTOR('',#11970,1.);
#11990=LINE('',#11960,#11980);
#12000=CARTESIAN_POINT('',(37.115,57.3198126169906,-0.669800000000002));
#12010=VERTEX_POINT('',#12000);
#12020=EDGE_CURVE('',#11930,#12010,#11990,.T.);
#12030=ORIENTED_EDGE('',*,*,#12020,.F.);
#12040=CARTESIAN_POINT('',(37.115,57.3198126169906,-0.669800000000002));
#12050=DIRECTION('',(1.,0.,0.));
#12060=VECTOR('',#12050,1.);
#12070=LINE('',#12040,#12060);
#12080=CARTESIAN_POINT('',(37.235,57.3198126169906,-0.669800000000002));
#12090=VERTEX_POINT('',#12080);
#12100=EDGE_CURVE('',#12010,#12090,#12070,.T.);
#12110=ORIENTED_EDGE('',*,*,#12100,.F.);
#12120=CARTESIAN_POINT('',(37.235,57.3198126169906,-0.669800000000002));
#12130=DIRECTION('',(0.,1.,0.));
#12140=VECTOR('',#12130,1.);
#12150=LINE('',#12120,#12140);
#12160=CARTESIAN_POINT('',(37.235,57.3698126169906,-0.669800000000002));
#12170=VERTEX_POINT('',#12160);
#12180=EDGE_CURVE('',#12090,#12170,#12150,.T.);
#12190=ORIENTED_EDGE('',*,*,#12180,.F.);
#12200=CARTESIAN_POINT('',(37.615,57.3698126169906,-0.669800000000002));
#12210=DIRECTION('',(-1.,0.,0.));
#12220=VECTOR('',#12210,1.);
#12230=LINE('',#12200,#12220);
#12240=CARTESIAN_POINT('',(37.615,57.3698126169906,-0.669800000000002));
#12250=VERTEX_POINT('',#12240);
#12260=EDGE_CURVE('',#12250,#12170,#12230,.T.);
#12270=ORIENTED_EDGE('',*,*,#12260,.T.);
#12280=CARTESIAN_POINT('',(37.615,57.3198126169906,-0.669800000000002));
#12290=DIRECTION('',(0.,1.,0.));
#12300=VECTOR('',#12290,1.);
#12310=LINE('',#12280,#12300);
#12320=CARTESIAN_POINT('',(37.615,57.3198126169906,-0.669800000000002));
#12330=VERTEX_POINT('',#12320);
#12340=EDGE_CURVE('',#12330,#12250,#12310,.T.);
#12350=ORIENTED_EDGE('',*,*,#12340,.T.);
#12360=CARTESIAN_POINT('',(37.615,57.3198126169906,-0.669800000000002));
#12370=DIRECTION('',(1.,0.,0.));
#12380=VECTOR('',#12370,1.);
#12390=LINE('',#12360,#12380);
#12400=CARTESIAN_POINT('',(37.735,57.3198126169906,-0.669800000000002));
#12410=VERTEX_POINT('',#12400);
#12420=EDGE_CURVE('',#12330,#12410,#12390,.T.);
#12430=ORIENTED_EDGE('',*,*,#12420,.F.);
#12440=CARTESIAN_POINT('',(37.735,57.3198126169906,-0.669800000000002));
#12450=DIRECTION('',(0.,1.,0.));
#12460=VECTOR('',#12450,1.);
#12470=LINE('',#12440,#12460);
#12480=CARTESIAN_POINT('',(37.735,57.3698126169906,-0.669800000000002));
#12490=VERTEX_POINT('',#12480);
#12500=EDGE_CURVE('',#12410,#12490,#12470,.T.);
#12510=ORIENTED_EDGE('',*,*,#12500,.F.);
#12520=CARTESIAN_POINT('',(38.115,57.3698126169906,-0.669800000000002));
#12530=DIRECTION('',(-1.,0.,0.));
#12540=VECTOR('',#12530,1.);
#12550=LINE('',#12520,#12540);
#12560=CARTESIAN_POINT('',(38.115,57.3698126169906,-0.669800000000002));
#12570=VERTEX_POINT('',#12560);
#12580=EDGE_CURVE('',#12570,#12490,#12550,.T.);
#12590=ORIENTED_EDGE('',*,*,#12580,.T.);
#12600=CARTESIAN_POINT('',(38.115,57.3198126169906,-0.669800000000002));
#12610=DIRECTION('',(0.,1.,0.));
#12620=VECTOR('',#12610,1.);
#12630=LINE('',#12600,#12620);
#12640=CARTESIAN_POINT('',(38.115,57.3198126169906,-0.669800000000002));
#12650=VERTEX_POINT('',#12640);
#12660=EDGE_CURVE('',#12650,#12570,#12630,.T.);
#12670=ORIENTED_EDGE('',*,*,#12660,.T.);
#12680=CARTESIAN_POINT('',(38.115,57.3198126169906,-0.669800000000002));
#12690=DIRECTION('',(1.,0.,0.));
#12700=VECTOR('',#12690,1.);
#12710=LINE('',#12680,#12700);
#12720=CARTESIAN_POINT('',(38.235,57.3198126169906,-0.669800000000002));
#12730=VERTEX_POINT('',#12720);
#12740=EDGE_CURVE('',#12650,#12730,#12710,.T.);
#12750=ORIENTED_EDGE('',*,*,#12740,.F.);
#12760=CARTESIAN_POINT('',(38.235,57.3198126169906,-0.669800000000002));
#12770=DIRECTION('',(0.,1.,0.));
#12780=VECTOR('',#12770,1.);
#12790=LINE('',#12760,#12780);
#12800=CARTESIAN_POINT('',(38.235,57.3698126169906,-0.669800000000002));
#12810=VERTEX_POINT('',#12800);
#12820=EDGE_CURVE('',#12730,#12810,#12790,.T.);
#12830=ORIENTED_EDGE('',*,*,#12820,.F.);
#12840=CARTESIAN_POINT('',(38.615,57.3698126169906,-0.669800000000002));
#12850=DIRECTION('',(-1.,0.,0.));
#12860=VECTOR('',#12850,1.);
#12870=LINE('',#12840,#12860);
#12880=CARTESIAN_POINT('',(38.615,57.3698126169906,-0.669800000000002));
#12890=VERTEX_POINT('',#12880);
#12900=EDGE_CURVE('',#12890,#12810,#12870,.T.);
#12910=ORIENTED_EDGE('',*,*,#12900,.T.);
#12920=CARTESIAN_POINT('',(38.615,57.3198126169906,-0.669800000000002));
#12930=DIRECTION('',(0.,1.,0.));
#12940=VECTOR('',#12930,1.);
#12950=LINE('',#12920,#12940);
#12960=CARTESIAN_POINT('',(38.615,57.3198126169906,-0.669800000000002));
#12970=VERTEX_POINT('',#12960);
#12980=EDGE_CURVE('',#12970,#12890,#12950,.T.);
#12990=ORIENTED_EDGE('',*,*,#12980,.T.);
#13000=CARTESIAN_POINT('',(38.615,57.3198126169906,-0.669800000000002));
#13010=DIRECTION('',(1.,0.,0.));
#13020=VECTOR('',#13010,1.);
#13030=LINE('',#13000,#13020);
#13040=CARTESIAN_POINT('',(38.735,57.3198126169906,-0.669800000000002));
#13050=VERTEX_POINT('',#13040);
#13060=EDGE_CURVE('',#12970,#13050,#13030,.T.);
#13070=ORIENTED_EDGE('',*,*,#13060,.F.);
#13080=CARTESIAN_POINT('',(38.735,57.3198126169906,-0.669800000000002));
#13090=DIRECTION('',(0.,1.,0.));
#13100=VECTOR('',#13090,1.);
#13110=LINE('',#13080,#13100);
#13120=CARTESIAN_POINT('',(38.735,57.3698126169906,-0.669800000000002));
#13130=VERTEX_POINT('',#13120);
#13140=EDGE_CURVE('',#13050,#13130,#13110,.T.);
#13150=ORIENTED_EDGE('',*,*,#13140,.F.);
#13160=CARTESIAN_POINT('',(39.115,57.3698126169906,-0.669800000000002));
#13170=DIRECTION('',(-1.,0.,0.));
#13180=VECTOR('',#13170,1.);
#13190=LINE('',#13160,#13180);
#13200=EDGE_CURVE('',#1690,#13130,#13190,.T.);
#13210=ORIENTED_EDGE('',*,*,#13200,.T.);
#13220=ORIENTED_EDGE('',*,*,#1700,.T.);
#13230=CARTESIAN_POINT('',(39.115,57.3198126169906,-0.669800000000002));
#13240=DIRECTION('',(1.,0.,0.));
#13250=VECTOR('',#13240,1.);
#13260=LINE('',#13230,#13250);
#13270=CARTESIAN_POINT('',(39.235,57.3198126169906,-0.669800000000002));
#13280=VERTEX_POINT('',#13270);
#13290=EDGE_CURVE('',#1610,#13280,#13260,.T.);
#13300=ORIENTED_EDGE('',*,*,#13290,.F.);
#13310=CARTESIAN_POINT('',(39.235,57.3198126169906,-0.669800000000002));
#13320=DIRECTION('',(0.,1.,0.));
#13330=VECTOR('',#13320,1.);
#13340=LINE('',#13310,#13330);
#13350=CARTESIAN_POINT('',(39.235,57.3698126169906,-0.669800000000002));
#13360=VERTEX_POINT('',#13350);
#13370=EDGE_CURVE('',#13280,#13360,#13340,.T.);
#13380=ORIENTED_EDGE('',*,*,#13370,.F.);
#13390=CARTESIAN_POINT('',(39.615,57.3698126169906,-0.669800000000002));
#13400=DIRECTION('',(-1.,0.,0.));
#13410=VECTOR('',#13400,1.);
#13420=LINE('',#13390,#13410);
#13430=EDGE_CURVE('',#9040,#13360,#13420,.T.);
#13440=ORIENTED_EDGE('',*,*,#13430,.T.);
#13450=ORIENTED_EDGE('',*,*,#9050,.T.);
#13460=ORIENTED_EDGE('',*,*,#11660,.F.);
#13470=ORIENTED_EDGE('',*,*,#6170,.F.);
#13480=ORIENTED_EDGE('',*,*,#5850,.T.);
#13490=CARTESIAN_POINT('',(40.575,57.1698126169906,-0.669800000000002));
#13500=DIRECTION('',(0.,1.,0.));
#13510=VECTOR('',#13500,1.);
#13520=LINE('',#13490,#13510);
#13530=CARTESIAN_POINT('',(40.575,57.1698126169906,-0.669800000000002));
#13540=VERTEX_POINT('',#13530);
#13550=EDGE_CURVE('',#13540,#5760,#13520,.T.);
#13560=ORIENTED_EDGE('',*,*,#13550,.T.);
#13570=CARTESIAN_POINT('',(36.275,57.1698126169906,-0.669800000000002));
#13580=DIRECTION('',(1.,0.,0.));
#13590=VECTOR('',#13580,1.);
#13600=LINE('',#13570,#13590);
#13610=EDGE_CURVE('',#11830,#13540,#13600,.T.);
#13620=ORIENTED_EDGE('',*,*,#13610,.T.);
#13630=EDGE_LOOP('',(#13620,#13560,#13480,#13470,#13460,#13450,#13440,
#13380,#13300,#13220,#13210,#13150,#13070,#12990,#12910,#12830,#12750,
#12670,#12590,#12510,#12430,#12350,#12270,#12190,#12110,#12030,#11950,
#11870));
#13640=FACE_OUTER_BOUND('',#13630,.T.);
#13650=ADVANCED_FACE('',(#13640),#11770,.T.);
#13660=CARTESIAN_POINT('',(24.925,57.1698126169906,-0.669800000000002));
#13670=DIRECTION('',(0.,1.,-1.88737914186277E-16));
#13680=DIRECTION('',(0.,-1.88737914186277E-16,-1.));
#13690=AXIS2_PLACEMENT_3D('',#13660,#13670,#13680);
#13700=PLANE('',#13690);
#13710=CARTESIAN_POINT('',(36.275,57.1698126169906,-5.5198));
#13720=DIRECTION('',(0.,0.,1.));
#13730=VECTOR('',#13720,1.);
#13740=LINE('',#13710,#13730);
#13750=CARTESIAN_POINT('',(36.275,57.1698126169906,-5.5198));
#13760=VERTEX_POINT('',#13750);
#13770=EDGE_CURVE('',#13760,#11830,#13740,.T.);
#13780=ORIENTED_EDGE('',*,*,#13770,.F.);
#13790=ORIENTED_EDGE('',*,*,#13610,.F.);
#13800=CARTESIAN_POINT('',(40.575,57.1698126169906,-5.5198));
#13810=DIRECTION('',(0.,0.,1.));
#13820=VECTOR('',#13810,1.);
#13830=LINE('',#13800,#13820);
#13840=CARTESIAN_POINT('',(40.575,57.1698126169906,-5.5198));
#13850=VERTEX_POINT('',#13840);
#13860=EDGE_CURVE('',#13850,#13540,#13830,.T.);
#13870=ORIENTED_EDGE('',*,*,#13860,.T.);
#13880=CARTESIAN_POINT('',(36.275,57.1698126169906,-5.5198));
#13890=DIRECTION('',(1.,0.,0.));
#13900=VECTOR('',#13890,1.);
#13910=LINE('',#13880,#13900);
#13920=EDGE_CURVE('',#13760,#13850,#13910,.T.);
#13930=ORIENTED_EDGE('',*,*,#13920,.T.);
#13940=EDGE_LOOP('',(#13930,#13870,#13790,#13780));
#13950=FACE_OUTER_BOUND('',#13940,.T.);
#13960=ADVANCED_FACE('',(#13950),#13700,.F.);
#13970=CARTESIAN_POINT('',(25.425,57.1698126169906,-5.5198));
#13980=DIRECTION('',(0.,0.,1.));
#13990=DIRECTION('',(0.,1.,0.));
#14000=AXIS2_PLACEMENT_3D('',#13970,#13980,#13990);
#14010=PLANE('',#14000);
#14020=CARTESIAN_POINT('',(36.64,58.2198126169906,-5.5198));
#14030=DIRECTION('',(0.,-1.,0.));
#14040=VECTOR('',#14030,1.);
#14050=LINE('',#14020,#14040);
#14060=CARTESIAN_POINT('',(36.64,58.2198126169906,-5.5198));
#14070=VERTEX_POINT('',#14060);
#14080=CARTESIAN_POINT('',(36.64,57.3698126169906,-5.5198));
#14090=VERTEX_POINT('',#14080);
#14100=EDGE_CURVE('',#14070,#14090,#14050,.T.);
#14110=ORIENTED_EDGE('',*,*,#14100,.T.);
#14120=CARTESIAN_POINT('',(36.64,58.2198126169906,-5.5198));
#14130=DIRECTION('',(-1.,0.,0.));
#14140=VECTOR('',#14130,1.);
#14150=LINE('',#14120,#14140);
#14160=CARTESIAN_POINT('',(35.6625,58.2198126169906,-5.5198));
#14170=VERTEX_POINT('',#14160);
#14180=EDGE_CURVE('',#14070,#14170,#14150,.T.);
#14190=ORIENTED_EDGE('',*,*,#14180,.F.);
#14200=CARTESIAN_POINT('',(35.6625,57.3698126169906,-5.5198));
#14210=DIRECTION('',(0.,1.,0.));
#14220=VECTOR('',#14210,1.);
#14230=LINE('',#14200,#14220);
#14240=CARTESIAN_POINT('',(35.6625,57.3698126169906,-5.5198));
#14250=VERTEX_POINT('',#14240);
#14260=EDGE_CURVE('',#14250,#14170,#14230,.T.);
#14270=ORIENTED_EDGE('',*,*,#14260,.T.);
#14280=CARTESIAN_POINT('',(35.6625,57.3698126169906,-5.5198));
#14290=DIRECTION('',(1.,0.,0.));
#14300=VECTOR('',#14290,1.);
#14310=LINE('',#14280,#14300);
#14320=CARTESIAN_POINT('',(36.275,57.3698126169906,-5.5198));
#14330=VERTEX_POINT('',#14320);
#14340=EDGE_CURVE('',#14250,#14330,#14310,.T.);
#14350=ORIENTED_EDGE('',*,*,#14340,.F.);
#14360=CARTESIAN_POINT('',(36.275,57.1698126169906,-5.5198));
#14370=DIRECTION('',(0.,1.,0.));
#14380=VECTOR('',#14370,1.);
#14390=LINE('',#14360,#14380);
#14400=EDGE_CURVE('',#13760,#14330,#14390,.T.);
#14410=ORIENTED_EDGE('',*,*,#14400,.T.);
#14420=ORIENTED_EDGE('',*,*,#13920,.F.);
#14430=CARTESIAN_POINT('',(40.575,57.1698126169906,-5.5198));
#14440=DIRECTION('',(0.,1.,0.));
#14450=VECTOR('',#14440,1.);
#14460=LINE('',#14430,#14450);
#14470=EDGE_CURVE('',#13850,#5680,#14460,.T.);
#14480=ORIENTED_EDGE('',*,*,#14470,.F.);
#14490=ORIENTED_EDGE('',*,*,#5690,.T.);
#14500=CARTESIAN_POINT('',(41.1875,58.2198126169906,-5.5198));
#14510=DIRECTION('',(0.,-1.,0.));
#14520=VECTOR('',#14510,1.);
#14530=LINE('',#14500,#14520);
#14540=CARTESIAN_POINT('',(41.1875,58.2198126169906,-5.5198));
#14550=VERTEX_POINT('',#14540);
#14560=EDGE_CURVE('',#14550,#5600,#14530,.T.);
#14570=ORIENTED_EDGE('',*,*,#14560,.T.);
#14580=CARTESIAN_POINT('',(40.21,58.2198126169906,-5.5198));
#14590=DIRECTION('',(1.,0.,0.));
#14600=VECTOR('',#14590,1.);
#14610=LINE('',#14580,#14600);
#14620=CARTESIAN_POINT('',(40.21,58.2198126169906,-5.5198));
#14630=VERTEX_POINT('',#14620);
#14640=EDGE_CURVE('',#14630,#14550,#14610,.T.);
#14650=ORIENTED_EDGE('',*,*,#14640,.T.);
#14660=CARTESIAN_POINT('',(40.21,58.2198126169906,-5.5198));
#14670=DIRECTION('',(0.,-1.,0.));
#14680=VECTOR('',#14670,1.);
#14690=LINE('',#14660,#14680);
#14700=CARTESIAN_POINT('',(40.21,57.3698126169906,-5.5198));
#14710=VERTEX_POINT('',#14700);
#14720=EDGE_CURVE('',#14630,#14710,#14690,.T.);
#14730=ORIENTED_EDGE('',*,*,#14720,.F.);
#14740=CARTESIAN_POINT('',(36.64,57.3698126169906,-5.5198));
#14750=DIRECTION('',(1.,0.,0.));
#14760=VECTOR('',#14750,1.);
#14770=LINE('',#14740,#14760);
#14780=EDGE_CURVE('',#14090,#14710,#14770,.T.);
#14790=ORIENTED_EDGE('',*,*,#14780,.T.);
#14800=EDGE_LOOP('',(#14790,#14730,#14650,#14570,#14490,#14480,#14420,
#14410,#14350,#14270,#14190,#14110));
#14810=FACE_OUTER_BOUND('',#14800,.T.);
#14820=ADVANCED_FACE('',(#14810),#14010,.F.);
#14830=CARTESIAN_POINT('',(27.425,57.5798126169906,-4.6198));
#14840=DIRECTION('',(0.,0.973841209741793,-0.227229615606418));
#14850=DIRECTION('',(0.,0.227229615606418,0.973841209741793));
#14860=AXIS2_PLACEMENT_3D('',#14830,#14840,#14850);
#14870=PLANE('',#14860);
#14880=CARTESIAN_POINT('',(36.64,57.5798126169906,-4.61979999999985));
#14890=DIRECTION('',(0.,-0.22722961560642,-0.973841209741793));
#14900=VECTOR('',#14890,1.);
#14910=LINE('',#14880,#14900);
#14920=CARTESIAN_POINT('',(36.64,57.5798126169906,-4.61979999999993));
#14930=VERTEX_POINT('',#14920);
#14940=EDGE_CURVE('',#14930,#14090,#14910,.T.);
#14950=ORIENTED_EDGE('',*,*,#14940,.F.);
#14960=ORIENTED_EDGE('',*,*,#14780,.F.);
#14970=CARTESIAN_POINT('',(40.21,57.3698126169906,-5.5198));
#14980=DIRECTION('',(0.,0.227229615606419,0.973841209741793));
#14990=VECTOR('',#14980,1.);
#15000=LINE('',#14970,#14990);
#15010=CARTESIAN_POINT('',(40.21,57.5798126169906,-4.6198));
#15020=VERTEX_POINT('',#15010);
#15030=EDGE_CURVE('',#14710,#15020,#15000,.T.);
#15040=ORIENTED_EDGE('',*,*,#15030,.F.);
#15050=CARTESIAN_POINT('',(36.64,57.5798126169906,-4.6198));
#15060=DIRECTION('',(1.,0.,0.));
#15070=VECTOR('',#15060,1.);
#15080=LINE('',#15050,#15070);
#15090=EDGE_CURVE('',#14930,#15020,#15080,.T.);
#15100=ORIENTED_EDGE('',*,*,#15090,.T.);
#15110=EDGE_LOOP('',(#15100,#15040,#14960,#14950));
#15120=FACE_OUTER_BOUND('',#15110,.T.);
#15130=ADVANCED_FACE('',(#15120),#14870,.T.);
#15140=CARTESIAN_POINT('',(27.425,57.5798126169906,-2.2198));
#15150=DIRECTION('',(0.,1.,-1.06974614351903E-16));
#15160=DIRECTION('',(0.,1.06974614351903E-16,1.));
#15170=AXIS2_PLACEMENT_3D('',#15140,#15150,#15160);
#15180=PLANE('',#15170);
#15190=CARTESIAN_POINT('',(36.64,57.5798126169906,-4.6198));
#15200=DIRECTION('',(0.,0.,1.));
#15210=VECTOR('',#15200,1.);
#15220=LINE('',#15190,#15210);
#15230=CARTESIAN_POINT('',(36.64,57.5798126169906,-2.2198));
#15240=VERTEX_POINT('',#15230);
#15250=EDGE_CURVE('',#14930,#15240,#15220,.T.);
#15260=ORIENTED_EDGE('',*,*,#15250,.T.);
#15270=ORIENTED_EDGE('',*,*,#15090,.F.);
#15280=CARTESIAN_POINT('',(40.21,57.5798126169906,-4.6198));
#15290=DIRECTION('',(0.,0.,1.));
#15300=VECTOR('',#15290,1.);
#15310=LINE('',#15280,#15300);
#15320=CARTESIAN_POINT('',(40.21,57.5798126169906,-2.2198));
#15330=VERTEX_POINT('',#15320);
#15340=EDGE_CURVE('',#15020,#15330,#15310,.T.);
#15350=ORIENTED_EDGE('',*,*,#15340,.F.);
#15360=CARTESIAN_POINT('',(36.64,57.5798126169906,-2.2198));
#15370=DIRECTION('',(1.,0.,0.));
#15380=VECTOR('',#15370,1.);
#15390=LINE('',#15360,#15380);
#15400=EDGE_CURVE('',#15240,#15330,#15390,.T.);
#15410=ORIENTED_EDGE('',*,*,#15400,.T.);
#15420=EDGE_LOOP('',(#15410,#15350,#15270,#15260));
#15430=FACE_OUTER_BOUND('',#15420,.T.);
#15440=ADVANCED_FACE('',(#15430),#15180,.T.);
#15450=CARTESIAN_POINT('',(27.425,57.6698126169906,-1.61980000000001));
#15460=DIRECTION('',(0.,0.988936352868298,-0.148340452930245));
#15470=DIRECTION('',(0.,0.148340452930245,0.988936352868298));
#15480=AXIS2_PLACEMENT_3D('',#15450,#15460,#15470);
#15490=PLANE('',#15480);
#15500=CARTESIAN_POINT('',(36.64,57.6698126169906,-1.61980000000001));
#15510=DIRECTION('',(0.,-0.148340452930241,-0.988936352868298));
#15520=VECTOR('',#15510,1.);
#15530=LINE('',#15500,#15520);
#15540=CARTESIAN_POINT('',(36.64,57.6698126169906,-1.61980000000001));
#15550=VERTEX_POINT('',#15540);
#15560=EDGE_CURVE('',#15550,#15240,#15530,.T.);
#15570=ORIENTED_EDGE('',*,*,#15560,.F.);
#15580=ORIENTED_EDGE('',*,*,#15400,.F.);
#15590=CARTESIAN_POINT('',(40.21,57.5798126169906,-2.2198));
#15600=DIRECTION('',(0.,0.148340452930241,0.988936352868298));
#15610=VECTOR('',#15600,1.);
#15620=LINE('',#15590,#15610);
#15630=CARTESIAN_POINT('',(40.21,57.6698126169906,-1.61980000000001));
#15640=VERTEX_POINT('',#15630);
#15650=EDGE_CURVE('',#15330,#15640,#15620,.T.);
#15660=ORIENTED_EDGE('',*,*,#15650,.F.);
#15670=CARTESIAN_POINT('',(40.21,57.6698126169906,-1.61980000000001));
#15680=DIRECTION('',(-1.,0.,0.));
#15690=VECTOR('',#15680,1.);
#15700=LINE('',#15670,#15690);
#15710=EDGE_CURVE('',#15640,#15550,#15700,.T.);
#15720=ORIENTED_EDGE('',*,*,#15710,.F.);
#15730=EDGE_LOOP('',(#15720,#15660,#15580,#15570));
#15740=FACE_OUTER_BOUND('',#15730,.T.);
#15750=ADVANCED_FACE('',(#15740),#15490,.T.);
#15760=CARTESIAN_POINT('',(27.425,57.6698126169906,-1.2198));
#15770=DIRECTION('',(0.,-1.,1.38777878078145E-16));
#15780=DIRECTION('',(0.,-1.38777878078145E-16,-1.));
#15790=AXIS2_PLACEMENT_3D('',#15760,#15770,#15780);
#15800=PLANE('',#15790);
#15810=CARTESIAN_POINT('',(36.64,57.6698126169906,-1.2198));
#15820=DIRECTION('',(1.,0.,0.));
#15830=VECTOR('',#15820,1.);
#15840=LINE('',#15810,#15830);
#15850=CARTESIAN_POINT('',(36.64,57.6698126169906,-1.2198));
#15860=VERTEX_POINT('',#15850);
#15870=CARTESIAN_POINT('',(40.21,57.6698126169906,-1.2198));
#15880=VERTEX_POINT('',#15870);
#15890=EDGE_CURVE('',#15860,#15880,#15840,.T.);
#15900=ORIENTED_EDGE('',*,*,#15890,.T.);
#15910=CARTESIAN_POINT('',(36.64,57.6698126169906,-1.2198));
#15920=DIRECTION('',(0.,0.,-1.));
#15930=VECTOR('',#15920,1.);
#15940=LINE('',#15910,#15930);
#15950=EDGE_CURVE('',#15860,#15550,#15940,.T.);
#15960=ORIENTED_EDGE('',*,*,#15950,.F.);
#15970=ORIENTED_EDGE('',*,*,#15710,.T.);
#15980=CARTESIAN_POINT('',(40.21,57.6698126169906,-1.2198));
#15990=DIRECTION('',(0.,0.,-1.));
#16000=VECTOR('',#15990,1.);
#16010=LINE('',#15980,#16000);
#16020=EDGE_CURVE('',#15880,#15640,#16010,.T.);
#16030=ORIENTED_EDGE('',*,*,#16020,.T.);
#16040=EDGE_LOOP('',(#16030,#15970,#15960,#15900));
#16050=FACE_OUTER_BOUND('',#16040,.T.);
#16060=ADVANCED_FACE('',(#16050),#15800,.F.);
#16070=CARTESIAN_POINT('',(40.21,57.6052126169906,0.101399999999998));
#16080=DIRECTION('',(-1.,0.,0.));
#16090=DIRECTION('',(0.,0.,1.));
#16100=AXIS2_PLACEMENT_3D('',#16070,#16080,#16090);
#16110=PLANE('',#16100);
#16120=ORIENTED_EDGE('',*,*,#15030,.T.);
#16130=ORIENTED_EDGE('',*,*,#14720,.T.);
#16140=CARTESIAN_POINT('',(40.21,58.2198126169906,-5.3198));
#16150=DIRECTION('',(0.,0.,-1.));
#16160=VECTOR('',#16150,1.);
#16170=LINE('',#16140,#16160);
#16180=CARTESIAN_POINT('',(40.21,58.2198126169906,-5.3198));
#16190=VERTEX_POINT('',#16180);
#16200=EDGE_CURVE('',#16190,#14630,#16170,.T.);
#16210=ORIENTED_EDGE('',*,*,#16200,.T.);
#16220=CARTESIAN_POINT('',(40.21,58.2198126169906,-5.3198));
#16230=DIRECTION('',(0.,1.,0.));
#16240=VECTOR('',#16230,1.);
#16250=LINE('',#16220,#16240);
#16260=CARTESIAN_POINT('',(40.21,58.2798126169905,-5.3198));
#16270=VERTEX_POINT('',#16260);
#16280=EDGE_CURVE('',#16190,#16270,#16250,.T.);
#16290=ORIENTED_EDGE('',*,*,#16280,.F.);
#16300=CARTESIAN_POINT('',(40.21,58.2798126169905,-3.96979999999999));
#16310=DIRECTION('',(0.,0.,-1.));
#16320=VECTOR('',#16310,1.);
#16330=LINE('',#16300,#16320);
#16340=CARTESIAN_POINT('',(40.21,58.2798126169905,-3.96979999999999));
#16350=VERTEX_POINT('',#16340);
#16360=EDGE_CURVE('',#16350,#16270,#16330,.T.);
#16370=ORIENTED_EDGE('',*,*,#16360,.T.);
#16380=CARTESIAN_POINT('',(40.21,58.0498126169905,-3.96979999999999));
#16390=DIRECTION('',(0.,1.,0.));
#16400=VECTOR('',#16390,1.);
#16410=LINE('',#16380,#16400);
#16420=CARTESIAN_POINT('',(40.21,58.0498126169905,-3.96979999999999));
#16430=VERTEX_POINT('',#16420);
#16440=EDGE_CURVE('',#16430,#16350,#16410,.T.);
#16450=ORIENTED_EDGE('',*,*,#16440,.T.);
#16460=CARTESIAN_POINT('',(40.21,58.0498126169905,-3.18979999999999));
#16470=DIRECTION('',(0.,0.,-1.));
#16480=VECTOR('',#16470,1.);
#16490=LINE('',#16460,#16480);
#16500=CARTESIAN_POINT('',(40.21,58.0498126169905,-3.18979999999999));
#16510=VERTEX_POINT('',#16500);
#16520=EDGE_CURVE('',#16510,#16430,#16490,.T.);
#16530=ORIENTED_EDGE('',*,*,#16520,.T.);
#16540=CARTESIAN_POINT('',(40.21,57.8848126169905,-3.18979999999999));
#16550=DIRECTION('',(0.,1.,0.));
#16560=VECTOR('',#16550,1.);
#16570=LINE('',#16540,#16560);
#16580=CARTESIAN_POINT('',(40.21,57.9348126169905,-3.18979999999999));
#16590=VERTEX_POINT('',#16580);
#16600=EDGE_CURVE('',#16590,#16510,#16570,.T.);
#16610=ORIENTED_EDGE('',*,*,#16600,.T.);
#16620=CARTESIAN_POINT('',(40.21,57.9348126169905,-3.18979999999999));
#16630=DIRECTION('',(0.,0.,1.));
#16640=VECTOR('',#16630,1.);
#16650=LINE('',#16620,#16640);
#16660=CARTESIAN_POINT('',(40.21,57.9348126169905,-2.0598));
#16670=VERTEX_POINT('',#16660);
#16680=EDGE_CURVE('',#16590,#16670,#16650,.T.);
#16690=ORIENTED_EDGE('',*,*,#16680,.F.);
#16700=CARTESIAN_POINT('',(40.21,58.1564792836573,-2.0598));
#16710=DIRECTION('',(0.,-1.,0.));
#16720=VECTOR('',#16710,1.);
#16730=LINE('',#16700,#16720);
#16740=CARTESIAN_POINT('',(40.21,58.1564792836573,-2.0598));
#16750=VERTEX_POINT('',#16740);
#16760=EDGE_CURVE('',#16750,#16670,#16730,.T.);
#16770=ORIENTED_EDGE('',*,*,#16760,.T.);
#16780=CARTESIAN_POINT('',(40.21,58.0398126169906,-1.5698));
#16790=DIRECTION('',(0.,0.231620527306094,-0.972806214685354));
#16800=VECTOR('',#16790,1.);
#16810=LINE('',#16780,#16800);
#16820=CARTESIAN_POINT('',(40.21,58.0398126169906,-1.5698));
#16830=VERTEX_POINT('',#16820);
#16840=EDGE_CURVE('',#16830,#16750,#16810,.T.);
#16850=ORIENTED_EDGE('',*,*,#16840,.T.);
#16860=CARTESIAN_POINT('',(40.21,58.0398126169906,-1.2198));
#16870=DIRECTION('',(0.,0.,-1.));
#16880=VECTOR('',#16870,1.);
#16890=LINE('',#16860,#16880);
#16900=CARTESIAN_POINT('',(40.21,58.0398126169906,-1.2198));
#16910=VERTEX_POINT('',#16900);
#16920=EDGE_CURVE('',#16910,#16830,#16890,.T.);
#16930=ORIENTED_EDGE('',*,*,#16920,.T.);
#16940=CARTESIAN_POINT('',(40.21,57.6698126169906,-1.2198));
#16950=DIRECTION('',(0.,1.,0.));
#16960=VECTOR('',#16950,1.);
#16970=LINE('',#16940,#16960);
#16980=EDGE_CURVE('',#15880,#16910,#16970,.T.);
#16990=ORIENTED_EDGE('',*,*,#16980,.T.);
#17000=ORIENTED_EDGE('',*,*,#16020,.F.);
#17010=ORIENTED_EDGE('',*,*,#15650,.T.);
#17020=ORIENTED_EDGE('',*,*,#15340,.T.);
#17030=EDGE_LOOP('',(#17020,#17010,#17000,#16990,#16930,#16850,#16770,
#16690,#16610,#16530,#16450,#16370,#16290,#16210,#16130,#16120));
#17040=FACE_OUTER_BOUND('',#17030,.T.);
#17050=ADVANCED_FACE('',(#17040),#16110,.T.);
#17060=CARTESIAN_POINT('',(40.78,58.2198126169906,-5.3698));
#17070=DIRECTION('',(0.,-1.,0.));
#17080=DIRECTION('',(0.,0.,-1.));
#17090=AXIS2_PLACEMENT_3D('',#17060,#17070,#17080);
#17100=PLANE('',#17090);
#17110=ORIENTED_EDGE('',*,*,#16200,.F.);
#17120=ORIENTED_EDGE('',*,*,#14640,.F.);
#17130=CARTESIAN_POINT('',(41.1875,58.2198126169906,-5.3198));
#17140=DIRECTION('',(0.,0.,-1.));
#17150=VECTOR('',#17140,1.);
#17160=LINE('',#17130,#17150);
#17170=CARTESIAN_POINT('',(41.1875,58.2198126169906,-5.3198));
#17180=VERTEX_POINT('',#17170);
#17190=EDGE_CURVE('',#17180,#14550,#17160,.T.);
#17200=ORIENTED_EDGE('',*,*,#17190,.T.);
#17210=CARTESIAN_POINT('',(40.21,58.2198126169906,-5.3198));
#17220=DIRECTION('',(1.,0.,0.));
#17230=VECTOR('',#17220,1.);
#17240=LINE('',#17210,#17230);
#17250=EDGE_CURVE('',#16190,#17180,#17240,.T.);
#17260=ORIENTED_EDGE('',*,*,#17250,.T.);
#17270=EDGE_LOOP('',(#17260,#17200,#17120,#17110));
#17280=FACE_OUTER_BOUND('',#17270,.T.);
#17290=ADVANCED_FACE('',(#17280),#17100,.F.);
#17300=CARTESIAN_POINT('',(27.425,58.1173126169906,-5.3198));
#17310=DIRECTION('',(0.,0.,1.));
#17320=DIRECTION('',(-1.,0.,0.));
#17330=AXIS2_PLACEMENT_3D('',#17300,#17310,#17320);
#17340=PLANE('',#17330);
#17350=CARTESIAN_POINT('',(41.1875,57.5698126169906,-5.3198));
#17360=DIRECTION('',(1.,0.,0.));
#17370=VECTOR('',#17360,1.);
#17380=LINE('',#17350,#17370);
#17390=CARTESIAN_POINT('',(41.1875,57.5698126169906,-5.3198));
#17400=VERTEX_POINT('',#17390);
#17410=CARTESIAN_POINT('',(41.2,57.5698126169906,-5.3198));
#17420=VERTEX_POINT('',#17410);
#17430=EDGE_CURVE('',#17400,#17420,#17380,.T.);
#17440=ORIENTED_EDGE('',*,*,#17430,.F.);
#17450=CARTESIAN_POINT('',(41.2,58.2498126169906,-5.3198));
#17460=DIRECTION('',(0.,-1.,0.));
#17470=VECTOR('',#17460,1.);
#17480=LINE('',#17450,#17470);
#17490=CARTESIAN_POINT('',(41.2,58.2498126169906,-5.3198));
#17500=VERTEX_POINT('',#17490);
#17510=EDGE_CURVE('',#17500,#17420,#17480,.T.);
#17520=ORIENTED_EDGE('',*,*,#17510,.T.);
#17530=CARTESIAN_POINT('',(41.2,58.2498126169906,-5.3198));
#17540=DIRECTION('',(1.,0.,0.));
#17550=VECTOR('',#17540,1.);
#17560=LINE('',#17530,#17550);
#17570=CARTESIAN_POINT('',(41.35,58.2498126169906,-5.3198));
#17580=VERTEX_POINT('',#17570);
#17590=EDGE_CURVE('',#17500,#17580,#17560,.T.);
#17600=ORIENTED_EDGE('',*,*,#17590,.F.);
#17610=CARTESIAN_POINT('',(41.35,58.2498126169906,-5.3198));
#17620=DIRECTION('',(0.,-1.,0.));
#17630=VECTOR('',#17620,1.);
#17640=LINE('',#17610,#17630);
#17650=CARTESIAN_POINT('',(41.35,57.5698126169906,-5.3198));
#17660=VERTEX_POINT('',#17650);
#17670=EDGE_CURVE('',#17580,#17660,#17640,.T.);
#17680=ORIENTED_EDGE('',*,*,#17670,.F.);
#17690=CARTESIAN_POINT('',(41.35,57.5698126169906,-5.3198));
#17700=DIRECTION('',(1.,0.,0.));
#17710=VECTOR('',#17700,1.);
#17720=LINE('',#17690,#17710);
#17730=CARTESIAN_POINT('',(42.075,57.5698126169906,-5.3198));
#17740=VERTEX_POINT('',#17730);
#17750=EDGE_CURVE('',#17660,#17740,#17720,.T.);
#17760=ORIENTED_EDGE('',*,*,#17750,.F.);
#17770=CARTESIAN_POINT('',(42.075,57.5698126169906,-5.3198));
#17780=DIRECTION('',(0.,1.,0.));
#17790=VECTOR('',#17780,1.);
#17800=LINE('',#17770,#17790);
#17810=CARTESIAN_POINT('',(42.075,58.8698126169906,-5.3198));
#17820=VERTEX_POINT('',#17810);
#17830=EDGE_CURVE('',#17740,#17820,#17800,.T.);
#17840=ORIENTED_EDGE('',*,*,#17830,.F.);
#17850=CARTESIAN_POINT('',(42.075,58.8698126169906,-5.3198));
#17860=DIRECTION('',(-1.,0.,0.));
#17870=VECTOR('',#17860,1.);
#17880=LINE('',#17850,#17870);
#17890=CARTESIAN_POINT('',(41.72,58.8698126169906,-5.3198));
#17900=VERTEX_POINT('',#17890);
#17910=EDGE_CURVE('',#17820,#17900,#17880,.T.);
#17920=ORIENTED_EDGE('',*,*,#17910,.F.);
#17930=CARTESIAN_POINT('',(41.5700000000001,58.7198126169906,-5.3198));
#17940=DIRECTION('',(0.707106781186581,0.707106781186514,0.));
#17950=VECTOR('',#17940,1.);
#17960=LINE('',#17930,#17950);
#17970=CARTESIAN_POINT('',(41.5700000000001,58.7198126169906,-5.3198));
#17980=VERTEX_POINT('',#17970);
#17990=EDGE_CURVE('',#17980,#17900,#17960,.T.);
#18000=ORIENTED_EDGE('',*,*,#17990,.T.);
#18010=CARTESIAN_POINT('',(41.57,58.7198126169906,-5.3198));
#18020=DIRECTION('',(-1.,0.,0.));
#18030=VECTOR('',#18020,1.);
#18040=LINE('',#18010,#18030);
#18050=CARTESIAN_POINT('',(41.51,58.7198126169906,-5.3198));
#18060=VERTEX_POINT('',#18050);
#18070=EDGE_CURVE('',#17980,#18060,#18040,.T.);
#18080=ORIENTED_EDGE('',*,*,#18070,.F.);
#18090=CARTESIAN_POINT('',(41.51,58.7198126169906,-5.3198));
#18100=DIRECTION('',(0.,-1.,0.));
#18110=VECTOR('',#18100,1.);
#18120=LINE('',#18090,#18110);
#18130=CARTESIAN_POINT('',(41.51,58.2798126169905,-5.3198));
#18140=VERTEX_POINT('',#18130);
#18150=EDGE_CURVE('',#18060,#18140,#18120,.T.);
#18160=ORIENTED_EDGE('',*,*,#18150,.F.);
#18170=CARTESIAN_POINT('',(41.51,58.2798126169905,-5.3198));
#18180=DIRECTION('',(-1.,0.,0.));
#18190=VECTOR('',#18180,1.);
#18200=LINE('',#18170,#18190);
#18210=EDGE_CURVE('',#18140,#16270,#18200,.T.);
#18220=ORIENTED_EDGE('',*,*,#18210,.F.);
#18230=ORIENTED_EDGE('',*,*,#16280,.T.);
#18240=ORIENTED_EDGE('',*,*,#17250,.F.);
#18250=CARTESIAN_POINT('',(41.1875,58.2198126169906,-5.3198));
#18260=DIRECTION('',(0.,-1.,0.));
#18270=VECTOR('',#18260,1.);
#18280=LINE('',#18250,#18270);
#18290=EDGE_CURVE('',#17180,#17400,#18280,.T.);
#18300=ORIENTED_EDGE('',*,*,#18290,.F.);
#18310=EDGE_LOOP('',(#18300,#18240,#18230,#18220,#18160,#18080,#18000,
#17920,#17840,#17760,#17680,#17600,#17520,#17440));
#18320=FACE_OUTER_BOUND('',#18310,.T.);
#18330=ADVANCED_FACE('',(#18320),#17340,.F.);
#18340=CARTESIAN_POINT('',(41.1875,57.5698126169906,-5.3198));
#18350=DIRECTION('',(-1.,0.,0.));
#18360=DIRECTION('',(0.,-2.1350442781253E-16,-1.));
#18370=AXIS2_PLACEMENT_3D('',#18340,#18350,#18360);
#18380=PLANE('',#18370);
#18390=ORIENTED_EDGE('',*,*,#17190,.F.);
#18400=ORIENTED_EDGE('',*,*,#14560,.F.);
#18410=ORIENTED_EDGE('',*,*,#5610,.F.);
#18420=CARTESIAN_POINT('',(41.1875,57.4398126169906,-3.2998));
#18430=DIRECTION('',(0.,-0.422885465331127,0.906183139995264));
#18440=VECTOR('',#18430,1.);
#18450=LINE('',#18420,#18440);
#18460=CARTESIAN_POINT('',(41.1875,57.4398126169906,-3.2998));
#18470=VERTEX_POINT('',#18460);
#18480=EDGE_CURVE('',#18470,#5520,#18450,.T.);
#18490=ORIENTED_EDGE('',*,*,#18480,.T.);
#18500=CARTESIAN_POINT('',(41.1875,57.5698126169906,-3.2998));
#18510=DIRECTION('',(0.,-1.,0.));
#18520=VECTOR('',#18510,1.);
#18530=LINE('',#18500,#18520);
#18540=CARTESIAN_POINT('',(41.1875,57.5698126169906,-3.2998));
#18550=VERTEX_POINT('',#18540);
#18560=EDGE_CURVE('',#18550,#18470,#18530,.T.);
#18570=ORIENTED_EDGE('',*,*,#18560,.T.);
#18580=CARTESIAN_POINT('',(41.1875,57.5698126169906,-5.3198));
#18590=DIRECTION('',(0.,0.,1.));
#18600=VECTOR('',#18590,1.);
#18610=LINE('',#18580,#18600);
#18620=EDGE_CURVE('',#17400,#18550,#18610,.T.);
#18630=ORIENTED_EDGE('',*,*,#18620,.T.);
#18640=ORIENTED_EDGE('',*,*,#18290,.T.);
#18650=EDGE_LOOP('',(#18640,#18630,#18570,#18490,#18410,#18400,#18390));
#18660=FACE_OUTER_BOUND('',#18650,.T.);
#18670=ADVANCED_FACE('',(#18660),#18380,.F.);
#18680=CARTESIAN_POINT('',(41.63125,57.4048126169906,-3.2248));
#18690=DIRECTION('',(0.,-0.906183139995265,-0.422885465331124));
#18700=DIRECTION('',(0.,-0.422885465331124,0.906183139995265));
#18710=AXIS2_PLACEMENT_3D('',#18680,#18690,#18700);
#18720=PLANE('',#18710);
#18730=ORIENTED_EDGE('',*,*,#18480,.F.);
#18740=ORIENTED_EDGE('',*,*,#5530,.T.);
#18750=CARTESIAN_POINT('',(42.075,57.3698126169906,-3.14980000000005));
#18760=DIRECTION('',(0.,0.422885465331101,-0.906183139995276));
#18770=VECTOR('',#18760,1.);
#18780=LINE('',#18750,#18770);
#18790=CARTESIAN_POINT('',(42.075,57.4398126169906,-3.2998));
#18800=VERTEX_POINT('',#18790);
#18810=EDGE_CURVE('',#5440,#18800,#18780,.T.);
#18820=ORIENTED_EDGE('',*,*,#18810,.F.);
#18830=CARTESIAN_POINT('',(42.075,57.4398126169906,-3.2998));
#18840=DIRECTION('',(-1.,0.,0.));
#18850=VECTOR('',#18840,1.);
#18860=LINE('',#18830,#18850);
#18870=EDGE_CURVE('',#18800,#18470,#18860,.T.);
#18880=ORIENTED_EDGE('',*,*,#18870,.F.);
#18890=EDGE_LOOP('',(#18880,#18820,#18740,#18730));
#18900=FACE_OUTER_BOUND('',#18890,.T.);
#18910=ADVANCED_FACE('',(#18900),#18720,.T.);
#18920=CARTESIAN_POINT('',(41.275,57.5698126169906,-3.2998));
#18930=DIRECTION('',(0.,0.,1.));
#18940=DIRECTION('',(0.,-1.,0.));
#18950=AXIS2_PLACEMENT_3D('',#18920,#18930,#18940);
#18960=PLANE('',#18950);
#18970=CARTESIAN_POINT('',(42.075,57.5698126169906,-3.2998));
#18980=DIRECTION('',(0.,-1.,0.));
#18990=VECTOR('',#18980,1.);
#19000=LINE('',#18970,#18990);
#19010=CARTESIAN_POINT('',(42.075,57.5698126169906,-3.2998));
#19020=VERTEX_POINT('',#19010);
#19030=EDGE_CURVE('',#19020,#18800,#19000,.T.);
#19040=ORIENTED_EDGE('',*,*,#19030,.T.);
#19050=CARTESIAN_POINT('',(41.1875,57.5698126169906,-3.2998));
#19060=DIRECTION('',(1.,0.,0.));
#19070=VECTOR('',#19060,1.);
#19080=LINE('',#19050,#19070);
#19090=EDGE_CURVE('',#18550,#19020,#19080,.T.);
#19100=ORIENTED_EDGE('',*,*,#19090,.T.);
#19110=ORIENTED_EDGE('',*,*,#18560,.F.);
#19120=ORIENTED_EDGE('',*,*,#18870,.T.);
#19130=EDGE_LOOP('',(#19120,#19110,#19100,#19040));
#19140=FACE_OUTER_BOUND('',#19130,.T.);
#19150=ADVANCED_FACE('',(#19140),#18960,.F.);
#19160=CARTESIAN_POINT('',(42.075,57.6052126169906,0.101399999999998));
#19170=DIRECTION('',(-1.,0.,0.));
#19180=DIRECTION('',(0.,0.,1.));
#19190=AXIS2_PLACEMENT_3D('',#19160,#19170,#19180);
#19200=PLANE('',#19190);
#19210=ORIENTED_EDGE('',*,*,#18810,.T.);
#19220=ORIENTED_EDGE('',*,*,#5450,.T.);
#19230=CARTESIAN_POINT('',(42.075,57.3698126169906,-2.4198));
#19240=DIRECTION('',(0.,-1.,0.));
#19250=VECTOR('',#19240,1.);
#19260=LINE('',#19230,#19250);
#19270=CARTESIAN_POINT('',(42.075,57.2698126169906,-2.4198));
#19280=VERTEX_POINT('',#19270);
#19290=EDGE_CURVE('',#5360,#19280,#19260,.T.);
#19300=ORIENTED_EDGE('',*,*,#19290,.F.);
#19310=CARTESIAN_POINT('',(42.075,57.2698126169906,-2.4198));
#19320=DIRECTION('',(0.,0.,1.));
#19330=VECTOR('',#19320,1.);
#19340=LINE('',#19310,#19330);
#19350=CARTESIAN_POINT('',(42.075,57.2698126169906,-1.1698));
#19360=VERTEX_POINT('',#19350);
#19370=EDGE_CURVE('',#19280,#19360,#19340,.T.);
#19380=ORIENTED_EDGE('',*,*,#19370,.F.);
#19390=CARTESIAN_POINT('',(42.075,57.9698126169906,-1.1698));
#19400=DIRECTION('',(0.,-1.,0.));
#19410=VECTOR('',#19400,1.);
#19420=LINE('',#19390,#19410);
#19430=CARTESIAN_POINT('',(42.075,57.9698126169906,-1.1698));
#19440=VERTEX_POINT('',#19430);
#19450=EDGE_CURVE('',#19440,#19360,#19420,.T.);
#19460=ORIENTED_EDGE('',*,*,#19450,.T.);
#19470=CARTESIAN_POINT('',(42.075,57.9698126169906,-2.6698));
#19480=DIRECTION('',(0.,0.,1.));
#19490=VECTOR('',#19480,1.);
#19500=LINE('',#19470,#19490);
#19510=CARTESIAN_POINT('',(42.075,57.9698126169906,-2.6698));
#19520=VERTEX_POINT('',#19510);
#19530=EDGE_CURVE('',#19520,#19440,#19500,.T.);
#19540=ORIENTED_EDGE('',*,*,#19530,.T.);
#19550=CARTESIAN_POINT('',(42.075,58.5698126169906,-2.6698));
#19560=DIRECTION('',(0.,-1.,0.));
#19570=VECTOR('',#19560,1.);
#19580=LINE('',#19550,#19570);
#19590=CARTESIAN_POINT('',(42.075,58.5698126169906,-2.6698));
#19600=VERTEX_POINT('',#19590);
#19610=EDGE_CURVE('',#19600,#19520,#19580,.T.);
#19620=ORIENTED_EDGE('',*,*,#19610,.T.);
#19630=CARTESIAN_POINT('',(42.075,58.5698126169906,-1.1698));
#19640=DIRECTION('',(0.,0.,-1.));
#19650=VECTOR('',#19640,1.);
#19660=LINE('',#19630,#19650);
#19670=CARTESIAN_POINT('',(42.075,58.5698126169906,-1.1698));
#19680=VERTEX_POINT('',#19670);
#19690=EDGE_CURVE('',#19680,#19600,#19660,.T.);
#19700=ORIENTED_EDGE('',*,*,#19690,.T.);
#19710=CARTESIAN_POINT('',(42.075,58.8698126169906,-1.1698));
#19720=DIRECTION('',(0.,-1.,0.));
#19730=VECTOR('',#19720,1.);
#19740=LINE('',#19710,#19730);
#19750=CARTESIAN_POINT('',(42.075,58.8698126169906,-1.1698));
#19760=VERTEX_POINT('',#19750);
#19770=EDGE_CURVE('',#19760,#19680,#19740,.T.);
#19780=ORIENTED_EDGE('',*,*,#19770,.T.);
#19790=CARTESIAN_POINT('',(42.075,58.8698126169906,-1.1698));
#19800=DIRECTION('',(0.,0.,-1.));
#19810=VECTOR('',#19800,1.);
#19820=LINE('',#19790,#19810);
#19830=EDGE_CURVE('',#19760,#17820,#19820,.T.);
#19840=ORIENTED_EDGE('',*,*,#19830,.F.);
#19850=ORIENTED_EDGE('',*,*,#17830,.T.);
#19860=CARTESIAN_POINT('',(42.075,57.5698126169906,-5.3198));
#19870=DIRECTION('',(0.,0.,1.));
#19880=VECTOR('',#19870,1.);
#19890=LINE('',#19860,#19880);
#19900=EDGE_CURVE('',#17740,#19020,#19890,.T.);
#19910=ORIENTED_EDGE('',*,*,#19900,.F.);
#19920=ORIENTED_EDGE('',*,*,#19030,.F.);
#19930=EDGE_LOOP('',(#19920,#19910,#19850,#19840,#19780,#19700,#19620,
#19540,#19460,#19380,#19300,#19220,#19210));
#19940=FACE_OUTER_BOUND('',#19930,.T.);
#19950=ADVANCED_FACE('',(#19940),#19200,.F.);
#19960=CARTESIAN_POINT('',(42.075,57.3698126169906,-2.4198));
#19970=DIRECTION('',(0.,-1.88737914186277E-16,-1.));
#19980=DIRECTION('',(-1.,0.,0.));
#19990=AXIS2_PLACEMENT_3D('',#19960,#19970,#19980);
#20000=PLANE('',#19990);
#20010=CARTESIAN_POINT('',(41.875,57.3698126169906,-2.4198));
#20020=DIRECTION('',(0.,-1.,0.));
#20030=VECTOR('',#20020,1.);
#20040=LINE('',#20010,#20030);
#20050=CARTESIAN_POINT('',(41.875,57.2698126169906,-2.4198));
#20060=VERTEX_POINT('',#20050);
#20070=EDGE_CURVE('',#5280,#20060,#20040,.T.);
#20080=ORIENTED_EDGE('',*,*,#20070,.F.);
#20090=CARTESIAN_POINT('',(41.875,57.2698126169906,-2.4198));
#20100=DIRECTION('',(1.,0.,0.));
#20110=VECTOR('',#20100,1.);
#20120=LINE('',#20090,#20110);
#20130=EDGE_CURVE('',#20060,#19280,#20120,.T.);
#20140=ORIENTED_EDGE('',*,*,#20130,.F.);
#20150=ORIENTED_EDGE('',*,*,#19290,.T.);
#20160=ORIENTED_EDGE('',*,*,#5370,.F.);
#20170=EDGE_LOOP('',(#20160,#20150,#20140,#20080));
#20180=FACE_OUTER_BOUND('',#20170,.T.);
#20190=ADVANCED_FACE('',(#20180),#20000,.T.);
#20200=CARTESIAN_POINT('',(41.875,57.3698126169906,-2.4198));
#20210=DIRECTION('',(-1.,2.68212707775144E-31,1.4210854715202E-15));
#20220=DIRECTION('',(1.4210854715202E-15,1.88737914186277E-16,1.));
#20230=AXIS2_PLACEMENT_3D('',#20200,#20210,#20220);
#20240=PLANE('',#20230);
#20250=CARTESIAN_POINT('',(41.875,57.3698126169906,-1.1698));
#20260=DIRECTION('',(0.,-1.,0.));
#20270=VECTOR('',#20260,1.);
#20280=LINE('',#20250,#20270);
#20290=CARTESIAN_POINT('',(41.875,57.2698126169906,-1.1698));
#20300=VERTEX_POINT('',#20290);
#20310=EDGE_CURVE('',#5200,#20300,#20280,.T.);
#20320=ORIENTED_EDGE('',*,*,#20310,.F.);
#20330=CARTESIAN_POINT('',(41.875,57.2698126169906,-1.1698));
#20340=DIRECTION('',(0.,0.,-1.));
#20350=VECTOR('',#20340,1.);
#20360=LINE('',#20330,#20350);
#20370=EDGE_CURVE('',#20300,#20060,#20360,.T.);
#20380=ORIENTED_EDGE('',*,*,#20370,.F.);
#20390=ORIENTED_EDGE('',*,*,#20070,.T.);
#20400=ORIENTED_EDGE('',*,*,#5290,.F.);
#20410=EDGE_LOOP('',(#20400,#20390,#20380,#20320));
#20420=FACE_OUTER_BOUND('',#20410,.T.);
#20430=ADVANCED_FACE('',(#20420),#20240,.T.);
#20440=CARTESIAN_POINT('',(27.425,58.1173126169906,-1.1698));
#20450=DIRECTION('',(0.,0.,1.));
#20460=DIRECTION('',(-1.,0.,0.));
#20470=AXIS2_PLACEMENT_3D('',#20440,#20450,#20460);
#20480=PLANE('',#20470);
#20490=CARTESIAN_POINT('',(42.075,57.2698126169906,-1.1698));
#20500=DIRECTION('',(-1.,0.,0.));
#20510=VECTOR('',#20500,1.);
#20520=LINE('',#20490,#20510);
#20530=EDGE_CURVE('',#19360,#20300,#20520,.T.);
#20540=ORIENTED_EDGE('',*,*,#20530,.F.);
#20550=ORIENTED_EDGE('',*,*,#20310,.T.);
#20560=ORIENTED_EDGE('',*,*,#5210,.T.);
#20570=CARTESIAN_POINT('',(41.675,57.3698126169906,-1.1698));
#20580=DIRECTION('',(0.,-1.,0.));
#20590=VECTOR('',#20580,1.);
#20600=LINE('',#20570,#20590);
#20610=CARTESIAN_POINT('',(41.675,57.2698126169906,-1.1698));
#20620=VERTEX_POINT('',#20610);
#20630=EDGE_CURVE('',#5120,#20620,#20600,.T.);
#20640=ORIENTED_EDGE('',*,*,#20630,.F.);
#20650=CARTESIAN_POINT('',(41.675,57.2698126169906,-1.1698));
#20660=DIRECTION('',(-1.,0.,0.));
#20670=VECTOR('',#20660,1.);
#20680=LINE('',#20650,#20670);
#20690=CARTESIAN_POINT('',(41.475,57.2698126169906,-1.1698));
#20700=VERTEX_POINT('',#20690);
#20710=EDGE_CURVE('',#20620,#20700,#20680,.T.);
#20720=ORIENTED_EDGE('',*,*,#20710,.F.);
#20730=CARTESIAN_POINT('',(41.475,57.3698126169906,-1.1698));
#20740=DIRECTION('',(0.,-1.,0.));
#20750=VECTOR('',#20740,1.);
#20760=LINE('',#20730,#20750);
#20770=EDGE_CURVE('',#4880,#20700,#20760,.T.);
#20780=ORIENTED_EDGE('',*,*,#20770,.T.);
#20790=ORIENTED_EDGE('',*,*,#4890,.T.);
#20800=CARTESIAN_POINT('',(41.275,57.3698126169906,-1.1698));
#20810=DIRECTION('',(0.,-1.,0.));
#20820=VECTOR('',#20810,1.);
#20830=LINE('',#20800,#20820);
#20840=CARTESIAN_POINT('',(41.275,57.2698126169906,-1.1698));
#20850=VERTEX_POINT('',#20840);
#20860=EDGE_CURVE('',#4800,#20850,#20830,.T.);
#20870=ORIENTED_EDGE('',*,*,#20860,.F.);
#20880=CARTESIAN_POINT('',(41.275,57.2698126169906,-1.1698));
#20890=DIRECTION('',(-1.,0.,0.));
#20900=VECTOR('',#20890,1.);
#20910=LINE('',#20880,#20900);
#20920=CARTESIAN_POINT('',(41.075,57.2698126169906,-1.1698));
#20930=VERTEX_POINT('',#20920);
#20940=EDGE_CURVE('',#20850,#20930,#20910,.T.);
#20950=ORIENTED_EDGE('',*,*,#20940,.F.);
#20960=CARTESIAN_POINT('',(41.075,57.3698126169906,-1.1698));
#20970=DIRECTION('',(0.,-1.,0.));
#20980=VECTOR('',#20970,1.);
#20990=LINE('',#20960,#20980);
#21000=EDGE_CURVE('',#4560,#20930,#20990,.T.);
#21010=ORIENTED_EDGE('',*,*,#21000,.T.);
#21020=ORIENTED_EDGE('',*,*,#4570,.T.);
#21030=CARTESIAN_POINT('',(40.875,57.3698126169906,-1.1698));
#21040=DIRECTION('',(0.,1.,0.));
#21050=VECTOR('',#21040,1.);
#21060=LINE('',#21030,#21050);
#21070=CARTESIAN_POINT('',(40.875,58.8698126169906,-1.1698));
#21080=VERTEX_POINT('',#21070);
#21090=EDGE_CURVE('',#4480,#21080,#21060,.T.);
#21100=ORIENTED_EDGE('',*,*,#21090,.F.);
#21110=CARTESIAN_POINT('',(40.875,58.8698126169906,-1.1698));
#21120=DIRECTION('',(1.,0.,0.));
#21130=VECTOR('',#21120,1.);
#21140=LINE('',#21110,#21130);
#21150=EDGE_CURVE('',#21080,#19760,#21140,.T.);
#21160=ORIENTED_EDGE('',*,*,#21150,.F.);
#21170=ORIENTED_EDGE('',*,*,#19770,.F.);
#21180=CARTESIAN_POINT('',(41.875,58.5698126169906,-1.1698));
#21190=DIRECTION('',(1.,0.,0.));
#21200=VECTOR('',#21190,1.);
#21210=LINE('',#21180,#21200);
#21220=CARTESIAN_POINT('',(41.875,58.5698126169906,-1.1698));
#21230=VERTEX_POINT('',#21220);
#21240=EDGE_CURVE('',#21230,#19680,#21210,.T.);
#21250=ORIENTED_EDGE('',*,*,#21240,.T.);
#21260=CARTESIAN_POINT('',(41.875,57.9698126169906,-1.1698));
#21270=DIRECTION('',(0.,1.,0.));
#21280=VECTOR('',#21270,1.);
#21290=LINE('',#21260,#21280);
#21300=CARTESIAN_POINT('',(41.875,57.9698126169906,-1.1698));
#21310=VERTEX_POINT('',#21300);
#21320=EDGE_CURVE('',#21310,#21230,#21290,.T.);
#21330=ORIENTED_EDGE('',*,*,#21320,.T.);
#21340=CARTESIAN_POINT('',(42.075,57.9698126169906,-1.1698));
#21350=DIRECTION('',(-1.,0.,0.));
#21360=VECTOR('',#21350,1.);
#21370=LINE('',#21340,#21360);
#21380=EDGE_CURVE('',#19440,#21310,#21370,.T.);
#21390=ORIENTED_EDGE('',*,*,#21380,.T.);
#21400=ORIENTED_EDGE('',*,*,#19450,.F.);
#21410=EDGE_LOOP('',(#21400,#21390,#21330,#21250,#21170,#21160,#21100,
#21020,#21010,#20950,#20870,#20790,#20780,#20720,#20640,#20560,#20550,
#20540));
#21420=FACE_OUTER_BOUND('',#21410,.T.);
#21430=ADVANCED_FACE('',(#21420),#20480,.T.);
#21440=CARTESIAN_POINT('',(27.425,57.2698126169906,-3.0948));
#21450=DIRECTION('',(0.,-1.,1.88737914186277E-16));
#21460=DIRECTION('',(-1.,0.,0.));
#21470=AXIS2_PLACEMENT_3D('',#21440,#21450,#21460);
#21480=PLANE('',#21470);
#21490=ORIENTED_EDGE('',*,*,#20130,.T.);
#21500=ORIENTED_EDGE('',*,*,#20370,.T.);
#21510=ORIENTED_EDGE('',*,*,#20530,.T.);
#21520=ORIENTED_EDGE('',*,*,#19370,.T.);
#21530=EDGE_LOOP('',(#21520,#21510,#21500,#21490));
#21540=FACE_OUTER_BOUND('',#21530,.T.);
#21550=ADVANCED_FACE('',(#21540),#21480,.T.);
#21560=CARTESIAN_POINT('',(41.675,57.3698126169906,-1.1698));
#21570=DIRECTION('',(1.,0.,0.));
#21580=DIRECTION('',(0.,-1.88737914186277E-16,-1.));
#21590=AXIS2_PLACEMENT_3D('',#21560,#21570,#21580);
#21600=PLANE('',#21590);
#21610=CARTESIAN_POINT('',(41.675,57.3698126169906,-2.4198));
#21620=DIRECTION('',(0.,-1.,0.));
#21630=VECTOR('',#21620,1.);
#21640=LINE('',#21610,#21630);
#21650=CARTESIAN_POINT('',(41.675,57.2698126169906,-2.4198));
#21660=VERTEX_POINT('',#21650);
#21670=EDGE_CURVE('',#5040,#21660,#21640,.T.);
#21680=ORIENTED_EDGE('',*,*,#21670,.F.);
#21690=CARTESIAN_POINT('',(41.675,57.2698126169906,-2.4198));
#21700=DIRECTION('',(0.,0.,1.));
#21710=VECTOR('',#21700,1.);
#21720=LINE('',#21690,#21710);
#21730=EDGE_CURVE('',#21660,#20620,#21720,.T.);
#21740=ORIENTED_EDGE('',*,*,#21730,.F.);
#21750=ORIENTED_EDGE('',*,*,#20630,.T.);
#21760=ORIENTED_EDGE('',*,*,#5130,.F.);
#21770=EDGE_LOOP('',(#21760,#21750,#21740,#21680));
#21780=FACE_OUTER_BOUND('',#21770,.T.);
#21790=ADVANCED_FACE('',(#21780),#21600,.T.);
#21800=CARTESIAN_POINT('',(41.675,57.3698126169906,-2.4198));
#21810=DIRECTION('',(0.,-1.88737914186277E-16,-1.));
#21820=DIRECTION('',(-1.,0.,0.));
#21830=AXIS2_PLACEMENT_3D('',#21800,#21810,#21820);
#21840=PLANE('',#21830);
#21850=CARTESIAN_POINT('',(41.475,57.3698126169906,-2.4198));
#21860=DIRECTION('',(0.,-1.,0.));
#21870=VECTOR('',#21860,1.);
#21880=LINE('',#21850,#21870);
#21890=CARTESIAN_POINT('',(41.475,57.2698126169906,-2.4198));
#21900=VERTEX_POINT('',#21890);
#21910=EDGE_CURVE('',#4960,#21900,#21880,.T.);
#21920=ORIENTED_EDGE('',*,*,#21910,.F.);
#21930=CARTESIAN_POINT('',(41.475,57.2698126169906,-2.4198));
#21940=DIRECTION('',(1.,0.,0.));
#21950=VECTOR('',#21940,1.);
#21960=LINE('',#21930,#21950);
#21970=EDGE_CURVE('',#21900,#21660,#21960,.T.);
#21980=ORIENTED_EDGE('',*,*,#21970,.F.);
#21990=ORIENTED_EDGE('',*,*,#21670,.T.);
#22000=ORIENTED_EDGE('',*,*,#5050,.F.);
#22010=EDGE_LOOP('',(#22000,#21990,#21980,#21920));
#22020=FACE_OUTER_BOUND('',#22010,.T.);
#22030=ADVANCED_FACE('',(#22020),#21840,.T.);
#22040=CARTESIAN_POINT('',(41.475,57.3698126169906,-2.4198));
#22050=DIRECTION('',(-1.,2.68212707775144E-31,1.4210854715202E-15));
#22060=DIRECTION('',(1.4210854715202E-15,1.88737914186277E-16,1.));
#22070=AXIS2_PLACEMENT_3D('',#22040,#22050,#22060);
#22080=PLANE('',#22070);
#22090=ORIENTED_EDGE('',*,*,#20770,.F.);
#22100=CARTESIAN_POINT('',(41.475,57.2698126169906,-1.1698));
#22110=DIRECTION('',(0.,0.,-1.));
#22120=VECTOR('',#22110,1.);
#22130=LINE('',#22100,#22120);
#22140=EDGE_CURVE('',#20700,#21900,#22130,.T.);
#22150=ORIENTED_EDGE('',*,*,#22140,.F.);
#22160=ORIENTED_EDGE('',*,*,#21910,.T.);
#22170=ORIENTED_EDGE('',*,*,#4970,.F.);
#22180=EDGE_LOOP('',(#22170,#22160,#22150,#22090));
#22190=FACE_OUTER_BOUND('',#22180,.T.);
#22200=ADVANCED_FACE('',(#22190),#22080,.T.);
#22210=CARTESIAN_POINT('',(27.425,57.2698126169906,-3.0948));
#22220=DIRECTION('',(0.,-1.,1.88737914186277E-16));
#22230=DIRECTION('',(-1.,0.,0.));
#22240=AXIS2_PLACEMENT_3D('',#22210,#22220,#22230);
#22250=PLANE('',#22240);
#22260=ORIENTED_EDGE('',*,*,#21730,.T.);
#22270=ORIENTED_EDGE('',*,*,#21970,.T.);
#22280=ORIENTED_EDGE('',*,*,#22140,.T.);
#22290=ORIENTED_EDGE('',*,*,#20710,.T.);
#22300=EDGE_LOOP('',(#22290,#22280,#22270,#22260));
#22310=FACE_OUTER_BOUND('',#22300,.T.);
#22320=ADVANCED_FACE('',(#22310),#22250,.T.);
#22330=CARTESIAN_POINT('',(41.275,57.3698126169906,-1.1698));
#22340=DIRECTION('',(1.,0.,0.));
#22350=DIRECTION('',(0.,-1.88737914186277E-16,-1.));
#22360=AXIS2_PLACEMENT_3D('',#22330,#22340,#22350);
#22370=PLANE('',#22360);
#22380=CARTESIAN_POINT('',(41.275,57.3698126169906,-2.4198));
#22390=DIRECTION('',(0.,-1.,0.));
#22400=VECTOR('',#22390,1.);
#22410=LINE('',#22380,#22400);
#22420=CARTESIAN_POINT('',(41.275,57.2698126169906,-2.4198));
#22430=VERTEX_POINT('',#22420);
#22440=EDGE_CURVE('',#4720,#22430,#22410,.T.);
#22450=ORIENTED_EDGE('',*,*,#22440,.F.);
#22460=CARTESIAN_POINT('',(41.275,57.2698126169906,-2.4198));
#22470=DIRECTION('',(0.,0.,1.));
#22480=VECTOR('',#22470,1.);
#22490=LINE('',#22460,#22480);
#22500=EDGE_CURVE('',#22430,#20850,#22490,.T.);
#22510=ORIENTED_EDGE('',*,*,#22500,.F.);
#22520=ORIENTED_EDGE('',*,*,#20860,.T.);
#22530=ORIENTED_EDGE('',*,*,#4810,.F.);
#22540=EDGE_LOOP('',(#22530,#22520,#22510,#22450));
#22550=FACE_OUTER_BOUND('',#22540,.T.);
#22560=ADVANCED_FACE('',(#22550),#22370,.T.);
#22570=CARTESIAN_POINT('',(41.275,57.3698126169906,-2.4198));
#22580=DIRECTION('',(0.,-1.88737914186277E-16,-1.));
#22590=DIRECTION('',(-1.,0.,0.));
#22600=AXIS2_PLACEMENT_3D('',#22570,#22580,#22590);
#22610=PLANE('',#22600);
#22620=CARTESIAN_POINT('',(41.075,57.3698126169906,-2.4198));
#22630=DIRECTION('',(0.,-1.,0.));
#22640=VECTOR('',#22630,1.);
#22650=LINE('',#22620,#22640);
#22660=CARTESIAN_POINT('',(41.075,57.2698126169906,-2.4198));
#22670=VERTEX_POINT('',#22660);
#22680=EDGE_CURVE('',#4640,#22670,#22650,.T.);
#22690=ORIENTED_EDGE('',*,*,#22680,.F.);
#22700=CARTESIAN_POINT('',(41.075,57.2698126169906,-2.4198));
#22710=DIRECTION('',(1.,0.,0.));
#22720=VECTOR('',#22710,1.);
#22730=LINE('',#22700,#22720);
#22740=EDGE_CURVE('',#22670,#22430,#22730,.T.);
#22750=ORIENTED_EDGE('',*,*,#22740,.F.);
#22760=ORIENTED_EDGE('',*,*,#22440,.T.);
#22770=ORIENTED_EDGE('',*,*,#4730,.F.);
#22780=EDGE_LOOP('',(#22770,#22760,#22750,#22690));
#22790=FACE_OUTER_BOUND('',#22780,.T.);
#22800=ADVANCED_FACE('',(#22790),#22610,.T.);
#22810=CARTESIAN_POINT('',(41.075,57.3698126169906,-2.4198));
#22820=DIRECTION('',(-1.,2.68212707775144E-31,1.4210854715202E-15));
#22830=DIRECTION('',(1.4210854715202E-15,1.88737914186277E-16,1.));
#22840=AXIS2_PLACEMENT_3D('',#22810,#22820,#22830);
#22850=PLANE('',#22840);
#22860=ORIENTED_EDGE('',*,*,#21000,.F.);
#22870=CARTESIAN_POINT('',(41.075,57.2698126169906,-1.1698));
#22880=DIRECTION('',(0.,0.,-1.));
#22890=VECTOR('',#22880,1.);
#22900=LINE('',#22870,#22890);
#22910=EDGE_CURVE('',#20930,#22670,#22900,.T.);
#22920=ORIENTED_EDGE('',*,*,#22910,.F.);
#22930=ORIENTED_EDGE('',*,*,#22680,.T.);
#22940=ORIENTED_EDGE('',*,*,#4650,.F.);
#22950=EDGE_LOOP('',(#22940,#22930,#22920,#22860));
#22960=FACE_OUTER_BOUND('',#22950,.T.);
#22970=ADVANCED_FACE('',(#22960),#22850,.T.);
#22980=CARTESIAN_POINT('',(27.425,57.2698126169906,-3.0948));
#22990=DIRECTION('',(0.,-1.,1.88737914186277E-16));
#23000=DIRECTION('',(-1.,0.,0.));
#23010=AXIS2_PLACEMENT_3D('',#22980,#22990,#23000);
#23020=PLANE('',#23010);
#23030=ORIENTED_EDGE('',*,*,#22500,.T.);
#23040=ORIENTED_EDGE('',*,*,#22740,.T.);
#23050=ORIENTED_EDGE('',*,*,#22910,.T.);
#23060=ORIENTED_EDGE('',*,*,#20940,.T.);
#23070=EDGE_LOOP('',(#23060,#23050,#23040,#23030));
#23080=FACE_OUTER_BOUND('',#23070,.T.);
#23090=ADVANCED_FACE('',(#23080),#23020,.T.);
#23100=CARTESIAN_POINT('',(40.875,57.1698126169906,-6.0198024));
#23110=DIRECTION('',(-1.,0.,0.));
#23120=DIRECTION('',(0.,1.,-2.1350442781253E-16));
#23130=AXIS2_PLACEMENT_3D('',#23100,#23110,#23120);
#23140=PLANE('',#23130);
#23150=ORIENTED_EDGE('',*,*,#4490,.T.);
#23160=ORIENTED_EDGE('',*,*,#4260,.T.);
#23170=CARTESIAN_POINT('',(40.875,58.8698126169906,-0.519800000000004));
#23180=DIRECTION('',(0.,0.,-1.));
#23190=VECTOR('',#23180,1.);
#23200=LINE('',#23170,#23190);
#23210=EDGE_CURVE('',#4170,#21080,#23200,.T.);
#23220=ORIENTED_EDGE('',*,*,#23210,.F.);
#23230=ORIENTED_EDGE('',*,*,#21090,.T.);
#23240=EDGE_LOOP('',(#23230,#23220,#23160,#23150));
#23250=FACE_OUTER_BOUND('',#23240,.T.);
#23260=ADVANCED_FACE('',(#23250),#23140,.F.);
#23270=CARTESIAN_POINT('',(24.925,58.8698126169906,-5.5198));
#23280=DIRECTION('',(0.,1.,-2.1350442781253E-16));
#23290=DIRECTION('',(0.,-2.1350442781253E-16,-1.));
#23300=AXIS2_PLACEMENT_3D('',#23270,#23280,#23290);
#23310=PLANE('',#23300);
#23320=CARTESIAN_POINT('',(35.975,58.8698126169906,-0.519800000000004));
#23330=DIRECTION('',(0.,0.,-1.));
#23340=VECTOR('',#23330,1.);
#23350=LINE('',#23320,#23340);
#23360=CARTESIAN_POINT('',(35.975,58.8698126169906,-1.1698));
#23370=VERTEX_POINT('',#23360);
#23380=EDGE_CURVE('',#4090,#23370,#23350,.T.);
#23390=ORIENTED_EDGE('',*,*,#23380,.F.);
#23400=CARTESIAN_POINT('',(35.975,58.8698126169906,-1.1698));
#23410=DIRECTION('',(-1.,0.,0.));
#23420=VECTOR('',#23410,1.);
#23430=LINE('',#23400,#23420);
#23440=CARTESIAN_POINT('',(34.775,58.8698126169906,-1.1698));
#23450=VERTEX_POINT('',#23440);
#23460=EDGE_CURVE('',#23370,#23450,#23430,.T.);
#23470=ORIENTED_EDGE('',*,*,#23460,.F.);
#23480=CARTESIAN_POINT('',(34.775,58.8698126169906,-1.1698));
#23490=DIRECTION('',(0.,0.,-1.));
#23500=VECTOR('',#23490,1.);
#23510=LINE('',#23480,#23500);
#23520=CARTESIAN_POINT('',(34.775,58.8698126169906,-5.3198));
#23530=VERTEX_POINT('',#23520);
#23540=EDGE_CURVE('',#23450,#23530,#23510,.T.);
#23550=ORIENTED_EDGE('',*,*,#23540,.F.);
#23560=CARTESIAN_POINT('',(34.775,58.8698126169906,-5.3198));
#23570=DIRECTION('',(1.,0.,0.));
#23580=VECTOR('',#23570,1.);
#23590=LINE('',#23560,#23580);
#23600=CARTESIAN_POINT('',(35.13,58.8698126169906,-5.3198));
#23610=VERTEX_POINT('',#23600);
#23620=EDGE_CURVE('',#23530,#23610,#23590,.T.);
#23630=ORIENTED_EDGE('',*,*,#23620,.F.);
#23640=CARTESIAN_POINT('',(35.13,58.8698126169906,-5.3198));
#23650=DIRECTION('',(2.17957894404939E-15,2.17957894404939E-15,1.));
#23660=VECTOR('',#23650,1.);
#23670=LINE('',#23640,#23660);
#23680=CARTESIAN_POINT('',(35.13,58.8698126169906,-2.0598));
#23690=VERTEX_POINT('',#23680);
#23700=EDGE_CURVE('',#23610,#23690,#23670,.T.);
#23710=ORIENTED_EDGE('',*,*,#23700,.F.);
#23720=CARTESIAN_POINT('',(35.1299999999999,58.8698126169906,-2.0598));
#23730=DIRECTION('',(1.,0.,0.));
#23740=VECTOR('',#23730,1.);
#23750=LINE('',#23720,#23740);
#23760=CARTESIAN_POINT('',(36.07,58.8698126169906,-2.0598));
#23770=VERTEX_POINT('',#23760);
#23780=EDGE_CURVE('',#23690,#23770,#23750,.T.);
#23790=ORIENTED_EDGE('',*,*,#23780,.F.);
#23800=CARTESIAN_POINT('',(36.07,58.8698126169906,-2.0598));
#23810=DIRECTION('',(0.,0.,-1.));
#23820=VECTOR('',#23810,1.);
#23830=LINE('',#23800,#23820);
#23840=CARTESIAN_POINT('',(36.07,58.8698126169906,-2.1998));
#23850=VERTEX_POINT('',#23840);
#23860=EDGE_CURVE('',#23770,#23850,#23830,.T.);
#23870=ORIENTED_EDGE('',*,*,#23860,.F.);
#23880=CARTESIAN_POINT('',(40.78,58.8698126169906,-2.1998));
#23890=DIRECTION('',(-1.,0.,0.));
#23900=VECTOR('',#23890,1.);
#23910=LINE('',#23880,#23900);
#23920=CARTESIAN_POINT('',(40.78,58.8698126169906,-2.1998));
#23930=VERTEX_POINT('',#23920);
#23940=EDGE_CURVE('',#23930,#23850,#23910,.T.);
#23950=ORIENTED_EDGE('',*,*,#23940,.T.);
#23960=CARTESIAN_POINT('',(40.78,58.8698126169906,-2.0598));
#23970=DIRECTION('',(0.,0.,-1.));
#23980=VECTOR('',#23970,1.);
#23990=LINE('',#23960,#23980);
#24000=CARTESIAN_POINT('',(40.78,58.8698126169906,-2.0598));
#24010=VERTEX_POINT('',#24000);
#24020=EDGE_CURVE('',#24010,#23930,#23990,.T.);
#24030=ORIENTED_EDGE('',*,*,#24020,.T.);
#24040=CARTESIAN_POINT('',(41.72,58.8698126169906,-2.0598));
#24050=DIRECTION('',(-1.,0.,0.));
#24060=VECTOR('',#24050,1.);
#24070=LINE('',#24040,#24060);
#24080=CARTESIAN_POINT('',(41.72,58.8698126169906,-2.0598));
#24090=VERTEX_POINT('',#24080);
#24100=EDGE_CURVE('',#24090,#24010,#24070,.T.);
#24110=ORIENTED_EDGE('',*,*,#24100,.T.);
#24120=CARTESIAN_POINT('',(41.72,58.8698126169906,-5.3198));
#24130=DIRECTION('',(0.,0.,1.));
#24140=VECTOR('',#24130,1.);
#24150=LINE('',#24120,#24140);
#24160=EDGE_CURVE('',#17900,#24090,#24150,.T.);
#24170=ORIENTED_EDGE('',*,*,#24160,.T.);
#24180=ORIENTED_EDGE('',*,*,#17910,.T.);
#24190=ORIENTED_EDGE('',*,*,#19830,.T.);
#24200=ORIENTED_EDGE('',*,*,#21150,.T.);
#24210=ORIENTED_EDGE('',*,*,#23210,.T.);
#24220=ORIENTED_EDGE('',*,*,#4180,.F.);
#24230=EDGE_LOOP('',(#24220,#24210,#24200,#24190,#24180,#24170,#24110,
#24030,#23950,#23870,#23790,#23710,#23630,#23550,#23470,#23390));
#24240=FACE_OUTER_BOUND('',#24230,.T.);
#24250=ADVANCED_FACE('',(#24240),#23310,.T.);
#24260=CARTESIAN_POINT('',(35.975,57.1698126169906,-6.0198024));
#24270=DIRECTION('',(-1.,0.,0.));
#24280=DIRECTION('',(0.,1.,-2.1350442781253E-16));
#24290=AXIS2_PLACEMENT_3D('',#24260,#24270,#24280);
#24300=PLANE('',#24290);
#24310=CARTESIAN_POINT('',(35.975,57.3698126169906,-1.1698));
#24320=DIRECTION('',(0.,1.,0.));
#24330=VECTOR('',#24320,1.);
#24340=LINE('',#24310,#24330);
#24350=CARTESIAN_POINT('',(35.975,57.3698126169906,-1.1698));
#24360=VERTEX_POINT('',#24350);
#24370=EDGE_CURVE('',#24360,#23370,#24340,.T.);
#24380=ORIENTED_EDGE('',*,*,#24370,.F.);
#24390=ORIENTED_EDGE('',*,*,#23380,.T.);
#24400=ORIENTED_EDGE('',*,*,#4100,.F.);
#24410=CARTESIAN_POINT('',(35.975,57.3698126169906,-0.519800000000004));
#24420=DIRECTION('',(0.,0.,-1.));
#24430=VECTOR('',#24420,1.);
#24440=LINE('',#24410,#24430);
#24450=EDGE_CURVE('',#4010,#24360,#24440,.T.);
#24460=ORIENTED_EDGE('',*,*,#24450,.F.);
#24470=EDGE_LOOP('',(#24460,#24400,#24390,#24380));
#24480=FACE_OUTER_BOUND('',#24470,.T.);
#24490=ADVANCED_FACE('',(#24480),#24300,.T.);
#24500=CARTESIAN_POINT('',(41.68875,57.3698126169906,-0.594799999999999)
);
#24510=DIRECTION('',(0.,-1.,2.77555756156289E-16));
#24520=DIRECTION('',(1.,0.,0.));
#24530=AXIS2_PLACEMENT_3D('',#24500,#24510,#24520);
#24540=PLANE('',#24530);
#24550=CARTESIAN_POINT('',(35.6625,57.3698126169906,-5.5198));
#24560=DIRECTION('',(0.,0.,1.));
#24570=VECTOR('',#24560,1.);
#24580=LINE('',#24550,#24570);
#24590=CARTESIAN_POINT('',(35.6625,57.3698126169906,-3.1498));
#24600=VERTEX_POINT('',#24590);
#24610=EDGE_CURVE('',#14250,#24600,#24580,.T.);
#24620=ORIENTED_EDGE('',*,*,#24610,.F.);
#24630=CARTESIAN_POINT('',(34.775,57.3698126169906,-3.1498));
#24640=DIRECTION('',(1.,0.,0.));
#24650=VECTOR('',#24640,1.);
#24660=LINE('',#24630,#24650);
#24670=CARTESIAN_POINT('',(34.775,57.3698126169906,-3.1498));
#24680=VERTEX_POINT('',#24670);
#24690=EDGE_CURVE('',#24680,#24600,#24660,.T.);
#24700=ORIENTED_EDGE('',*,*,#24690,.T.);
#24710=CARTESIAN_POINT('',(34.775,57.3698126169906,-2.4198));
#24720=DIRECTION('',(0.,0.,-1.));
#24730=VECTOR('',#24720,1.);
#24740=LINE('',#24710,#24730);
#24750=CARTESIAN_POINT('',(34.775,57.3698126169906,-2.4198));
#24760=VERTEX_POINT('',#24750);
#24770=EDGE_CURVE('',#24760,#24680,#24740,.T.);
#24780=ORIENTED_EDGE('',*,*,#24770,.T.);
#24790=CARTESIAN_POINT('',(34.775,57.3698126169906,-2.4198));
#24800=DIRECTION('',(1.,0.,0.));
#24810=VECTOR('',#24800,1.);
#24820=LINE('',#24790,#24810);
#24830=CARTESIAN_POINT('',(34.975,57.3698126169906,-2.4198));
#24840=VERTEX_POINT('',#24830);
#24850=EDGE_CURVE('',#24760,#24840,#24820,.T.);
#24860=ORIENTED_EDGE('',*,*,#24850,.F.);
#24870=CARTESIAN_POINT('',(34.975,57.3698126169906,-2.4198));
#24880=DIRECTION('',(0.,0.,1.));
#24890=VECTOR('',#24880,1.);
#24900=LINE('',#24870,#24890);
#24910=CARTESIAN_POINT('',(34.975,57.3698126169906,-1.1698));
#24920=VERTEX_POINT('',#24910);
#24930=EDGE_CURVE('',#24840,#24920,#24900,.T.);
#24940=ORIENTED_EDGE('',*,*,#24930,.F.);
#24950=CARTESIAN_POINT('',(35.175,57.3698126169906,-1.1698));
#24960=DIRECTION('',(-1.,0.,0.));
#24970=VECTOR('',#24960,1.);
#24980=LINE('',#24950,#24970);
#24990=CARTESIAN_POINT('',(35.175,57.3698126169906,-1.1698));
#25000=VERTEX_POINT('',#24990);
#25010=EDGE_CURVE('',#25000,#24920,#24980,.T.);
#25020=ORIENTED_EDGE('',*,*,#25010,.T.);
#25030=CARTESIAN_POINT('',(35.175,57.3698126169906,-1.1698));
#25040=DIRECTION('',(0.,0.,-1.));
#25050=VECTOR('',#25040,1.);
#25060=LINE('',#25030,#25050);
#25070=CARTESIAN_POINT('',(35.175,57.3698126169906,-2.4198));
#25080=VERTEX_POINT('',#25070);
#25090=EDGE_CURVE('',#25000,#25080,#25060,.T.);
#25100=ORIENTED_EDGE('',*,*,#25090,.F.);
#25110=CARTESIAN_POINT('',(35.175,57.3698126169906,-2.4198));
#25120=DIRECTION('',(1.,0.,0.));
#25130=VECTOR('',#25120,1.);
#25140=LINE('',#25110,#25130);
#25150=CARTESIAN_POINT('',(35.375,57.3698126169906,-2.4198));
#25160=VERTEX_POINT('',#25150);
#25170=EDGE_CURVE('',#25080,#25160,#25140,.T.);
#25180=ORIENTED_EDGE('',*,*,#25170,.F.);
#25190=CARTESIAN_POINT('',(35.375,57.3698126169906,-2.4198));
#25200=DIRECTION('',(0.,0.,1.));
#25210=VECTOR('',#25200,1.);
#25220=LINE('',#25190,#25210);
#25230=CARTESIAN_POINT('',(35.375,57.3698126169906,-1.1698));
#25240=VERTEX_POINT('',#25230);
#25250=EDGE_CURVE('',#25160,#25240,#25220,.T.);
#25260=ORIENTED_EDGE('',*,*,#25250,.F.);
#25270=CARTESIAN_POINT('',(35.575,57.3698126169906,-1.1698));
#25280=DIRECTION('',(-1.,0.,0.));
#25290=VECTOR('',#25280,1.);
#25300=LINE('',#25270,#25290);
#25310=CARTESIAN_POINT('',(35.575,57.3698126169906,-1.1698));
#25320=VERTEX_POINT('',#25310);
#25330=EDGE_CURVE('',#25320,#25240,#25300,.T.);
#25340=ORIENTED_EDGE('',*,*,#25330,.T.);
#25350=CARTESIAN_POINT('',(35.575,57.3698126169906,-1.1698));
#25360=DIRECTION('',(0.,0.,-1.));
#25370=VECTOR('',#25360,1.);
#25380=LINE('',#25350,#25370);
#25390=CARTESIAN_POINT('',(35.575,57.3698126169906,-2.4198));
#25400=VERTEX_POINT('',#25390);
#25410=EDGE_CURVE('',#25320,#25400,#25380,.T.);
#25420=ORIENTED_EDGE('',*,*,#25410,.F.);
#25430=CARTESIAN_POINT('',(35.575,57.3698126169906,-2.4198));
#25440=DIRECTION('',(1.,0.,0.));
#25450=VECTOR('',#25440,1.);
#25460=LINE('',#25430,#25450);
#25470=CARTESIAN_POINT('',(35.775,57.3698126169906,-2.4198));
#25480=VERTEX_POINT('',#25470);
#25490=EDGE_CURVE('',#25400,#25480,#25460,.T.);
#25500=ORIENTED_EDGE('',*,*,#25490,.F.);
#25510=CARTESIAN_POINT('',(35.775,57.3698126169906,-2.4198));
#25520=DIRECTION('',(0.,0.,1.));
#25530=VECTOR('',#25520,1.);
#25540=LINE('',#25510,#25530);
#25550=CARTESIAN_POINT('',(35.775,57.3698126169906,-1.1698));
#25560=VERTEX_POINT('',#25550);
#25570=EDGE_CURVE('',#25480,#25560,#25540,.T.);
#25580=ORIENTED_EDGE('',*,*,#25570,.F.);
#25590=CARTESIAN_POINT('',(35.975,57.3698126169906,-1.1698));
#25600=DIRECTION('',(-1.,0.,0.));
#25610=VECTOR('',#25600,1.);
#25620=LINE('',#25590,#25610);
#25630=EDGE_CURVE('',#24360,#25560,#25620,.T.);
#25640=ORIENTED_EDGE('',*,*,#25630,.T.);
#25650=ORIENTED_EDGE('',*,*,#24450,.T.);
#25660=ORIENTED_EDGE('',*,*,#4020,.F.);
#25670=CARTESIAN_POINT('',(37.115,57.3698126169906,-0.519800000000004));
#25680=DIRECTION('',(0.,0.,-1.));
#25690=VECTOR('',#25680,1.);
#25700=LINE('',#25670,#25690);
#25710=EDGE_CURVE('',#3930,#11930,#25700,.T.);
#25720=ORIENTED_EDGE('',*,*,#25710,.F.);
#25730=ORIENTED_EDGE('',*,*,#11940,.F.);
#25740=CARTESIAN_POINT('',(36.275,57.3698126169906,-5.5198));
#25750=DIRECTION('',(0.,0.,1.));
#25760=VECTOR('',#25750,1.);
#25770=LINE('',#25740,#25760);
#25780=EDGE_CURVE('',#14330,#11850,#25770,.T.);
#25790=ORIENTED_EDGE('',*,*,#25780,.T.);
#25800=ORIENTED_EDGE('',*,*,#14340,.T.);
#25810=EDGE_LOOP('',(#25800,#25790,#25730,#25720,#25660,#25650,#25640,
#25580,#25500,#25420,#25340,#25260,#25180,#25100,#25020,#24940,#24860,
#24780,#24700,#24620));
#25820=FACE_OUTER_BOUND('',#25810,.T.);
#25830=ADVANCED_FACE('',(#25820),#24540,.T.);
#25840=CARTESIAN_POINT('',(35.6625,57.5698126169906,-5.3198));
#25850=DIRECTION('',(-1.,0.,0.));
#25860=DIRECTION('',(0.,-2.1350442781253E-16,-1.));
#25870=AXIS2_PLACEMENT_3D('',#25840,#25850,#25860);
#25880=PLANE('',#25870);
#25890=CARTESIAN_POINT('',(35.6625,57.5698126169906,-5.3198));
#25900=DIRECTION('',(0.,0.,1.));
#25910=VECTOR('',#25900,1.);
#25920=LINE('',#25890,#25910);
#25930=CARTESIAN_POINT('',(35.6625,57.5698126169906,-5.3198));
#25940=VERTEX_POINT('',#25930);
#25950=CARTESIAN_POINT('',(35.6625,57.5698126169906,-3.2998));
#25960=VERTEX_POINT('',#25950);
#25970=EDGE_CURVE('',#25940,#25960,#25920,.T.);
#25980=ORIENTED_EDGE('',*,*,#25970,.F.);
#25990=CARTESIAN_POINT('',(35.6625,57.5698126169906,-3.2998));
#26000=DIRECTION('',(0.,-1.,0.));
#26010=VECTOR('',#26000,1.);
#26020=LINE('',#25990,#26010);
#26030=CARTESIAN_POINT('',(35.6625,57.4398126169906,-3.2998));
#26040=VERTEX_POINT('',#26030);
#26050=EDGE_CURVE('',#25960,#26040,#26020,.T.);
#26060=ORIENTED_EDGE('',*,*,#26050,.F.);
#26070=CARTESIAN_POINT('',(35.6625,57.3698126169906,-3.14980000000005));
#26080=DIRECTION('',(0.,0.422885465331102,-0.906183139995276));
#26090=VECTOR('',#26080,1.);
#26100=LINE('',#26070,#26090);
#26110=EDGE_CURVE('',#24600,#26040,#26100,.T.);
#26120=ORIENTED_EDGE('',*,*,#26110,.T.);
#26130=ORIENTED_EDGE('',*,*,#24610,.T.);
#26140=ORIENTED_EDGE('',*,*,#14260,.F.);
#26150=CARTESIAN_POINT('',(35.6625,58.2198126169906,-5.5198));
#26160=DIRECTION('',(0.,0.,1.));
#26170=VECTOR('',#26160,1.);
#26180=LINE('',#26150,#26170);
#26190=CARTESIAN_POINT('',(35.6625,58.2198126169906,-5.3198));
#26200=VERTEX_POINT('',#26190);
#26210=EDGE_CURVE('',#14170,#26200,#26180,.T.);
#26220=ORIENTED_EDGE('',*,*,#26210,.F.);
#26230=CARTESIAN_POINT('',(35.6625,57.5698126169906,-5.3198));
#26240=DIRECTION('',(0.,1.,0.));
#26250=VECTOR('',#26240,1.);
#26260=LINE('',#26230,#26250);
#26270=EDGE_CURVE('',#25940,#26200,#26260,.T.);
#26280=ORIENTED_EDGE('',*,*,#26270,.T.);
#26290=EDGE_LOOP('',(#26280,#26220,#26140,#26130,#26120,#26060,#25980));
#26300=FACE_OUTER_BOUND('',#26290,.T.);
#26310=ADVANCED_FACE('',(#26300),#25880,.T.);
#26320=CARTESIAN_POINT('',(49.425,58.1173126169906,-5.3198));
#26330=DIRECTION('',(0.,0.,-1.));
#26340=DIRECTION('',(1.,0.,0.));
#26350=AXIS2_PLACEMENT_3D('',#26320,#26330,#26340);
#26360=PLANE('',#26350);
#26370=CARTESIAN_POINT('',(36.64,58.2198126169906,-5.3198));
#26380=DIRECTION('',(-1.,0.,0.));
#26390=VECTOR('',#26380,1.);
#26400=LINE('',#26370,#26390);
#26410=CARTESIAN_POINT('',(36.64,58.2198126169906,-5.3198));
#26420=VERTEX_POINT('',#26410);
#26430=EDGE_CURVE('',#26420,#26200,#26400,.T.);
#26440=ORIENTED_EDGE('',*,*,#26430,.T.);
#26450=CARTESIAN_POINT('',(36.64,58.2198126169906,-5.3198));
#26460=DIRECTION('',(0.,1.,0.));
#26470=VECTOR('',#26460,1.);
#26480=LINE('',#26450,#26470);
#26490=CARTESIAN_POINT('',(36.64,58.2798126169905,-5.3198));
#26500=VERTEX_POINT('',#26490);
#26510=EDGE_CURVE('',#26420,#26500,#26480,.T.);
#26520=ORIENTED_EDGE('',*,*,#26510,.F.);
#26530=CARTESIAN_POINT('',(36.64,58.2798126169905,-5.3198));
#26540=DIRECTION('',(-1.,0.,0.));
#26550=VECTOR('',#26540,1.);
#26560=LINE('',#26530,#26550);
#26570=CARTESIAN_POINT('',(35.34,58.2798126169905,-5.3198));
#26580=VERTEX_POINT('',#26570);
#26590=EDGE_CURVE('',#26500,#26580,#26560,.T.);
#26600=ORIENTED_EDGE('',*,*,#26590,.F.);
#26610=CARTESIAN_POINT('',(35.34,58.2798126169905,-5.3198));
#26620=DIRECTION('',(0.,1.,0.));
#26630=VECTOR('',#26620,1.);
#26640=LINE('',#26610,#26630);
#26650=CARTESIAN_POINT('',(35.34,58.7198126169906,-5.3198));
#26660=VERTEX_POINT('',#26650);
#26670=EDGE_CURVE('',#26580,#26660,#26640,.T.);
#26680=ORIENTED_EDGE('',*,*,#26670,.F.);
#26690=CARTESIAN_POINT('',(35.34,58.7198126169906,-5.3198));
#26700=DIRECTION('',(-1.,0.,0.));
#26710=VECTOR('',#26700,1.);
#26720=LINE('',#26690,#26710);
#26730=CARTESIAN_POINT('',(35.28,58.7198126169906,-5.3198));
#26740=VERTEX_POINT('',#26730);
#26750=EDGE_CURVE('',#26660,#26740,#26720,.T.);
#26760=ORIENTED_EDGE('',*,*,#26750,.F.);
#26770=CARTESIAN_POINT('',(35.1299999999999,58.8698126169906,-5.3198));
#26780=DIRECTION('',(0.707106781186548,-0.707106781186548,0.));
#26790=VECTOR('',#26780,1.);
#26800=LINE('',#26770,#26790);
#26810=EDGE_CURVE('',#23610,#26740,#26800,.T.);
#26820=ORIENTED_EDGE('',*,*,#26810,.T.);
#26830=ORIENTED_EDGE('',*,*,#23620,.T.);
#26840=CARTESIAN_POINT('',(34.775,57.5698126169906,-5.3198));
#26850=DIRECTION('',(0.,1.,0.));
#26860=VECTOR('',#26850,1.);
#26870=LINE('',#26840,#26860);
#26880=CARTESIAN_POINT('',(34.775,57.5698126169906,-5.3198));
#26890=VERTEX_POINT('',#26880);
#26900=EDGE_CURVE('',#26890,#23530,#26870,.T.);
#26910=ORIENTED_EDGE('',*,*,#26900,.T.);
#26920=CARTESIAN_POINT('',(35.5,57.5698126169906,-5.3198));
#26930=DIRECTION('',(-1.,0.,0.));
#26940=VECTOR('',#26930,1.);
#26950=LINE('',#26920,#26940);
#26960=CARTESIAN_POINT('',(35.5,57.5698126169906,-5.3198));
#26970=VERTEX_POINT('',#26960);
#26980=EDGE_CURVE('',#26970,#26890,#26950,.T.);
#26990=ORIENTED_EDGE('',*,*,#26980,.T.);
#27000=CARTESIAN_POINT('',(35.5,57.5698126169906,-5.3198));
#27010=DIRECTION('',(0.,1.,0.));
#27020=VECTOR('',#27010,1.);
#27030=LINE('',#27000,#27020);
#27040=CARTESIAN_POINT('',(35.5,58.2498126169906,-5.3198));
#27050=VERTEX_POINT('',#27040);
#27060=EDGE_CURVE('',#26970,#27050,#27030,.T.);
#27070=ORIENTED_EDGE('',*,*,#27060,.F.);
#27080=CARTESIAN_POINT('',(35.65,58.2498126169906,-5.3198));
#27090=DIRECTION('',(-1.,0.,0.));
#27100=VECTOR('',#27090,1.);
#27110=LINE('',#27080,#27100);
#27120=CARTESIAN_POINT('',(35.65,58.2498126169906,-5.3198));
#27130=VERTEX_POINT('',#27120);
#27140=EDGE_CURVE('',#27130,#27050,#27110,.T.);
#27150=ORIENTED_EDGE('',*,*,#27140,.T.);
#27160=CARTESIAN_POINT('',(35.65,57.5698126169906,-5.3198));
#27170=DIRECTION('',(0.,1.,0.));
#27180=VECTOR('',#27170,1.);
#27190=LINE('',#27160,#27180);
#27200=CARTESIAN_POINT('',(35.65,57.5698126169906,-5.3198));
#27210=VERTEX_POINT('',#27200);
#27220=EDGE_CURVE('',#27210,#27130,#27190,.T.);
#27230=ORIENTED_EDGE('',*,*,#27220,.T.);
#27240=CARTESIAN_POINT('',(35.6625,57.5698126169906,-5.3198));
#27250=DIRECTION('',(-1.,0.,0.));
#27260=VECTOR('',#27250,1.);
#27270=LINE('',#27240,#27260);
#27280=EDGE_CURVE('',#25940,#27210,#27270,.T.);
#27290=ORIENTED_EDGE('',*,*,#27280,.T.);
#27300=ORIENTED_EDGE('',*,*,#26270,.F.);
#27310=EDGE_LOOP('',(#27300,#27290,#27230,#27150,#27070,#26990,#26910,
#26830,#26820,#26760,#26680,#26600,#26520,#26440));
#27320=FACE_OUTER_BOUND('',#27310,.T.);
#27330=ADVANCED_FACE('',(#27320),#26360,.T.);
#27340=CARTESIAN_POINT('',(36.07,58.2198126169906,-5.3698));
#27350=DIRECTION('',(0.,1.,0.));
#27360=DIRECTION('',(0.,0.,-1.));
#27370=AXIS2_PLACEMENT_3D('',#27340,#27350,#27360);
#27380=PLANE('',#27370);
#27390=CARTESIAN_POINT('',(36.64,58.2198126169906,-5.5198));
#27400=DIRECTION('',(0.,0.,1.));
#27410=VECTOR('',#27400,1.);
#27420=LINE('',#27390,#27410);
#27430=EDGE_CURVE('',#14070,#26420,#27420,.T.);
#27440=ORIENTED_EDGE('',*,*,#27430,.F.);
#27450=ORIENTED_EDGE('',*,*,#26430,.F.);
#27460=ORIENTED_EDGE('',*,*,#26210,.T.);
#27470=ORIENTED_EDGE('',*,*,#14180,.T.);
#27480=EDGE_LOOP('',(#27470,#27460,#27450,#27440));
#27490=FACE_OUTER_BOUND('',#27480,.T.);
#27500=ADVANCED_FACE('',(#27490),#27380,.T.);
#27510=CARTESIAN_POINT('',(36.64,57.8123126169906,-4.99480000000001));
#27520=DIRECTION('',(-1.,0.,0.));
#27530=DIRECTION('',(0.,0.,1.));
#27540=AXIS2_PLACEMENT_3D('',#27510,#27520,#27530);
#27550=PLANE('',#27540);
#27560=ORIENTED_EDGE('',*,*,#14940,.T.);
#27570=ORIENTED_EDGE('',*,*,#15250,.F.);
#27580=ORIENTED_EDGE('',*,*,#15560,.T.);
#27590=ORIENTED_EDGE('',*,*,#15950,.T.);
#27600=CARTESIAN_POINT('',(36.64,57.6698126169906,-1.2198));
#27610=DIRECTION('',(0.,1.,0.));
#27620=VECTOR('',#27610,1.);
#27630=LINE('',#27600,#27620);
#27640=CARTESIAN_POINT('',(36.64,58.0398126169906,-1.2198));
#27650=VERTEX_POINT('',#27640);
#27660=EDGE_CURVE('',#15860,#27650,#27630,.T.);
#27670=ORIENTED_EDGE('',*,*,#27660,.F.);
#27680=CARTESIAN_POINT('',(36.64,58.0398126169906,-1.2198));
#27690=DIRECTION('',(0.,0.,-1.));
#27700=VECTOR('',#27690,1.);
#27710=LINE('',#27680,#27700);
#27720=CARTESIAN_POINT('',(36.64,58.0398126169906,-1.56979999999994));
#27730=VERTEX_POINT('',#27720);
#27740=EDGE_CURVE('',#27650,#27730,#27710,.T.);
#27750=ORIENTED_EDGE('',*,*,#27740,.F.);
#27760=CARTESIAN_POINT('',(36.64,58.1564792836573,-2.0598));
#27770=DIRECTION('',(0.,-0.231620527306039,0.972806214685367));
#27780=VECTOR('',#27770,1.);
#27790=LINE('',#27760,#27780);
#27800=CARTESIAN_POINT('',(36.64,58.1564792836573,-2.05980000000001));
#27810=VERTEX_POINT('',#27800);
#27820=EDGE_CURVE('',#27810,#27730,#27790,.T.);
#27830=ORIENTED_EDGE('',*,*,#27820,.T.);
#27840=CARTESIAN_POINT('',(36.64,58.1564792836573,-2.0598));
#27850=DIRECTION('',(0.,-1.,0.));
#27860=VECTOR('',#27850,1.);
#27870=LINE('',#27840,#27860);
#27880=CARTESIAN_POINT('',(36.64,57.9348126169905,-2.0598));
#27890=VERTEX_POINT('',#27880);
#27900=EDGE_CURVE('',#27810,#27890,#27870,.T.);
#27910=ORIENTED_EDGE('',*,*,#27900,.F.);
#27920=CARTESIAN_POINT('',(36.64,57.9348126169905,-3.18979999999999));
#27930=DIRECTION('',(0.,0.,1.));
#27940=VECTOR('',#27930,1.);
#27950=LINE('',#27920,#27940);
#27960=CARTESIAN_POINT('',(36.64,57.9348126169905,-3.18979999999999));
#27970=VERTEX_POINT('',#27960);
#27980=EDGE_CURVE('',#27970,#27890,#27950,.T.);
#27990=ORIENTED_EDGE('',*,*,#27980,.T.);
#28000=CARTESIAN_POINT('',(36.64,57.8848126169905,-3.18979999999999));
#28010=DIRECTION('',(0.,1.,0.));
#28020=VECTOR('',#28010,1.);
#28030=LINE('',#28000,#28020);
#28040=CARTESIAN_POINT('',(36.64,58.0498126169905,-3.18979999999999));
#28050=VERTEX_POINT('',#28040);
#28060=EDGE_CURVE('',#27970,#28050,#28030,.T.);
#28070=ORIENTED_EDGE('',*,*,#28060,.F.);
#28080=CARTESIAN_POINT('',(36.64,58.0498126169905,-3.96979999999999));
#28090=DIRECTION('',(0.,0.,1.));
#28100=VECTOR('',#28090,1.);
#28110=LINE('',#28080,#28100);
#28120=CARTESIAN_POINT('',(36.64,58.0498126169905,-3.96979999999999));
#28130=VERTEX_POINT('',#28120);
#28140=EDGE_CURVE('',#28130,#28050,#28110,.T.);
#28150=ORIENTED_EDGE('',*,*,#28140,.T.);
#28160=CARTESIAN_POINT('',(36.64,58.2798126169905,-3.96979999999999));
#28170=DIRECTION('',(0.,-1.,0.));
#28180=VECTOR('',#28170,1.);
#28190=LINE('',#28160,#28180);
#28200=CARTESIAN_POINT('',(36.64,58.2798126169905,-3.96979999999999));
#28210=VERTEX_POINT('',#28200);
#28220=EDGE_CURVE('',#28210,#28130,#28190,.T.);
#28230=ORIENTED_EDGE('',*,*,#28220,.T.);
#28240=CARTESIAN_POINT('',(36.64,58.2798126169905,-5.3198));
#28250=DIRECTION('',(0.,0.,1.));
#28260=VECTOR('',#28250,1.);
#28270=LINE('',#28240,#28260);
#28280=EDGE_CURVE('',#26500,#28210,#28270,.T.);
#28290=ORIENTED_EDGE('',*,*,#28280,.T.);
#28300=ORIENTED_EDGE('',*,*,#26510,.T.);
#28310=ORIENTED_EDGE('',*,*,#27430,.T.);
#28320=ORIENTED_EDGE('',*,*,#14100,.F.);
#28330=EDGE_LOOP('',(#28320,#28310,#28300,#28290,#28230,#28150,#28070,
#27990,#27910,#27830,#27750,#27670,#27590,#27580,#27570,#27560));
#28340=FACE_OUTER_BOUND('',#28330,.T.);
#28350=ADVANCED_FACE('',(#28340),#27550,.F.);
#28360=CARTESIAN_POINT('',(36.7575,57.3648126169906,-1.2198));
#28370=DIRECTION('',(0.,0.,-1.));
#28380=DIRECTION('',(0.,1.,0.));
#28390=AXIS2_PLACEMENT_3D('',#28360,#28370,#28380);
#28400=PLANE('',#28390);
#28410=ORIENTED_EDGE('',*,*,#27660,.T.);
#28420=ORIENTED_EDGE('',*,*,#15890,.F.);
#28430=ORIENTED_EDGE('',*,*,#16980,.F.);
#28440=CARTESIAN_POINT('',(40.21,58.0398126169906,-1.2198));
#28450=DIRECTION('',(-1.,0.,0.));
#28460=VECTOR('',#28450,1.);
#28470=LINE('',#28440,#28460);
#28480=EDGE_CURVE('',#16910,#27650,#28470,.T.);
#28490=ORIENTED_EDGE('',*,*,#28480,.F.);
#28500=EDGE_LOOP('',(#28490,#28430,#28420,#28410));
#28510=FACE_OUTER_BOUND('',#28500,.T.);
#28520=ADVANCED_FACE('',(#28510),#28400,.T.);
#28530=CARTESIAN_POINT('',(27.425,58.0398126169906,-1.5698));
#28540=DIRECTION('',(0.,-1.,1.58603289232165E-16));
#28550=DIRECTION('',(0.,-1.58603289232165E-16,-1.));
#28560=AXIS2_PLACEMENT_3D('',#28530,#28540,#28550);
#28570=PLANE('',#28560);
#28580=ORIENTED_EDGE('',*,*,#27740,.T.);
#28590=ORIENTED_EDGE('',*,*,#28480,.T.);
#28600=ORIENTED_EDGE('',*,*,#16920,.F.);
#28610=CARTESIAN_POINT('',(36.64,58.0398126169906,-1.5698));
#28620=DIRECTION('',(1.,0.,0.));
#28630=VECTOR('',#28620,1.);
#28640=LINE('',#28610,#28630);
#28650=EDGE_CURVE('',#27730,#16830,#28640,.T.);
#28660=ORIENTED_EDGE('',*,*,#28650,.T.);
#28670=EDGE_LOOP('',(#28660,#28600,#28590,#28580));
#28680=FACE_OUTER_BOUND('',#28670,.T.);
#28690=ADVANCED_FACE('',(#28680),#28570,.T.);
#28700=CARTESIAN_POINT('',(27.425,58.1898126169906,-2.1998));
#28710=DIRECTION('',(0.,-0.972806214685367,-0.23162052730604));
#28720=DIRECTION('',(0.,0.23162052730604,-0.972806214685367));
#28730=AXIS2_PLACEMENT_3D('',#28700,#28710,#28720);
#28740=PLANE('',#28730);
#28750=ORIENTED_EDGE('',*,*,#27820,.F.);
#28760=ORIENTED_EDGE('',*,*,#28650,.F.);
#28770=ORIENTED_EDGE('',*,*,#16840,.F.);
#28780=CARTESIAN_POINT('',(36.64,58.1564792836573,-2.05980000000001));
#28790=DIRECTION('',(1.,0.,0.));
#28800=VECTOR('',#28790,1.);
#28810=LINE('',#28780,#28800);
#28820=EDGE_CURVE('',#27810,#16750,#28810,.T.);
#28830=ORIENTED_EDGE('',*,*,#28820,.T.);
#28840=EDGE_LOOP('',(#28830,#28770,#28760,#28750));
#28850=FACE_OUTER_BOUND('',#28840,.T.);
#28860=ADVANCED_FACE('',(#28850),#28740,.T.);
#28870=CARTESIAN_POINT('',(41.1875,57.8848126169905,-2.0598));
#28880=DIRECTION('',(0.,-2.41352831440251E-16,-1.));
#28890=DIRECTION('',(0.,-1.,2.41352831440251E-16));
#28900=AXIS2_PLACEMENT_3D('',#28870,#28880,#28890);
#28910=PLANE('',#28900);
#28920=ORIENTED_EDGE('',*,*,#27900,.T.);
#28930=ORIENTED_EDGE('',*,*,#28820,.F.);
#28940=ORIENTED_EDGE('',*,*,#16760,.F.);
#28950=CARTESIAN_POINT('',(40.21,57.9348126169905,-2.0598));
#28960=DIRECTION('',(-1.,0.,0.));
#28970=VECTOR('',#28960,1.);
#28980=LINE('',#28950,#28970);
#28990=EDGE_CURVE('',#16670,#27890,#28980,.T.);
#29000=ORIENTED_EDGE('',*,*,#28990,.F.);
#29010=EDGE_LOOP('',(#29000,#28940,#28930,#28920));
#29020=FACE_OUTER_BOUND('',#29010,.T.);
#29030=ADVANCED_FACE('',(#29020),#28910,.F.);
#29040=CARTESIAN_POINT('',(24.925,57.9348126169905,-3.7648));
#29050=DIRECTION('',(4.37905770101505E-47,-1.,2.548052843402E-16));
#29060=DIRECTION('',(1.,4.37905770101505E-47,-6.81273574401304E-108));
#29070=AXIS2_PLACEMENT_3D('',#29040,#29050,#29060);
#29080=PLANE('',#29070);
#29090=CARTESIAN_POINT('',(40.15,57.9348126169905,-3.18979999999999));
#29100=DIRECTION('',(0.,0.,-1.));
#29110=VECTOR('',#29100,1.);
#29120=LINE('',#29090,#29110);
#29130=CARTESIAN_POINT('',(40.15,57.9348126169905,-3.18979999999999));
#29140=VERTEX_POINT('',#29130);
#29150=CARTESIAN_POINT('',(40.15,57.9348126169905,-5.0198));
#29160=VERTEX_POINT('',#29150);
#29170=EDGE_CURVE('',#29140,#29160,#29120,.T.);
#29180=ORIENTED_EDGE('',*,*,#29170,.F.);
#29190=CARTESIAN_POINT('',(36.7,57.9348126169905,-5.0198));
#29200=DIRECTION('',(1.,0.,0.));
#29210=VECTOR('',#29200,1.);
#29220=LINE('',#29190,#29210);
#29230=CARTESIAN_POINT('',(36.7,57.9348126169905,-5.0198));
#29240=VERTEX_POINT('',#29230);
#29250=EDGE_CURVE('',#29240,#29160,#29220,.T.);
#29260=ORIENTED_EDGE('',*,*,#29250,.T.);
#29270=CARTESIAN_POINT('',(36.7,57.9348126169905,-3.18979999999999));
#29280=DIRECTION('',(0.,0.,-1.));
#29290=VECTOR('',#29280,1.);
#29300=LINE('',#29270,#29290);
#29310=CARTESIAN_POINT('',(36.7,57.9348126169905,-3.18979999999999));
#29320=VERTEX_POINT('',#29310);
#29330=EDGE_CURVE('',#29320,#29240,#29300,.T.);
#29340=ORIENTED_EDGE('',*,*,#29330,.T.);
#29350=CARTESIAN_POINT('',(36.7,57.9348126169905,-3.18979999999999));
#29360=DIRECTION('',(-1.,0.,0.));
#29370=VECTOR('',#29360,1.);
#29380=LINE('',#29350,#29370);
#29390=EDGE_CURVE('',#29320,#27970,#29380,.T.);
#29400=ORIENTED_EDGE('',*,*,#29390,.F.);
#29410=ORIENTED_EDGE('',*,*,#27980,.F.);
#29420=ORIENTED_EDGE('',*,*,#28990,.T.);
#29430=ORIENTED_EDGE('',*,*,#16680,.T.);
#29440=CARTESIAN_POINT('',(40.21,57.9348126169905,-3.18979999999999));
#29450=DIRECTION('',(-1.,0.,0.));
#29460=VECTOR('',#29450,1.);
#29470=LINE('',#29440,#29460);
#29480=EDGE_CURVE('',#16590,#29140,#29470,.T.);
#29490=ORIENTED_EDGE('',*,*,#29480,.F.);
#29500=EDGE_LOOP('',(#29490,#29430,#29420,#29410,#29400,#29340,#29260,
#29180));
#29510=FACE_OUTER_BOUND('',#29500,.T.);
#29520=ADVANCED_FACE('',(#29510),#29080,.T.);
#29530=CARTESIAN_POINT('',(41.1875,58.0498126169905,-3.18979999999999));
#29540=DIRECTION('',(0.,2.548052843402E-16,1.));
#29550=DIRECTION('',(0.,1.,-2.548052843402E-16));
#29560=AXIS2_PLACEMENT_3D('',#29530,#29540,#29550);
#29570=PLANE('',#29560);
#29580=ORIENTED_EDGE('',*,*,#29480,.T.);
#29590=ORIENTED_EDGE('',*,*,#16600,.F.);
#29600=CARTESIAN_POINT('',(40.15,58.0498126169905,-3.18979999999999));
#29610=DIRECTION('',(1.,0.,0.));
#29620=VECTOR('',#29610,1.);
#29630=LINE('',#29600,#29620);
#29640=CARTESIAN_POINT('',(40.15,58.0498126169905,-3.18979999999999));
#29650=VERTEX_POINT('',#29640);
#29660=EDGE_CURVE('',#29650,#16510,#29630,.T.);
#29670=ORIENTED_EDGE('',*,*,#29660,.T.);
#29680=CARTESIAN_POINT('',(40.15,57.8848126169905,-3.18979999999999));
#29690=DIRECTION('',(0.,1.,0.));
#29700=VECTOR('',#29690,1.);
#29710=LINE('',#29680,#29700);
#29720=EDGE_CURVE('',#29140,#29650,#29710,.T.);
#29730=ORIENTED_EDGE('',*,*,#29720,.T.);
#29740=EDGE_LOOP('',(#29730,#29670,#29590,#29580));
#29750=FACE_OUTER_BOUND('',#29740,.T.);
#29760=ADVANCED_FACE('',(#29750),#29570,.F.);
#29770=CARTESIAN_POINT('',(40.15,58.6974965629116,-4.52979999999999));
#29780=DIRECTION('',(-1.,0.,0.));
#29790=DIRECTION('',(0.,-9.28158577677964E-47,1.));
#29800=AXIS2_PLACEMENT_3D('',#29770,#29780,#29790);
#29810=PLANE('',#29800);
#29820=ORIENTED_EDGE('',*,*,#29720,.F.);
#29830=CARTESIAN_POINT('',(40.15,58.0498126169905,-3.18979999999999));
#29840=DIRECTION('',(0.,0.,-1.));
#29850=VECTOR('',#29840,1.);
#29860=LINE('',#29830,#29850);
#29870=CARTESIAN_POINT('',(40.15,58.0498126169905,-3.96979999999999));
#29880=VERTEX_POINT('',#29870);
#29890=EDGE_CURVE('',#29650,#29880,#29860,.T.);
#29900=ORIENTED_EDGE('',*,*,#29890,.F.);
#29910=CARTESIAN_POINT('',(40.15,58.2798126169905,-3.96979999999999));
#29920=DIRECTION('',(0.,-1.,0.));
#29930=VECTOR('',#29920,1.);
#29940=LINE('',#29910,#29930);
#29950=CARTESIAN_POINT('',(40.15,58.2798126169905,-3.96979999999999));
#29960=VERTEX_POINT('',#29950);
#29970=EDGE_CURVE('',#29960,#29880,#29940,.T.);
#29980=ORIENTED_EDGE('',*,*,#29970,.T.);
#29990=CARTESIAN_POINT('',(40.15,58.2798126169905,-3.96979999999999));
#30000=DIRECTION('',(0.,0.,-1.));
#30010=VECTOR('',#30000,1.);
#30020=LINE('',#29990,#30010);
#30030=CARTESIAN_POINT('',(40.15,58.2798126169905,-5.0198));
#30040=VERTEX_POINT('',#30030);
#30050=EDGE_CURVE('',#29960,#30040,#30020,.T.);
#30060=ORIENTED_EDGE('',*,*,#30050,.F.);
#30070=CARTESIAN_POINT('',(40.15,57.8848126169905,-5.0198));
#30080=DIRECTION('',(0.,1.,0.));
#30090=VECTOR('',#30080,1.);
#30100=LINE('',#30070,#30090);
#30110=EDGE_CURVE('',#29160,#30040,#30100,.T.);
#30120=ORIENTED_EDGE('',*,*,#30110,.T.);
#30130=ORIENTED_EDGE('',*,*,#29170,.T.);
#30140=EDGE_LOOP('',(#30130,#30120,#30060,#29980,#29900,#29820));
#30150=FACE_OUTER_BOUND('',#30140,.T.);
#30160=ADVANCED_FACE('',(#30150),#29810,.F.);
#30170=CARTESIAN_POINT('',(41.51,58.0498126169905,-3.96979999999999));
#30180=DIRECTION('',(-5.285882920079E-62,1.,2.58962265493832E-16));
#30190=DIRECTION('',(0.,2.58962265493832E-16,-1.));
#30200=AXIS2_PLACEMENT_3D('',#30170,#30180,#30190);
#30210=PLANE('',#30200);
#30220=CARTESIAN_POINT('',(40.21,58.0498126169905,-3.96979999999999));
#30230=DIRECTION('',(-1.,0.,0.));
#30240=VECTOR('',#30230,1.);
#30250=LINE('',#30220,#30240);
#30260=EDGE_CURVE('',#16430,#29880,#30250,.T.);
#30270=ORIENTED_EDGE('',*,*,#30260,.F.);
#30280=ORIENTED_EDGE('',*,*,#29890,.T.);
#30290=ORIENTED_EDGE('',*,*,#29660,.F.);
#30300=ORIENTED_EDGE('',*,*,#16520,.F.);
#30310=EDGE_LOOP('',(#30300,#30290,#30280,#30270));
#30320=FACE_OUTER_BOUND('',#30310,.T.);
#30330=ADVANCED_FACE('',(#30320),#30210,.F.);
#30340=CARTESIAN_POINT('',(41.51,58.2751805088326,-3.96979999999999));
#30350=DIRECTION('',(-6.03541136127727E-16,-1.39223786651695E-46,1.));
#30360=DIRECTION('',(1.53785470802033E-31,-1.,-4.64079288838986E-47));
#30370=AXIS2_PLACEMENT_3D('',#30340,#30350,#30360);
#30380=PLANE('',#30370);
#30390=ORIENTED_EDGE('',*,*,#16440,.F.);
#30400=CARTESIAN_POINT('',(40.15,58.2798126169905,-3.96979999999999));
#30410=DIRECTION('',(1.,0.,0.));
#30420=VECTOR('',#30410,1.);
#30430=LINE('',#30400,#30420);
#30440=EDGE_CURVE('',#29960,#16350,#30430,.T.);
#30450=ORIENTED_EDGE('',*,*,#30440,.T.);
#30460=ORIENTED_EDGE('',*,*,#29970,.F.);
#30470=ORIENTED_EDGE('',*,*,#30260,.T.);
#30480=EDGE_LOOP('',(#30470,#30460,#30450,#30390));
#30490=FACE_OUTER_BOUND('',#30480,.T.);
#30500=ADVANCED_FACE('',(#30490),#30380,.F.);
#30510=CARTESIAN_POINT('',(41.51,58.2798126169905,-5.51979999999999));
#30520=DIRECTION('',(-5.285882920079E-62,1.,3.66395572572485E-16));
#30530=DIRECTION('',(0.,3.66395572572485E-16,-1.));
#30540=AXIS2_PLACEMENT_3D('',#30510,#30520,#30530);
#30550=PLANE('',#30540);
#30560=CARTESIAN_POINT('',(41.51,58.2798126169905,-5.3198));
#30570=DIRECTION('',(0.,0.,-1.));
#30580=VECTOR('',#30570,1.);
#30590=LINE('',#30560,#30580);
#30600=CARTESIAN_POINT('',(41.51,58.2798126169905,-5.51979999999999));
#30610=VERTEX_POINT('',#30600);
#30620=EDGE_CURVE('',#18140,#30610,#30590,.T.);
#30630=ORIENTED_EDGE('',*,*,#30620,.F.);
#30640=CARTESIAN_POINT('',(41.51,58.2798126169905,-5.51979999999999));
#30650=DIRECTION('',(-1.,0.,-6.53072367426563E-16));
#30660=VECTOR('',#30650,1.);
#30670=LINE('',#30640,#30660);
#30680=CARTESIAN_POINT('',(40.15,58.2798126169905,-5.51979999999999));
#30690=VERTEX_POINT('',#30680);
#30700=EDGE_CURVE('',#30610,#30690,#30670,.T.);
#30710=ORIENTED_EDGE('',*,*,#30700,.F.);
#30720=CARTESIAN_POINT('',(40.15,58.2798126169905,-5.0198));
#30730=DIRECTION('',(0.,0.,-1.));
#30740=VECTOR('',#30730,1.);
#30750=LINE('',#30720,#30740);
#30760=EDGE_CURVE('',#30040,#30690,#30750,.T.);
#30770=ORIENTED_EDGE('',*,*,#30760,.T.);
#30780=ORIENTED_EDGE('',*,*,#30050,.T.);
#30790=ORIENTED_EDGE('',*,*,#30440,.F.);
#30800=ORIENTED_EDGE('',*,*,#16360,.F.);
#30810=ORIENTED_EDGE('',*,*,#18210,.T.);
#30820=EDGE_LOOP('',(#30810,#30800,#30790,#30780,#30770,#30710,#30630));
#30830=FACE_OUTER_BOUND('',#30820,.T.);
#30840=ADVANCED_FACE('',(#30830),#30550,.F.);
#30850=CARTESIAN_POINT('',(41.51,58.5748126169905,-4.47794324960458));
#30860=DIRECTION('',(-1.,0.,0.));
#30870=DIRECTION('',(0.,-9.28158577677964E-47,1.));
#30880=AXIS2_PLACEMENT_3D('',#30850,#30860,#30870);
#30890=PLANE('',#30880);
#30900=CARTESIAN_POINT('',(41.51,58.6698126169905,-5.31979999999999));
#30910=DIRECTION('',(1.,-3.85858985394006E-28,2.46752369189526E-40));
#30920=DIRECTION('',(0.,-6.3948846218409E-13,-1.));
#30930=AXIS2_PLACEMENT_3D('',#30900,#30910,#30920);
#30940=CIRCLE('',#30930,0.2);
#30950=CARTESIAN_POINT('',(41.51,58.6698126169904,-5.51979999999999));
#30960=VERTEX_POINT('',#30950);
#30970=CARTESIAN_POINT('',(41.51,58.8698126169905,-5.31979999999998));
#30980=VERTEX_POINT('',#30970);
#30990=EDGE_CURVE('',#30960,#30980,#30940,.T.);
#31000=ORIENTED_EDGE('',*,*,#30990,.T.);
#31010=CARTESIAN_POINT('',(41.51,58.6698126169905,-5.51979999999999));
#31020=DIRECTION('',(0.,-1.,0.));
#31030=VECTOR('',#31020,1.);
#31040=LINE('',#31010,#31030);
#31050=EDGE_CURVE('',#30960,#30610,#31040,.T.);
#31060=ORIENTED_EDGE('',*,*,#31050,.F.);
#31070=ORIENTED_EDGE('',*,*,#30620,.T.);
#31080=ORIENTED_EDGE('',*,*,#18150,.T.);
#31090=CARTESIAN_POINT('',(41.51,58.7198126169906,-5.3198));
#31100=DIRECTION('',(0.,0.,1.));
#31110=VECTOR('',#31100,1.);
#31120=LINE('',#31090,#31110);
#31130=CARTESIAN_POINT('',(41.51,58.7198126169906,-3.54427368421054));
#31140=VERTEX_POINT('',#31130);
#31150=EDGE_CURVE('',#18060,#31140,#31120,.T.);
#31160=ORIENTED_EDGE('',*,*,#31150,.F.);
#31170=CARTESIAN_POINT('',(41.51,58.8313359361844,-3.57068710191433));
#31180=DIRECTION('',(0.,-0.973080287490005,0.23046638387923));
#31190=VECTOR('',#31180,1.);
#31200=LINE('',#31170,#31190);
#31210=CARTESIAN_POINT('',(41.51,58.8313359361844,-3.57068710191433));
#31220=VERTEX_POINT('',#31210);
#31230=EDGE_CURVE('',#31220,#31140,#31200,.T.);
#31240=ORIENTED_EDGE('',*,*,#31230,.T.);
#31250=CARTESIAN_POINT('',(41.51,58.8198126169905,-3.61934111628885));
#31260=DIRECTION('',(1.,-1.05934552834028E-58,-1.03714524493252E-47));
#31270=DIRECTION('',(0.,1.,-1.0214051826552E-11));
#31280=AXIS2_PLACEMENT_3D('',#31250,#31260,#31270);
#31290=CIRCLE('',#31280,0.05);
#31300=CARTESIAN_POINT('',(41.51,58.8698126169905,-3.61934111628885));
#31310=VERTEX_POINT('',#31300);
#31320=EDGE_CURVE('',#31310,#31220,#31290,.T.);
#31330=ORIENTED_EDGE('',*,*,#31320,.T.);
#31340=CARTESIAN_POINT('',(41.51,58.8698126169905,-3.61934111628885));
#31350=DIRECTION('',(0.,0.,-1.));
#31360=VECTOR('',#31350,1.);
#31370=LINE('',#31340,#31360);
#31380=EDGE_CURVE('',#31310,#30980,#31370,.T.);
#31390=ORIENTED_EDGE('',*,*,#31380,.F.);
#31400=EDGE_LOOP('',(#31390,#31330,#31240,#31160,#31080,#31070,#31060,
#31000));
#31410=FACE_OUTER_BOUND('',#31400,.T.);
#31420=ADVANCED_FACE('',(#31410),#30890,.F.);
#31430=CARTESIAN_POINT('',(24.925,58.8698126169905,-4.59479999999999));
#31440=DIRECTION('',(-4.37905770101505E-47,1.,-2.548052843402E-16));
#31450=DIRECTION('',(-1.,-4.37905770101505E-47,6.81273574401304E-108));
#31460=AXIS2_PLACEMENT_3D('',#31430,#31440,#31450);
#31470=PLANE('',#31460);
#31480=CARTESIAN_POINT('',(41.51,58.8698126169905,-3.61934111628885));
#31490=DIRECTION('',(-1.,0.,0.));
#31500=VECTOR('',#31490,1.);
#31510=LINE('',#31480,#31500);
#31520=CARTESIAN_POINT('',(35.34,58.8698126169905,-3.61934111628889));
#31530=VERTEX_POINT('',#31520);
#31540=EDGE_CURVE('',#31310,#31530,#31510,.T.);
#31550=ORIENTED_EDGE('',*,*,#31540,.F.);
#31560=CARTESIAN_POINT('',(35.34,58.8698126169905,-3.61934111628893));
#31570=DIRECTION('',(0.,0.,-1.));
#31580=VECTOR('',#31570,1.);
#31590=LINE('',#31560,#31580);
#31600=CARTESIAN_POINT('',(35.34,58.8698126169905,-5.31979999999999));
#31610=VERTEX_POINT('',#31600);
#31620=EDGE_CURVE('',#31530,#31610,#31590,.T.);
#31630=ORIENTED_EDGE('',*,*,#31620,.F.);
#31640=CARTESIAN_POINT('',(35.34,58.8698126169905,-5.31979999999999));
#31650=DIRECTION('',(1.,0.,5.75804486029254E-16));
#31660=VECTOR('',#31650,1.);
#31670=LINE('',#31640,#31660);
#31680=EDGE_CURVE('',#31610,#30980,#31670,.T.);
#31690=ORIENTED_EDGE('',*,*,#31680,.F.);
#31700=ORIENTED_EDGE('',*,*,#31380,.T.);
#31710=EDGE_LOOP('',(#31700,#31690,#31630,#31550));
#31720=FACE_OUTER_BOUND('',#31710,.T.);
#31730=ADVANCED_FACE('',(#31720),#31470,.T.);
#31740=CARTESIAN_POINT('',(22.425,58.8198126169905,-3.61934111628885));
#31750=DIRECTION('',(1.,4.37905770101505E-47,-1.03714524497725E-47));
#31760=DIRECTION('',(4.37905770101505E-47,-1.,-9.28158577677964E-47));
#31770=AXIS2_PLACEMENT_3D('',#31740,#31750,#31760);
#31780=CYLINDRICAL_SURFACE('',#31770,0.05);
#31790=CARTESIAN_POINT('',(35.34,58.8198126169905,-3.61934111628885));
#31800=DIRECTION('',(-1.,-4.37905770102138E-47,1.03714524495054E-47));
#31810=DIRECTION('',(-1.21543267145725E-63,0.230466383873278,
0.973080287491415));
#31820=AXIS2_PLACEMENT_3D('',#31790,#31800,#31810);
#31830=CIRCLE('',#31820,0.05);
#31840=CARTESIAN_POINT('',(35.34,58.8313359361843,-3.57068710191431));
#31850=VERTEX_POINT('',#31840);
#31860=EDGE_CURVE('',#31850,#31530,#31830,.T.);
#31870=ORIENTED_EDGE('',*,*,#31860,.F.);
#31880=ORIENTED_EDGE('',*,*,#31540,.T.);
#31890=ORIENTED_EDGE('',*,*,#31320,.F.);
#31900=CARTESIAN_POINT('',(35.34,58.8313359361844,-3.57068710191434));
#31910=DIRECTION('',(1.,0.,0.));
#31920=VECTOR('',#31910,1.);
#31930=LINE('',#31900,#31920);
#31940=EDGE_CURVE('',#31850,#31220,#31930,.T.);
#31950=ORIENTED_EDGE('',*,*,#31940,.T.);
#31960=EDGE_LOOP('',(#31950,#31890,#31880,#31870));
#31970=FACE_OUTER_BOUND('',#31960,.T.);
#31980=ADVANCED_FACE('',(#31970),#31780,.T.);
#31990=CARTESIAN_POINT('',(8.34,58.8698126169905,-3.57979999999999));
#32000=DIRECTION('',(0.,-0.230466383879214,-0.973080287490009));
#32010=DIRECTION('',(0.,0.973080287490009,-0.230466383879214));
#32020=AXIS2_PLACEMENT_3D('',#31990,#32000,#32010);
#32030=PLANE('',#32020);
#32040=CARTESIAN_POINT('',(36.64,58.5282892977969,-3.49891289808576));
#32050=DIRECTION('',(0.,0.973080287490009,-0.230466383879216));
#32060=VECTOR('',#32050,1.);
#32070=LINE('',#32040,#32060);
#32080=CARTESIAN_POINT('',(36.64,58.5282892977967,-3.49891289808567));
#32090=VERTEX_POINT('',#32080);
#32100=CARTESIAN_POINT('',(36.64,58.7198126169906,-3.54427368421054));
#32110=VERTEX_POINT('',#32100);
#32120=EDGE_CURVE('',#32090,#32110,#32070,.T.);
#32130=ORIENTED_EDGE('',*,*,#32120,.F.);
#32140=CARTESIAN_POINT('',(36.64,58.7198126169906,-3.54427368421054));
#32150=DIRECTION('',(-1.,0.,0.));
#32160=VECTOR('',#32150,1.);
#32170=LINE('',#32140,#32160);
#32180=CARTESIAN_POINT('',(35.34,58.7198126169906,-3.54427368421054));
#32190=VERTEX_POINT('',#32180);
#32200=EDGE_CURVE('',#32110,#32190,#32170,.T.);
#32210=ORIENTED_EDGE('',*,*,#32200,.F.);
#32220=CARTESIAN_POINT('',(35.34,58.7198126169906,-3.54427368421054));
#32230=DIRECTION('',(0.,0.973080287490013,-0.230466383879198));
#32240=VECTOR('',#32230,1.);
#32250=LINE('',#32220,#32240);
#32260=EDGE_CURVE('',#32190,#31850,#32250,.T.);
#32270=ORIENTED_EDGE('',*,*,#32260,.F.);
#32280=ORIENTED_EDGE('',*,*,#31940,.F.);
#32290=ORIENTED_EDGE('',*,*,#31230,.F.);
#32300=CARTESIAN_POINT('',(41.51,58.7198126169906,-3.54427368421054));
#32310=DIRECTION('',(-1.,0.,0.));
#32320=VECTOR('',#32310,1.);
#32330=LINE('',#32300,#32320);
#32340=CARTESIAN_POINT('',(40.21,58.7198126169906,-3.54427368421055));
#32350=VERTEX_POINT('',#32340);
#32360=EDGE_CURVE('',#31140,#32350,#32330,.T.);
#32370=ORIENTED_EDGE('',*,*,#32360,.F.);
#32380=CARTESIAN_POINT('',(40.21,58.7198126169906,-3.54427368421057));
#32390=DIRECTION('',(0.,-0.973080287490007,0.230466383879223));
#32400=VECTOR('',#32390,1.);
#32410=LINE('',#32380,#32400);
#32420=CARTESIAN_POINT('',(40.21,58.5282892977974,-3.49891289808584));
#32430=VERTEX_POINT('',#32420);
#32440=EDGE_CURVE('',#32350,#32430,#32410,.T.);
#32450=ORIENTED_EDGE('',*,*,#32440,.F.);
#32460=CARTESIAN_POINT('',(40.21,58.5282892977965,-3.49891289808562));
#32470=DIRECTION('',(-1.,0.,0.));
#32480=VECTOR('',#32470,1.);
#32490=LINE('',#32460,#32480);
#32500=EDGE_CURVE('',#32430,#32090,#32490,.T.);
#32510=ORIENTED_EDGE('',*,*,#32500,.F.);
#32520=EDGE_LOOP('',(#32510,#32450,#32370,#32290,#32280,#32270,#32210,
#32130));
#32530=FACE_OUTER_BOUND('',#32520,.T.);
#32540=ADVANCED_FACE('',(#32530),#32030,.F.);
#32550=CARTESIAN_POINT('',(22.425,58.5398126169905,-3.45025888371113));
#32560=DIRECTION('',(-1.,-1.1071397616011E-31,2.62217311958157E-32));
#32570=DIRECTION('',(-1.1071397616011E-31,1.,9.28158577677964E-47));
#32580=AXIS2_PLACEMENT_3D('',#32550,#32560,#32570);
#32590=CYLINDRICAL_SURFACE('',#32580,0.05);
#32600=CARTESIAN_POINT('',(36.64,58.5398126169905,-3.45025888371113));
#32610=DIRECTION('',(1.,-2.5106162684761E-43,-2.62217311947557E-32));
#32620=DIRECTION('',(0.,-1.,9.57456336436789E-12));
#32630=AXIS2_PLACEMENT_3D('',#32600,#32610,#32620);
#32640=CIRCLE('',#32630,0.05);
#32650=CARTESIAN_POINT('',(36.64,58.4898126169905,-3.45025888371089));
#32660=VERTEX_POINT('',#32650);
#32670=EDGE_CURVE('',#32660,#32090,#32640,.T.);
#32680=ORIENTED_EDGE('',*,*,#32670,.F.);
#32690=ORIENTED_EDGE('',*,*,#32500,.T.);
#32700=CARTESIAN_POINT('',(40.21,58.5398126169905,-3.45025888371113));
#32710=DIRECTION('',(-1.,-1.10713976161093E-31,2.62217311916642E-32));
#32720=DIRECTION('',(0.,-0.230466383842726,-0.973080287498651));
#32730=AXIS2_PLACEMENT_3D('',#32700,#32710,#32720);
#32740=CIRCLE('',#32730,0.05);
#32750=CARTESIAN_POINT('',(40.21,58.4898126169905,-3.45025888371109));
#32760=VERTEX_POINT('',#32750);
#32770=EDGE_CURVE('',#32430,#32760,#32740,.T.);
#32780=ORIENTED_EDGE('',*,*,#32770,.F.);
#32790=CARTESIAN_POINT('',(36.64,58.4898126169905,-3.45025888371113));
#32800=DIRECTION('',(1.,0.,0.));
#32810=VECTOR('',#32800,1.);
#32820=LINE('',#32790,#32810);
#32830=EDGE_CURVE('',#32660,#32760,#32820,.T.);
#32840=ORIENTED_EDGE('',*,*,#32830,.T.);
#32850=EDGE_LOOP('',(#32840,#32780,#32690,#32680));
#32860=FACE_OUTER_BOUND('',#32850,.T.);
#32870=ADVANCED_FACE('',(#32860),#32590,.F.);
#32880=CARTESIAN_POINT('',(24.925,58.4898126169905,-2.6798));
#32890=DIRECTION('',(1.1071397616011E-31,-1.,4.38245930773088E-16));
#32900=DIRECTION('',(6.03541136127727E-16,4.38245930773088E-16,1.));
#32910=AXIS2_PLACEMENT_3D('',#32880,#32890,#32900);
#32920=PLANE('',#32910);
#32930=CARTESIAN_POINT('',(39.615,58.4898126169905,-2.94730000000007));
#32940=DIRECTION('',(1.,0.,0.));
#32950=VECTOR('',#32940,1.);
#32960=LINE('',#32930,#32950);
#32970=CARTESIAN_POINT('',(39.615,58.4898126169905,-2.94729999999992));
#32980=VERTEX_POINT('',#32970);
#32990=CARTESIAN_POINT('',(39.735,58.4898126169905,-2.94730000000007));
#33000=VERTEX_POINT('',#32990);
#33010=EDGE_CURVE('',#32980,#33000,#32960,.T.);
#33020=ORIENTED_EDGE('',*,*,#33010,.T.);
#33030=CARTESIAN_POINT('',(39.615,58.4898126169905,-2.94729999999977));
#33040=DIRECTION('',(0.,0.,1.));
#33050=VECTOR('',#33040,1.);
#33060=LINE('',#33030,#33050);
#33070=CARTESIAN_POINT('',(39.615,58.4898126169905,-2.1998));
#33080=VERTEX_POINT('',#33070);
#33090=EDGE_CURVE('',#32980,#33080,#33060,.T.);
#33100=ORIENTED_EDGE('',*,*,#33090,.F.);
#33110=CARTESIAN_POINT('',(39.235,58.4898126169905,-2.1998));
#33120=DIRECTION('',(1.,0.,0.));
#33130=VECTOR('',#33120,1.);
#33140=LINE('',#33110,#33130);
#33150=CARTESIAN_POINT('',(39.235,58.4898126169905,-2.1998));
#33160=VERTEX_POINT('',#33150);
#33170=EDGE_CURVE('',#33160,#33080,#33140,.T.);
#33180=ORIENTED_EDGE('',*,*,#33170,.T.);
#33190=CARTESIAN_POINT('',(39.235,58.4898126169905,-2.94730000000007));
#33200=DIRECTION('',(0.,0.,1.));
#33210=VECTOR('',#33200,1.);
#33220=LINE('',#33190,#33210);
#33230=CARTESIAN_POINT('',(39.235,58.4898126169905,-2.94730000000007));
#33240=VERTEX_POINT('',#33230);
#33250=EDGE_CURVE('',#33240,#33160,#33220,.T.);
#33260=ORIENTED_EDGE('',*,*,#33250,.T.);
#33270=CARTESIAN_POINT('',(39.115,58.4898126169905,-2.94730000000007));
#33280=DIRECTION('',(1.,0.,0.));
#33290=VECTOR('',#33280,1.);
#33300=LINE('',#33270,#33290);
#33310=CARTESIAN_POINT('',(39.115,58.4898126169905,-2.94729999999992));
#33320=VERTEX_POINT('',#33310);
#33330=EDGE_CURVE('',#33320,#33240,#33300,.T.);
#33340=ORIENTED_EDGE('',*,*,#33330,.T.);
#33350=CARTESIAN_POINT('',(39.115,58.4898126169905,-2.94729999999977));
#33360=DIRECTION('',(0.,0.,1.));
#33370=VECTOR('',#33360,1.);
#33380=LINE('',#33350,#33370);
#33390=CARTESIAN_POINT('',(39.115,58.4898126169905,-2.1998));
#33400=VERTEX_POINT('',#33390);
#33410=EDGE_CURVE('',#33320,#33400,#33380,.T.);
#33420=ORIENTED_EDGE('',*,*,#33410,.F.);
#33430=CARTESIAN_POINT('',(38.735,58.4898126169905,-2.1998));
#33440=DIRECTION('',(1.,0.,0.));
#33450=VECTOR('',#33440,1.);
#33460=LINE('',#33430,#33450);
#33470=CARTESIAN_POINT('',(38.735,58.4898126169905,-2.1998));
#33480=VERTEX_POINT('',#33470);
#33490=EDGE_CURVE('',#33480,#33400,#33460,.T.);
#33500=ORIENTED_EDGE('',*,*,#33490,.T.);
#33510=CARTESIAN_POINT('',(38.735,58.4898126169905,-2.94730000000007));
#33520=DIRECTION('',(0.,0.,1.));
#33530=VECTOR('',#33520,1.);
#33540=LINE('',#33510,#33530);
#33550=CARTESIAN_POINT('',(38.735,58.4898126169905,-2.94730000000007));
#33560=VERTEX_POINT('',#33550);
#33570=EDGE_CURVE('',#33560,#33480,#33540,.T.);
#33580=ORIENTED_EDGE('',*,*,#33570,.T.);
#33590=CARTESIAN_POINT('',(38.615,58.4898126169905,-2.94730000000007));
#33600=DIRECTION('',(1.,0.,0.));
#33610=VECTOR('',#33600,1.);
#33620=LINE('',#33590,#33610);
#33630=CARTESIAN_POINT('',(38.615,58.4898126169905,-2.94729999999992));
#33640=VERTEX_POINT('',#33630);
#33650=EDGE_CURVE('',#33640,#33560,#33620,.T.);
#33660=ORIENTED_EDGE('',*,*,#33650,.T.);
#33670=CARTESIAN_POINT('',(38.615,58.4898126169905,-2.94729999999977));
#33680=DIRECTION('',(0.,0.,1.));
#33690=VECTOR('',#33680,1.);
#33700=LINE('',#33670,#33690);
#33710=CARTESIAN_POINT('',(38.615,58.4898126169905,-2.1998));
#33720=VERTEX_POINT('',#33710);
#33730=EDGE_CURVE('',#33640,#33720,#33700,.T.);
#33740=ORIENTED_EDGE('',*,*,#33730,.F.);
#33750=CARTESIAN_POINT('',(38.235,58.4898126169905,-2.1998));
#33760=DIRECTION('',(1.,0.,0.));
#33770=VECTOR('',#33760,1.);
#33780=LINE('',#33750,#33770);
#33790=CARTESIAN_POINT('',(38.235,58.4898126169905,-2.1998));
#33800=VERTEX_POINT('',#33790);
#33810=EDGE_CURVE('',#33800,#33720,#33780,.T.);
#33820=ORIENTED_EDGE('',*,*,#33810,.T.);
#33830=CARTESIAN_POINT('',(38.235,58.4898126169905,-2.94730000000007));
#33840=DIRECTION('',(0.,0.,1.));
#33850=VECTOR('',#33840,1.);
#33860=LINE('',#33830,#33850);
#33870=CARTESIAN_POINT('',(38.235,58.4898126169905,-2.94730000000007));
#33880=VERTEX_POINT('',#33870);
#33890=EDGE_CURVE('',#33880,#33800,#33860,.T.);
#33900=ORIENTED_EDGE('',*,*,#33890,.T.);
#33910=CARTESIAN_POINT('',(38.115,58.4898126169905,-2.94730000000007));
#33920=DIRECTION('',(1.,0.,0.));
#33930=VECTOR('',#33920,1.);
#33940=LINE('',#33910,#33930);
#33950=CARTESIAN_POINT('',(38.115,58.4898126169905,-2.94729999999992));
#33960=VERTEX_POINT('',#33950);
#33970=EDGE_CURVE('',#33960,#33880,#33940,.T.);
#33980=ORIENTED_EDGE('',*,*,#33970,.T.);
#33990=CARTESIAN_POINT('',(38.115,58.4898126169905,-2.94729999999977));
#34000=DIRECTION('',(0.,0.,1.));
#34010=VECTOR('',#34000,1.);
#34020=LINE('',#33990,#34010);
#34030=CARTESIAN_POINT('',(38.115,58.4898126169905,-2.1998));
#34040=VERTEX_POINT('',#34030);
#34050=EDGE_CURVE('',#33960,#34040,#34020,.T.);
#34060=ORIENTED_EDGE('',*,*,#34050,.F.);
#34070=CARTESIAN_POINT('',(37.735,58.4898126169905,-2.1998));
#34080=DIRECTION('',(1.,0.,0.));
#34090=VECTOR('',#34080,1.);
#34100=LINE('',#34070,#34090);
#34110=CARTESIAN_POINT('',(37.735,58.4898126169905,-2.1998));
#34120=VERTEX_POINT('',#34110);
#34130=EDGE_CURVE('',#34120,#34040,#34100,.T.);
#34140=ORIENTED_EDGE('',*,*,#34130,.T.);
#34150=CARTESIAN_POINT('',(37.735,58.4898126169905,-2.94730000000007));
#34160=DIRECTION('',(0.,0.,1.));
#34170=VECTOR('',#34160,1.);
#34180=LINE('',#34150,#34170);
#34190=CARTESIAN_POINT('',(37.735,58.4898126169905,-2.94730000000007));
#34200=VERTEX_POINT('',#34190);
#34210=EDGE_CURVE('',#34200,#34120,#34180,.T.);
#34220=ORIENTED_EDGE('',*,*,#34210,.T.);
#34230=CARTESIAN_POINT('',(37.615,58.4898126169905,-2.94730000000007));
#34240=DIRECTION('',(1.,0.,0.));
#34250=VECTOR('',#34240,1.);
#34260=LINE('',#34230,#34250);
#34270=CARTESIAN_POINT('',(37.615,58.4898126169905,-2.94729999999992));
#34280=VERTEX_POINT('',#34270);
#34290=EDGE_CURVE('',#34280,#34200,#34260,.T.);
#34300=ORIENTED_EDGE('',*,*,#34290,.T.);
#34310=CARTESIAN_POINT('',(37.615,58.4898126169905,-2.94729999999977));
#34320=DIRECTION('',(0.,0.,1.));
#34330=VECTOR('',#34320,1.);
#34340=LINE('',#34310,#34330);
#34350=CARTESIAN_POINT('',(37.615,58.4898126169905,-2.1998));
#34360=VERTEX_POINT('',#34350);
#34370=EDGE_CURVE('',#34280,#34360,#34340,.T.);
#34380=ORIENTED_EDGE('',*,*,#34370,.F.);
#34390=CARTESIAN_POINT('',(37.235,58.4898126169905,-2.1998));
#34400=DIRECTION('',(1.,0.,0.));
#34410=VECTOR('',#34400,1.);
#34420=LINE('',#34390,#34410);
#34430=CARTESIAN_POINT('',(37.235,58.4898126169905,-2.1998));
#34440=VERTEX_POINT('',#34430);
#34450=EDGE_CURVE('',#34440,#34360,#34420,.T.);
#34460=ORIENTED_EDGE('',*,*,#34450,.T.);
#34470=CARTESIAN_POINT('',(37.235,58.4898126169905,-2.94730000000007));
#34480=DIRECTION('',(0.,0.,1.));
#34490=VECTOR('',#34480,1.);
#34500=LINE('',#34470,#34490);
#34510=CARTESIAN_POINT('',(37.235,58.4898126169905,-2.94730000000007));
#34520=VERTEX_POINT('',#34510);
#34530=EDGE_CURVE('',#34520,#34440,#34500,.T.);
#34540=ORIENTED_EDGE('',*,*,#34530,.T.);
#34550=CARTESIAN_POINT('',(37.115,58.4898126169905,-2.94730000000007));
#34560=DIRECTION('',(1.,0.,0.));
#34570=VECTOR('',#34560,1.);
#34580=LINE('',#34550,#34570);
#34590=CARTESIAN_POINT('',(37.115,58.4898126169905,-2.94729999999994));
#34600=VERTEX_POINT('',#34590);
#34610=EDGE_CURVE('',#34600,#34520,#34580,.T.);
#34620=ORIENTED_EDGE('',*,*,#34610,.T.);
#34630=CARTESIAN_POINT('',(37.115,58.4898126169905,-2.1998));
#34640=DIRECTION('',(0.,0.,-1.));
#34650=VECTOR('',#34640,1.);
#34660=LINE('',#34630,#34650);
#34670=CARTESIAN_POINT('',(37.115,58.4898126169905,-2.1998));
#34680=VERTEX_POINT('',#34670);
#34690=EDGE_CURVE('',#34680,#34600,#34660,.T.);
#34700=ORIENTED_EDGE('',*,*,#34690,.T.);
#34710=CARTESIAN_POINT('',(36.64,58.4898126169905,-2.1998));
#34720=DIRECTION('',(1.,0.,0.));
#34730=VECTOR('',#34720,1.);
#34740=LINE('',#34710,#34730);
#34750=CARTESIAN_POINT('',(36.64,58.4898126169905,-2.1998));
#34760=VERTEX_POINT('',#34750);
#34770=EDGE_CURVE('',#34760,#34680,#34740,.T.);
#34780=ORIENTED_EDGE('',*,*,#34770,.T.);
#34790=CARTESIAN_POINT('',(36.64,58.4898126169905,-3.45025888371113));
#34800=DIRECTION('',(0.,0.,1.));
#34810=VECTOR('',#34800,1.);
#34820=LINE('',#34790,#34810);
#34830=EDGE_CURVE('',#32660,#34760,#34820,.T.);
#34840=ORIENTED_EDGE('',*,*,#34830,.T.);
#34850=ORIENTED_EDGE('',*,*,#32830,.F.);
#34860=CARTESIAN_POINT('',(40.21,58.4898126169905,-3.45025888371105));
#34870=DIRECTION('',(0.,0.,1.));
#34880=VECTOR('',#34870,1.);
#34890=LINE('',#34860,#34880);
#34900=CARTESIAN_POINT('',(40.21,58.4898126169905,-2.1998));
#34910=VERTEX_POINT('',#34900);
#34920=EDGE_CURVE('',#32760,#34910,#34890,.T.);
#34930=ORIENTED_EDGE('',*,*,#34920,.F.);
#34940=CARTESIAN_POINT('',(39.735,58.4898126169905,-2.1998));
#34950=DIRECTION('',(1.,0.,0.));
#34960=VECTOR('',#34950,1.);
#34970=LINE('',#34940,#34960);
#34980=CARTESIAN_POINT('',(39.735,58.4898126169905,-2.1998));
#34990=VERTEX_POINT('',#34980);
#35000=EDGE_CURVE('',#34990,#34910,#34970,.T.);
#35010=ORIENTED_EDGE('',*,*,#35000,.T.);
#35020=CARTESIAN_POINT('',(39.735,58.4898126169905,-2.94730000000007));
#35030=DIRECTION('',(0.,0.,1.));
#35040=VECTOR('',#35030,1.);
#35050=LINE('',#35020,#35040);
#35060=EDGE_CURVE('',#33000,#34990,#35050,.T.);
#35070=ORIENTED_EDGE('',*,*,#35060,.T.);
#35080=EDGE_LOOP('',(#35070,#35010,#34930,#34850,#34840,#34780,#34700,
#34620,#34540,#34460,#34380,#34300,#34220,#34140,#34060,#33980,#33900,
#33820,#33740,#33660,#33580,#33500,#33420,#33340,#33260,#33180,#33100,
#33020));
#35090=FACE_OUTER_BOUND('',#35080,.T.);
#35100=ADVANCED_FACE('',(#35090),#32920,.F.);
#35110=CARTESIAN_POINT('',(39.735,57.5510425259597,-1.96345794057089));
#35120=DIRECTION('',(-1.,0.,0.));
#35130=DIRECTION('',(0.,0.,1.));
#35140=AXIS2_PLACEMENT_3D('',#35110,#35120,#35130);
#35150=PLANE('',#35140);
#35160=CARTESIAN_POINT('',(39.735,58.5598126169906,-2.1998));
#35170=DIRECTION('',(0.,0.,-1.));
#35180=VECTOR('',#35170,1.);
#35190=LINE('',#35160,#35180);
#35200=CARTESIAN_POINT('',(39.735,58.5598126169906,-2.1998));
#35210=VERTEX_POINT('',#35200);
#35220=CARTESIAN_POINT('',(39.735,58.5598126169906,-2.2998));
#35230=VERTEX_POINT('',#35220);
#35240=EDGE_CURVE('',#35210,#35230,#35190,.T.);
#35250=ORIENTED_EDGE('',*,*,#35240,.F.);
#35260=CARTESIAN_POINT('',(39.735,58.5798126169906,-2.36980000000001));
#35270=DIRECTION('',(0.,-0.274721127897381,0.961523947640822));
#35280=VECTOR('',#35270,1.);
#35290=LINE('',#35260,#35280);
#35300=CARTESIAN_POINT('',(39.735,58.5798126169906,-2.36980000000001));
#35310=VERTEX_POINT('',#35300);
#35320=EDGE_CURVE('',#35310,#35230,#35290,.T.);
#35330=ORIENTED_EDGE('',*,*,#35320,.T.);
#35340=CARTESIAN_POINT('',(39.735,58.5798126169906,-2.3698));
#35350=DIRECTION('',(0.,0.,-1.));
#35360=VECTOR('',#35350,1.);
#35370=LINE('',#35340,#35360);
#35380=CARTESIAN_POINT('',(39.735,58.5798126169906,-2.8798));
#35390=VERTEX_POINT('',#35380);
#35400=EDGE_CURVE('',#35310,#35390,#35370,.T.);
#35410=ORIENTED_EDGE('',*,*,#35400,.F.);
#35420=CARTESIAN_POINT('',(39.735,58.4898126169905,-2.94730000000008));
#35430=DIRECTION('',(0.,0.799999999999989,0.600000000000015));
#35440=VECTOR('',#35430,1.);
#35450=LINE('',#35420,#35440);
#35460=EDGE_CURVE('',#33000,#35390,#35450,.T.);
#35470=ORIENTED_EDGE('',*,*,#35460,.T.);
#35480=ORIENTED_EDGE('',*,*,#35060,.F.);
#35490=CARTESIAN_POINT('',(39.735,58.4898126169905,-2.1998));
#35500=DIRECTION('',(0.,1.,0.));
#35510=VECTOR('',#35500,1.);
#35520=LINE('',#35490,#35510);
#35530=EDGE_CURVE('',#34990,#35210,#35520,.T.);
#35540=ORIENTED_EDGE('',*,*,#35530,.F.);
#35550=EDGE_LOOP('',(#35540,#35480,#35470,#35410,#35330,#35250));
#35560=FACE_OUTER_BOUND('',#35550,.T.);
#35570=ADVANCED_FACE('',(#35560),#35150,.F.);
#35580=CARTESIAN_POINT('',(38.93,57.6698126169906,-2.1998));
#35590=DIRECTION('',(0.,2.1350442781253E-16,1.));
#35600=DIRECTION('',(-1.,0.,0.));
#35610=AXIS2_PLACEMENT_3D('',#35580,#35590,#35600);
#35620=PLANE('',#35610);
#35630=CARTESIAN_POINT('',(36.07,58.7198126169906,-2.1998));
#35640=DIRECTION('',(0.,1.,0.));
#35650=VECTOR('',#35640,1.);
#35660=LINE('',#35630,#35650);
#35670=CARTESIAN_POINT('',(36.07,58.7198126169906,-2.1998));
#35680=VERTEX_POINT('',#35670);
#35690=EDGE_CURVE('',#35680,#23850,#35660,.T.);
#35700=ORIENTED_EDGE('',*,*,#35690,.T.);
#35710=CARTESIAN_POINT('',(36.64,58.7198126169906,-2.1998));
#35720=DIRECTION('',(-1.,0.,0.));
#35730=VECTOR('',#35720,1.);
#35740=LINE('',#35710,#35730);
#35750=CARTESIAN_POINT('',(36.64,58.7198126169906,-2.1998));
#35760=VERTEX_POINT('',#35750);
#35770=EDGE_CURVE('',#35760,#35680,#35740,.T.);
#35780=ORIENTED_EDGE('',*,*,#35770,.T.);
#35790=CARTESIAN_POINT('',(36.64,58.7198126169906,-2.1998));
#35800=DIRECTION('',(0.,-1.,0.));
#35810=VECTOR('',#35800,1.);
#35820=LINE('',#35790,#35810);
#35830=EDGE_CURVE('',#35760,#34760,#35820,.T.);
#35840=ORIENTED_EDGE('',*,*,#35830,.F.);
#35850=ORIENTED_EDGE('',*,*,#34770,.F.);
#35860=CARTESIAN_POINT('',(37.115,58.5598126169906,-2.1998));
#35870=DIRECTION('',(0.,-1.,0.));
#35880=VECTOR('',#35870,1.);
#35890=LINE('',#35860,#35880);
#35900=CARTESIAN_POINT('',(37.115,58.5598126169906,-2.1998));
#35910=VERTEX_POINT('',#35900);
#35920=EDGE_CURVE('',#35910,#34680,#35890,.T.);
#35930=ORIENTED_EDGE('',*,*,#35920,.T.);
#35940=CARTESIAN_POINT('',(37.235,58.5598126169906,-2.1998));
#35950=DIRECTION('',(-1.,0.,0.));
#35960=VECTOR('',#35950,1.);
#35970=LINE('',#35940,#35960);
#35980=CARTESIAN_POINT('',(37.235,58.5598126169906,-2.1998));
#35990=VERTEX_POINT('',#35980);
#36000=EDGE_CURVE('',#35990,#35910,#35970,.T.);
#36010=ORIENTED_EDGE('',*,*,#36000,.T.);
#36020=CARTESIAN_POINT('',(37.235,58.4898126169905,-2.1998));
#36030=DIRECTION('',(0.,1.,0.));
#36040=VECTOR('',#36030,1.);
#36050=LINE('',#36020,#36040);
#36060=EDGE_CURVE('',#34440,#35990,#36050,.T.);
#36070=ORIENTED_EDGE('',*,*,#36060,.T.);
#36080=ORIENTED_EDGE('',*,*,#34450,.F.);
#36090=CARTESIAN_POINT('',(37.615,58.4898126169905,-2.1998));
#36100=DIRECTION('',(0.,1.,0.));
#36110=VECTOR('',#36100,1.);
#36120=LINE('',#36090,#36110);
#36130=CARTESIAN_POINT('',(37.615,58.5598126169906,-2.1998));
#36140=VERTEX_POINT('',#36130);
#36150=EDGE_CURVE('',#34360,#36140,#36120,.T.);
#36160=ORIENTED_EDGE('',*,*,#36150,.F.);
#36170=CARTESIAN_POINT('',(37.735,58.5598126169906,-2.1998));
#36180=DIRECTION('',(-1.,0.,0.));
#36190=VECTOR('',#36180,1.);
#36200=LINE('',#36170,#36190);
#36210=CARTESIAN_POINT('',(37.735,58.5598126169906,-2.1998));
#36220=VERTEX_POINT('',#36210);
#36230=EDGE_CURVE('',#36220,#36140,#36200,.T.);
#36240=ORIENTED_EDGE('',*,*,#36230,.T.);
#36250=CARTESIAN_POINT('',(37.735,58.4898126169905,-2.1998));
#36260=DIRECTION('',(0.,1.,0.));
#36270=VECTOR('',#36260,1.);
#36280=LINE('',#36250,#36270);
#36290=EDGE_CURVE('',#34120,#36220,#36280,.T.);
#36300=ORIENTED_EDGE('',*,*,#36290,.T.);
#36310=ORIENTED_EDGE('',*,*,#34130,.F.);
#36320=CARTESIAN_POINT('',(38.115,58.4898126169905,-2.1998));
#36330=DIRECTION('',(0.,1.,0.));
#36340=VECTOR('',#36330,1.);
#36350=LINE('',#36320,#36340);
#36360=CARTESIAN_POINT('',(38.115,58.5598126169906,-2.1998));
#36370=VERTEX_POINT('',#36360);
#36380=EDGE_CURVE('',#34040,#36370,#36350,.T.);
#36390=ORIENTED_EDGE('',*,*,#36380,.F.);
#36400=CARTESIAN_POINT('',(38.235,58.5598126169906,-2.1998));
#36410=DIRECTION('',(-1.,0.,0.));
#36420=VECTOR('',#36410,1.);
#36430=LINE('',#36400,#36420);
#36440=CARTESIAN_POINT('',(38.235,58.5598126169906,-2.1998));
#36450=VERTEX_POINT('',#36440);
#36460=EDGE_CURVE('',#36450,#36370,#36430,.T.);
#36470=ORIENTED_EDGE('',*,*,#36460,.T.);
#36480=CARTESIAN_POINT('',(38.235,58.4898126169905,-2.1998));
#36490=DIRECTION('',(0.,1.,0.));
#36500=VECTOR('',#36490,1.);
#36510=LINE('',#36480,#36500);
#36520=EDGE_CURVE('',#33800,#36450,#36510,.T.);
#36530=ORIENTED_EDGE('',*,*,#36520,.T.);
#36540=ORIENTED_EDGE('',*,*,#33810,.F.);
#36550=CARTESIAN_POINT('',(38.615,58.4898126169905,-2.1998));
#36560=DIRECTION('',(0.,1.,0.));
#36570=VECTOR('',#36560,1.);
#36580=LINE('',#36550,#36570);
#36590=CARTESIAN_POINT('',(38.615,58.5598126169906,-2.1998));
#36600=VERTEX_POINT('',#36590);
#36610=EDGE_CURVE('',#33720,#36600,#36580,.T.);
#36620=ORIENTED_EDGE('',*,*,#36610,.F.);
#36630=CARTESIAN_POINT('',(38.735,58.5598126169906,-2.1998));
#36640=DIRECTION('',(-1.,0.,0.));
#36650=VECTOR('',#36640,1.);
#36660=LINE('',#36630,#36650);
#36670=CARTESIAN_POINT('',(38.735,58.5598126169906,-2.1998));
#36680=VERTEX_POINT('',#36670);
#36690=EDGE_CURVE('',#36680,#36600,#36660,.T.);
#36700=ORIENTED_EDGE('',*,*,#36690,.T.);
#36710=CARTESIAN_POINT('',(38.735,58.4898126169905,-2.1998));
#36720=DIRECTION('',(0.,1.,0.));
#36730=VECTOR('',#36720,1.);
#36740=LINE('',#36710,#36730);
#36750=EDGE_CURVE('',#33480,#36680,#36740,.T.);
#36760=ORIENTED_EDGE('',*,*,#36750,.T.);
#36770=ORIENTED_EDGE('',*,*,#33490,.F.);
#36780=CARTESIAN_POINT('',(39.115,58.4898126169905,-2.1998));
#36790=DIRECTION('',(0.,1.,0.));
#36800=VECTOR('',#36790,1.);
#36810=LINE('',#36780,#36800);
#36820=CARTESIAN_POINT('',(39.115,58.5598126169906,-2.1998));
#36830=VERTEX_POINT('',#36820);
#36840=EDGE_CURVE('',#33400,#36830,#36810,.T.);
#36850=ORIENTED_EDGE('',*,*,#36840,.F.);
#36860=CARTESIAN_POINT('',(39.235,58.5598126169906,-2.1998));
#36870=DIRECTION('',(-1.,0.,0.));
#36880=VECTOR('',#36870,1.);
#36890=LINE('',#36860,#36880);
#36900=CARTESIAN_POINT('',(39.235,58.5598126169906,-2.1998));
#36910=VERTEX_POINT('',#36900);
#36920=EDGE_CURVE('',#36910,#36830,#36890,.T.);
#36930=ORIENTED_EDGE('',*,*,#36920,.T.);
#36940=CARTESIAN_POINT('',(39.235,58.4898126169905,-2.1998));
#36950=DIRECTION('',(0.,1.,0.));
#36960=VECTOR('',#36950,1.);
#36970=LINE('',#36940,#36960);
#36980=EDGE_CURVE('',#33160,#36910,#36970,.T.);
#36990=ORIENTED_EDGE('',*,*,#36980,.T.);
#37000=ORIENTED_EDGE('',*,*,#33170,.F.);
#37010=CARTESIAN_POINT('',(39.615,58.4898126169905,-2.1998));
#37020=DIRECTION('',(0.,1.,0.));
#37030=VECTOR('',#37020,1.);
#37040=LINE('',#37010,#37030);
#37050=CARTESIAN_POINT('',(39.615,58.5598126169906,-2.1998));
#37060=VERTEX_POINT('',#37050);
#37070=EDGE_CURVE('',#33080,#37060,#37040,.T.);
#37080=ORIENTED_EDGE('',*,*,#37070,.F.);
#37090=CARTESIAN_POINT('',(39.735,58.5598126169906,-2.1998));
#37100=DIRECTION('',(-1.,0.,0.));
#37110=VECTOR('',#37100,1.);
#37120=LINE('',#37090,#37110);
#37130=EDGE_CURVE('',#35210,#37060,#37120,.T.);
#37140=ORIENTED_EDGE('',*,*,#37130,.T.);
#37150=ORIENTED_EDGE('',*,*,#35530,.T.);
#37160=ORIENTED_EDGE('',*,*,#35000,.F.);
#37170=CARTESIAN_POINT('',(40.21,58.7198126169906,-2.1998));
#37180=DIRECTION('',(0.,-1.,1.93082265152114E-15));
#37190=VECTOR('',#37180,1.);
#37200=LINE('',#37170,#37190);
#37210=CARTESIAN_POINT('',(40.21,58.7198126169906,-2.1998));
#37220=VERTEX_POINT('',#37210);
#37230=EDGE_CURVE('',#37220,#34910,#37200,.T.);
#37240=ORIENTED_EDGE('',*,*,#37230,.T.);
#37250=CARTESIAN_POINT('',(40.21,58.7198126169906,-2.1998));
#37260=DIRECTION('',(1.,0.,0.));
#37270=VECTOR('',#37260,1.);
#37280=LINE('',#37250,#37270);
#37290=CARTESIAN_POINT('',(40.78,58.7198126169906,-2.1998));
#37300=VERTEX_POINT('',#37290);
#37310=EDGE_CURVE('',#37220,#37300,#37280,.T.);
#37320=ORIENTED_EDGE('',*,*,#37310,.F.);
#37330=CARTESIAN_POINT('',(40.78,58.7198126169906,-2.1998));
#37340=DIRECTION('',(0.,1.,0.));
#37350=VECTOR('',#37340,1.);
#37360=LINE('',#37330,#37350);
#37370=EDGE_CURVE('',#37300,#23930,#37360,.T.);
#37380=ORIENTED_EDGE('',*,*,#37370,.F.);
#37390=ORIENTED_EDGE('',*,*,#23940,.F.);
#37400=EDGE_LOOP('',(#37390,#37380,#37320,#37240,#37160,#37150,#37140,
#37080,#37000,#36990,#36930,#36850,#36770,#36760,#36700,#36620,#36540,
#36530,#36470,#36390,#36310,#36300,#36240,#36160,#36080,#36070,#36010,
#35930,#35850,#35840,#35780,#35700));
#37410=FACE_OUTER_BOUND('',#37400,.T.);
#37420=ADVANCED_FACE('',(#37410),#35620,.F.);
#37430=CARTESIAN_POINT('',(36.07,57.6052126169906,0.101399999999998));
#37440=DIRECTION('',(-1.,0.,0.));
#37450=DIRECTION('',(0.,0.,1.));
#37460=AXIS2_PLACEMENT_3D('',#37430,#37440,#37450);
#37470=PLANE('',#37460);
#37480=ORIENTED_EDGE('',*,*,#35690,.F.);
#37490=ORIENTED_EDGE('',*,*,#23860,.T.);
#37500=CARTESIAN_POINT('',(36.07,58.8698126169906,-2.0598));
#37510=DIRECTION('',(0.,-1.,0.));
#37520=VECTOR('',#37510,1.);
#37530=LINE('',#37500,#37520);
#37540=CARTESIAN_POINT('',(36.07,58.7198126169906,-2.0598));
#37550=VERTEX_POINT('',#37540);
#37560=EDGE_CURVE('',#23770,#37550,#37530,.T.);
#37570=ORIENTED_EDGE('',*,*,#37560,.F.);
#37580=CARTESIAN_POINT('',(36.07,58.7198126169906,-2.0598));
#37590=DIRECTION('',(0.,0.,-1.));
#37600=VECTOR('',#37590,1.);
#37610=LINE('',#37580,#37600);
#37620=EDGE_CURVE('',#37550,#35680,#37610,.T.);
#37630=ORIENTED_EDGE('',*,*,#37620,.F.);
#37640=EDGE_LOOP('',(#37630,#37570,#37490,#37480));
#37650=FACE_OUTER_BOUND('',#37640,.T.);
#37660=ADVANCED_FACE('',(#37650),#37470,.T.);
#37670=CARTESIAN_POINT('',(35.6625,58.7198126169906,-5.3198));
#37680=DIRECTION('',(0.,1.,-2.1350442781253E-16));
#37690=DIRECTION('',(0.,2.1350442781253E-16,1.));
#37700=AXIS2_PLACEMENT_3D('',#37670,#37680,#37690);
#37710=PLANE('',#37700);
#37720=CARTESIAN_POINT('',(35.34,58.7198126169906,-5.3198));
#37730=DIRECTION('',(0.,0.,1.));
#37740=VECTOR('',#37730,1.);
#37750=LINE('',#37720,#37740);
#37760=EDGE_CURVE('',#26660,#32190,#37750,.T.);
#37770=ORIENTED_EDGE('',*,*,#37760,.F.);
#37780=ORIENTED_EDGE('',*,*,#32200,.T.);
#37790=CARTESIAN_POINT('',(36.64,58.7198126169906,-3.54427368421058));
#37800=DIRECTION('',(0.,0.,1.));
#37810=VECTOR('',#37800,1.);
#37820=LINE('',#37790,#37810);
#37830=EDGE_CURVE('',#32110,#35760,#37820,.T.);
#37840=ORIENTED_EDGE('',*,*,#37830,.F.);
#37850=ORIENTED_EDGE('',*,*,#35770,.F.);
#37860=ORIENTED_EDGE('',*,*,#37620,.T.);
#37870=CARTESIAN_POINT('',(36.07,58.7198126169906,-2.0598));
#37880=DIRECTION('',(-1.,0.,0.));
#37890=VECTOR('',#37880,1.);
#37900=LINE('',#37870,#37890);
#37910=CARTESIAN_POINT('',(35.28,58.7198126169906,-2.0598));
#37920=VERTEX_POINT('',#37910);
#37930=EDGE_CURVE('',#37550,#37920,#37900,.T.);
#37940=ORIENTED_EDGE('',*,*,#37930,.F.);
#37950=CARTESIAN_POINT('',(35.28,58.7198126169906,-5.3198));
#37960=DIRECTION('',(0.,0.,1.));
#37970=VECTOR('',#37960,1.);
#37980=LINE('',#37950,#37970);
#37990=EDGE_CURVE('',#26740,#37920,#37980,.T.);
#38000=ORIENTED_EDGE('',*,*,#37990,.T.);
#38010=ORIENTED_EDGE('',*,*,#26750,.T.);
#38020=EDGE_LOOP('',(#38010,#38000,#37940,#37860,#37850,#37840,#37780,
#37770));
#38030=FACE_OUTER_BOUND('',#38020,.T.);
#38040=ADVANCED_FACE('',(#38030),#37710,.T.);
#38050=CARTESIAN_POINT('',(35.34,58.6998126169905,-4.51365753531886));
#38060=DIRECTION('',(-1.,0.,0.));
#38070=DIRECTION('',(0.,-9.28158577677964E-47,1.));
#38080=AXIS2_PLACEMENT_3D('',#38050,#38060,#38070);
#38090=PLANE('',#38080);
#38100=ORIENTED_EDGE('',*,*,#31860,.T.);
#38110=ORIENTED_EDGE('',*,*,#32260,.T.);
#38120=ORIENTED_EDGE('',*,*,#37760,.T.);
#38130=ORIENTED_EDGE('',*,*,#26670,.T.);
#38140=CARTESIAN_POINT('',(35.34,58.2798126169905,-5.3198));
#38150=DIRECTION('',(0.,0.,-1.));
#38160=VECTOR('',#38150,1.);
#38170=LINE('',#38140,#38160);
#38180=CARTESIAN_POINT('',(35.34,58.2798126169905,-5.5198));
#38190=VERTEX_POINT('',#38180);
#38200=EDGE_CURVE('',#26580,#38190,#38170,.T.);
#38210=ORIENTED_EDGE('',*,*,#38200,.F.);
#38220=CARTESIAN_POINT('',(35.34,58.6698126169904,-5.5198));
#38230=DIRECTION('',(0.,-1.,0.));
#38240=VECTOR('',#38230,1.);
#38250=LINE('',#38220,#38240);
#38260=CARTESIAN_POINT('',(35.34,58.6698126169905,-5.51979999999999));
#38270=VERTEX_POINT('',#38260);
#38280=EDGE_CURVE('',#38270,#38190,#38250,.T.);
#38290=ORIENTED_EDGE('',*,*,#38280,.T.);
#38300=CARTESIAN_POINT('',(35.34,58.6698126169905,-5.31979999999999));
#38310=DIRECTION('',(-1.,-4.82446991258942E-29,-6.03541136127727E-16));
#38320=DIRECTION('',(0.,1.,-7.99360577730101E-14));
#38330=AXIS2_PLACEMENT_3D('',#38300,#38310,#38320);
#38340=CIRCLE('',#38330,0.2);
#38350=EDGE_CURVE('',#31610,#38270,#38340,.T.);
#38360=ORIENTED_EDGE('',*,*,#38350,.T.);
#38370=ORIENTED_EDGE('',*,*,#31620,.T.);
#38380=EDGE_LOOP('',(#38370,#38360,#38290,#38210,#38130,#38120,#38110,
#38100));
#38390=FACE_OUTER_BOUND('',#38380,.T.);
#38400=ADVANCED_FACE('',(#38390),#38090,.T.);
#38410=CARTESIAN_POINT('',(35.34,58.2798126169905,-5.51979999999999));
#38420=DIRECTION('',(-5.285882920079E-62,-1.,-3.66395572572485E-16));
#38430=DIRECTION('',(0.,3.66395572572485E-16,-1.));
#38440=AXIS2_PLACEMENT_3D('',#38410,#38420,#38430);
#38450=PLANE('',#38440);
#38460=ORIENTED_EDGE('',*,*,#26590,.T.);
#38470=ORIENTED_EDGE('',*,*,#28280,.F.);
#38480=CARTESIAN_POINT('',(36.7,58.2798126169905,-3.96979999999999));
#38490=DIRECTION('',(-1.,0.,0.));
#38500=VECTOR('',#38490,1.);
#38510=LINE('',#38480,#38500);
#38520=CARTESIAN_POINT('',(36.7,58.2798126169905,-3.96979999999999));
#38530=VERTEX_POINT('',#38520);
#38540=EDGE_CURVE('',#38530,#28210,#38510,.T.);
#38550=ORIENTED_EDGE('',*,*,#38540,.T.);
#38560=CARTESIAN_POINT('',(36.7,58.2798126169905,-3.96979999999999));
#38570=DIRECTION('',(0.,0.,-1.));
#38580=VECTOR('',#38570,1.);
#38590=LINE('',#38560,#38580);
#38600=CARTESIAN_POINT('',(36.7,58.2798126169905,-5.0198));
#38610=VERTEX_POINT('',#38600);
#38620=EDGE_CURVE('',#38530,#38610,#38590,.T.);
#38630=ORIENTED_EDGE('',*,*,#38620,.F.);
#38640=CARTESIAN_POINT('',(36.7,58.2798126169905,-5.0198));
#38650=DIRECTION('',(0.,0.,-1.));
#38660=VECTOR('',#38650,1.);
#38670=LINE('',#38640,#38660);
#38680=CARTESIAN_POINT('',(36.7,58.2798126169905,-5.51979999999999));
#38690=VERTEX_POINT('',#38680);
#38700=EDGE_CURVE('',#38610,#38690,#38670,.T.);
#38710=ORIENTED_EDGE('',*,*,#38700,.F.);
#38720=CARTESIAN_POINT('',(35.34,58.2798126169905,-5.51979999999999));
#38730=DIRECTION('',(1.,0.,0.));
#38740=VECTOR('',#38730,1.);
#38750=LINE('',#38720,#38740);
#38760=EDGE_CURVE('',#38190,#38690,#38750,.T.);
#38770=ORIENTED_EDGE('',*,*,#38760,.T.);
#38780=ORIENTED_EDGE('',*,*,#38200,.T.);
#38790=EDGE_LOOP('',(#38780,#38770,#38710,#38630,#38550,#38470,#38460));
#38800=FACE_OUTER_BOUND('',#38790,.T.);
#38810=ADVANCED_FACE('',(#38800),#38450,.T.);
#38820=CARTESIAN_POINT('',(35.34,58.2751805088326,-3.96979999999999));
#38830=DIRECTION('',(-6.03541136127727E-16,1.39223786651695E-46,-1.));
#38840=DIRECTION('',(-1.53785470802033E-31,-1.,-4.64079288838986E-47));
#38850=AXIS2_PLACEMENT_3D('',#38820,#38830,#38840);
#38860=PLANE('',#38850);
#38870=CARTESIAN_POINT('',(36.64,58.0498126169905,-3.96979999999999));
#38880=DIRECTION('',(1.,0.,0.));
#38890=VECTOR('',#38880,1.);
#38900=LINE('',#38870,#38890);
#38910=CARTESIAN_POINT('',(36.7,58.0498126169905,-3.96979999999999));
#38920=VERTEX_POINT('',#38910);
#38930=EDGE_CURVE('',#28130,#38920,#38900,.T.);
#38940=ORIENTED_EDGE('',*,*,#38930,.F.);
#38950=CARTESIAN_POINT('',(36.7,58.2798126169905,-3.96979999999999));
#38960=DIRECTION('',(0.,-1.,0.));
#38970=VECTOR('',#38960,1.);
#38980=LINE('',#38950,#38970);
#38990=EDGE_CURVE('',#38530,#38920,#38980,.T.);
#39000=ORIENTED_EDGE('',*,*,#38990,.T.);
#39010=ORIENTED_EDGE('',*,*,#38540,.F.);
#39020=ORIENTED_EDGE('',*,*,#28220,.F.);
#39030=EDGE_LOOP('',(#39020,#39010,#39000,#38940));
#39040=FACE_OUTER_BOUND('',#39030,.T.);
#39050=ADVANCED_FACE('',(#39040),#38860,.T.);
#39060=CARTESIAN_POINT('',(35.34,58.0498126169905,-3.96979999999999));
#39070=DIRECTION('',(-5.285882920079E-62,-1.,-2.58962265493832E-16));
#39080=DIRECTION('',(0.,2.58962265493832E-16,-1.));
#39090=AXIS2_PLACEMENT_3D('',#39060,#39070,#39080);
#39100=PLANE('',#39090);
#39110=CARTESIAN_POINT('',(36.7,58.0498126169905,-3.18979999999999));
#39120=DIRECTION('',(-1.,0.,0.));
#39130=VECTOR('',#39120,1.);
#39140=LINE('',#39110,#39130);
#39150=CARTESIAN_POINT('',(36.7,58.0498126169905,-3.18979999999999));
#39160=VERTEX_POINT('',#39150);
#39170=EDGE_CURVE('',#39160,#28050,#39140,.T.);
#39180=ORIENTED_EDGE('',*,*,#39170,.T.);
#39190=CARTESIAN_POINT('',(36.7,58.0498126169905,-3.18979999999999));
#39200=DIRECTION('',(0.,0.,-1.));
#39210=VECTOR('',#39200,1.);
#39220=LINE('',#39190,#39210);
#39230=EDGE_CURVE('',#39160,#38920,#39220,.T.);
#39240=ORIENTED_EDGE('',*,*,#39230,.F.);
#39250=ORIENTED_EDGE('',*,*,#38930,.T.);
#39260=ORIENTED_EDGE('',*,*,#28140,.F.);
#39270=EDGE_LOOP('',(#39260,#39250,#39240,#39180));
#39280=FACE_OUTER_BOUND('',#39270,.T.);
#39290=ADVANCED_FACE('',(#39280),#39100,.T.);
#39300=CARTESIAN_POINT('',(68.1875,58.0498126169905,-3.18979999999999));
#39310=DIRECTION('',(0.,2.548052843402E-16,1.));
#39320=DIRECTION('',(0.,1.,-2.548052843402E-16));
#39330=AXIS2_PLACEMENT_3D('',#39300,#39310,#39320);
#39340=PLANE('',#39330);
#39350=ORIENTED_EDGE('',*,*,#29390,.T.);
#39360=CARTESIAN_POINT('',(36.7,57.8848126169905,-3.18979999999999));
#39370=DIRECTION('',(0.,1.,0.));
#39380=VECTOR('',#39370,1.);
#39390=LINE('',#39360,#39380);
#39400=EDGE_CURVE('',#29320,#39160,#39390,.T.);
#39410=ORIENTED_EDGE('',*,*,#39400,.F.);
#39420=ORIENTED_EDGE('',*,*,#39170,.F.);
#39430=ORIENTED_EDGE('',*,*,#28060,.T.);
#39440=EDGE_LOOP('',(#39430,#39420,#39410,#39350));
#39450=FACE_OUTER_BOUND('',#39440,.T.);
#39460=ADVANCED_FACE('',(#39450),#39340,.F.);
#39470=CARTESIAN_POINT('',(36.7,58.6974965629116,-4.52979999999999));
#39480=DIRECTION('',(-1.,0.,0.));
#39490=DIRECTION('',(0.,-9.28158577677964E-47,1.));
#39500=AXIS2_PLACEMENT_3D('',#39470,#39480,#39490);
#39510=PLANE('',#39500);
#39520=ORIENTED_EDGE('',*,*,#29330,.F.);
#39530=CARTESIAN_POINT('',(36.7,57.8848126169905,-5.0198));
#39540=DIRECTION('',(0.,1.,0.));
#39550=VECTOR('',#39540,1.);
#39560=LINE('',#39530,#39550);
#39570=EDGE_CURVE('',#29240,#38610,#39560,.T.);
#39580=ORIENTED_EDGE('',*,*,#39570,.F.);
#39590=ORIENTED_EDGE('',*,*,#38620,.T.);
#39600=ORIENTED_EDGE('',*,*,#38990,.F.);
#39610=ORIENTED_EDGE('',*,*,#39230,.T.);
#39620=ORIENTED_EDGE('',*,*,#39400,.T.);
#39630=EDGE_LOOP('',(#39620,#39610,#39600,#39590,#39580,#39520));
#39640=FACE_OUTER_BOUND('',#39630,.T.);
#39650=ADVANCED_FACE('',(#39640),#39510,.T.);
#39660=CARTESIAN_POINT('',(24.925,57.9048126169905,-5.0198));
#39670=DIRECTION('',(0.,2.99762222665424E-16,1.));
#39680=DIRECTION('',(0.,-1.,2.99762222665424E-16));
#39690=AXIS2_PLACEMENT_3D('',#39660,#39670,#39680);
#39700=PLANE('',#39690);
#39710=CARTESIAN_POINT('',(36.7,58.4098126169905,-5.0198));
#39720=DIRECTION('',(0.,-1.,0.));
#39730=VECTOR('',#39720,1.);
#39740=LINE('',#39710,#39730);
#39750=CARTESIAN_POINT('',(36.7,58.4098126169905,-5.0198));
#39760=VERTEX_POINT('',#39750);
#39770=EDGE_CURVE('',#39760,#38610,#39740,.T.);
#39780=ORIENTED_EDGE('',*,*,#39770,.F.);
#39790=ORIENTED_EDGE('',*,*,#39570,.T.);
#39800=ORIENTED_EDGE('',*,*,#29250,.F.);
#39810=ORIENTED_EDGE('',*,*,#30110,.F.);
#39820=CARTESIAN_POINT('',(40.15,58.4098126169905,-5.0198));
#39830=DIRECTION('',(0.,-1.,0.));
#39840=VECTOR('',#39830,1.);
#39850=LINE('',#39820,#39840);
#39860=CARTESIAN_POINT('',(40.15,58.4098126169905,-5.0198));
#39870=VERTEX_POINT('',#39860);
#39880=EDGE_CURVE('',#39870,#30040,#39850,.T.);
#39890=ORIENTED_EDGE('',*,*,#39880,.T.);
#39900=CARTESIAN_POINT('',(40.15,58.4098126169905,-5.0198));
#39910=DIRECTION('',(-1.,0.,0.));
#39920=VECTOR('',#39910,1.);
#39930=LINE('',#39900,#39920);
#39940=EDGE_CURVE('',#39870,#39760,#39930,.T.);
#39950=ORIENTED_EDGE('',*,*,#39940,.F.);
#39960=EDGE_LOOP('',(#39950,#39890,#39810,#39800,#39790,#39780));
#39970=FACE_OUTER_BOUND('',#39960,.T.);
#39980=ADVANCED_FACE('',(#39970),#39700,.F.);
#39990=CARTESIAN_POINT('',(22.425,58.4098126169905,-5.1198));
#40000=DIRECTION('',(-1.,1.53785470802033E-31,-4.37905770101505E-47));
#40010=DIRECTION('',(1.53785470802033E-31,1.,9.28158577677964E-47));
#40020=AXIS2_PLACEMENT_3D('',#39990,#40000,#40010);
#40030=CYLINDRICAL_SURFACE('',#40020,0.1);
#40040=CARTESIAN_POINT('',(36.7,58.4098126169905,-5.1198));
#40050=DIRECTION('',(1.,-1.92548799311299E-58,-5.41976688018135E-45));
#40060=DIRECTION('',(0.,1.,-3.55271367880045E-14));
#40070=AXIS2_PLACEMENT_3D('',#40040,#40050,#40060);
#40080=CIRCLE('',#40070,0.1);
#40090=CARTESIAN_POINT('',(36.7,58.5098126169905,-5.1198));
#40100=VERTEX_POINT('',#40090);
#40110=EDGE_CURVE('',#40100,#39760,#40080,.T.);
#40120=ORIENTED_EDGE('',*,*,#40110,.F.);
#40130=ORIENTED_EDGE('',*,*,#39940,.T.);
#40140=CARTESIAN_POINT('',(40.15,58.4098126169905,-5.1198));
#40150=DIRECTION('',(-1.,1.53785470802033E-31,6.55626894862992E-44));
#40160=DIRECTION('',(0.,-4.26325641456062E-13,1.));
#40170=AXIS2_PLACEMENT_3D('',#40140,#40150,#40160);
#40180=CIRCLE('',#40170,0.1);
#40190=CARTESIAN_POINT('',(40.15,58.5098126169905,-5.1198));
#40200=VERTEX_POINT('',#40190);
#40210=EDGE_CURVE('',#39870,#40200,#40180,.T.);
#40220=ORIENTED_EDGE('',*,*,#40210,.F.);
#40230=CARTESIAN_POINT('',(36.7,58.5098126169905,-5.1198));
#40240=DIRECTION('',(1.,0.,0.));
#40250=VECTOR('',#40240,1.);
#40260=LINE('',#40230,#40250);
#40270=EDGE_CURVE('',#40100,#40200,#40260,.T.);
#40280=ORIENTED_EDGE('',*,*,#40270,.T.);
#40290=EDGE_LOOP('',(#40280,#40220,#40130,#40120));
#40300=FACE_OUTER_BOUND('',#40290,.T.);
#40310=ADVANCED_FACE('',(#40300),#40030,.F.);
#40320=CARTESIAN_POINT('',(12.2,58.5098126169905,-5.51979999999999));
#40330=DIRECTION('',(1.53785470802033E-31,1.,4.64079288838982E-47));
#40340=DIRECTION('',(-1.,1.53785470802033E-31,6.03541136127727E-16));
#40350=AXIS2_PLACEMENT_3D('',#40320,#40330,#40340);
#40360=PLANE('',#40350);
#40370=CARTESIAN_POINT('',(36.7,58.5098126169905,-5.1198));
#40380=DIRECTION('',(0.,0.,-1.));
#40390=VECTOR('',#40380,1.);
#40400=LINE('',#40370,#40390);
#40410=CARTESIAN_POINT('',(36.7,58.5098126169905,-5.51979999999999));
#40420=VERTEX_POINT('',#40410);
#40430=EDGE_CURVE('',#40100,#40420,#40400,.T.);
#40440=ORIENTED_EDGE('',*,*,#40430,.T.);
#40450=ORIENTED_EDGE('',*,*,#40270,.F.);
#40460=CARTESIAN_POINT('',(40.15,58.5098126169905,-5.1198));
#40470=DIRECTION('',(0.,0.,-1.));
#40480=VECTOR('',#40470,1.);
#40490=LINE('',#40460,#40480);
#40500=CARTESIAN_POINT('',(40.15,58.5098126169905,-5.51979999999999));
#40510=VERTEX_POINT('',#40500);
#40520=EDGE_CURVE('',#40200,#40510,#40490,.T.);
#40530=ORIENTED_EDGE('',*,*,#40520,.F.);
#40540=CARTESIAN_POINT('',(36.7,58.5098126169905,-5.51979999999999));
#40550=DIRECTION('',(1.,0.,-7.72329060608806E-16));
#40560=VECTOR('',#40550,1.);
#40570=LINE('',#40540,#40560);
#40580=EDGE_CURVE('',#40420,#40510,#40570,.T.);
#40590=ORIENTED_EDGE('',*,*,#40580,.T.);
#40600=EDGE_LOOP('',(#40590,#40530,#40450,#40440));
#40610=FACE_OUTER_BOUND('',#40600,.T.);
#40620=ADVANCED_FACE('',(#40610),#40360,.F.);
#40630=CARTESIAN_POINT('',(27.425,58.2751805088326,-5.5198));
#40640=DIRECTION('',(-6.03541136127727E-16,-1.39223786651695E-46,1.));
#40650=DIRECTION('',(1.53785470802033E-31,-1.,-4.64079288838986E-47));
#40660=AXIS2_PLACEMENT_3D('',#40630,#40640,#40650);
#40670=PLANE('',#40660);
#40680=ORIENTED_EDGE('',*,*,#38280,.F.);
#40690=ORIENTED_EDGE('',*,*,#38760,.F.);
#40700=CARTESIAN_POINT('',(36.7,58.2798126169905,-5.51979999999999));
#40710=DIRECTION('',(0.,1.,0.));
#40720=VECTOR('',#40710,1.);
#40730=LINE('',#40700,#40720);
#40740=EDGE_CURVE('',#38690,#40420,#40730,.T.);
#40750=ORIENTED_EDGE('',*,*,#40740,.F.);
#40760=ORIENTED_EDGE('',*,*,#40580,.F.);
#40770=CARTESIAN_POINT('',(40.15,58.2798126169905,-5.51979999999999));
#40780=DIRECTION('',(0.,1.,0.));
#40790=VECTOR('',#40780,1.);
#40800=LINE('',#40770,#40790);
#40810=EDGE_CURVE('',#30690,#40510,#40800,.T.);
#40820=ORIENTED_EDGE('',*,*,#40810,.T.);
#40830=ORIENTED_EDGE('',*,*,#30700,.T.);
#40840=ORIENTED_EDGE('',*,*,#31050,.T.);
#40850=CARTESIAN_POINT('',(41.51,58.6698126169905,-5.51979999999999));
#40860=DIRECTION('',(-1.,0.,-5.75804486029254E-16));
#40870=VECTOR('',#40860,1.);
#40880=LINE('',#40850,#40870);
#40890=EDGE_CURVE('',#30960,#38270,#40880,.T.);
#40900=ORIENTED_EDGE('',*,*,#40890,.F.);
#40910=EDGE_LOOP('',(#40900,#40840,#40830,#40820,#40760,#40750,#40690,
#40680));
#40920=FACE_OUTER_BOUND('',#40910,.T.);
#40930=ADVANCED_FACE('',(#40920),#40670,.F.);
#40940=CARTESIAN_POINT('',(22.425,58.6698126169905,-5.3198));
#40950=DIRECTION('',(1.,9.86076131526265E-32,6.03541136127727E-16));
#40960=DIRECTION('',(6.03541136127727E-16,9.28158577677964E-47,-1.));
#40970=AXIS2_PLACEMENT_3D('',#40940,#40950,#40960);
#40980=CYLINDRICAL_SURFACE('',#40970,0.2);
#40990=ORIENTED_EDGE('',*,*,#38350,.F.);
#41000=ORIENTED_EDGE('',*,*,#40890,.T.);
#41010=ORIENTED_EDGE('',*,*,#30990,.F.);
#41020=ORIENTED_EDGE('',*,*,#31680,.T.);
#41030=EDGE_LOOP('',(#41020,#41010,#41000,#40990));
#41040=FACE_OUTER_BOUND('',#41030,.T.);
#41050=ADVANCED_FACE('',(#41040),#40980,.T.);
#41060=CARTESIAN_POINT('',(36.7,57.9048126169905,-5.51979999999999));
#41070=DIRECTION('',(-1.,1.53785470802033E-31,6.03541136127727E-16));
#41080=DIRECTION('',(-1.53785470802033E-31,-1.,-4.64079288838982E-47));
#41090=AXIS2_PLACEMENT_3D('',#41060,#41070,#41080);
#41100=PLANE('',#41090);
#41110=ORIENTED_EDGE('',*,*,#40740,.T.);
#41120=ORIENTED_EDGE('',*,*,#38700,.T.);
#41130=ORIENTED_EDGE('',*,*,#39770,.T.);
#41140=ORIENTED_EDGE('',*,*,#40110,.T.);
#41150=ORIENTED_EDGE('',*,*,#40430,.F.);
#41160=EDGE_LOOP('',(#41150,#41140,#41130,#41120,#41110));
#41170=FACE_OUTER_BOUND('',#41160,.T.);
#41180=ADVANCED_FACE('',(#41170),#41100,.F.);
#41190=CARTESIAN_POINT('',(40.15,57.9048126169905,-5.51979999999999));
#41200=DIRECTION('',(-1.,-1.53785470802033E-31,-6.03541136127727E-16));
#41210=DIRECTION('',(1.53785470802033E-31,-1.,-4.64079288838982E-47));
#41220=AXIS2_PLACEMENT_3D('',#41190,#41200,#41210);
#41230=PLANE('',#41220);
#41240=ORIENTED_EDGE('',*,*,#40520,.T.);
#41250=ORIENTED_EDGE('',*,*,#40210,.T.);
#41260=ORIENTED_EDGE('',*,*,#39880,.F.);
#41270=ORIENTED_EDGE('',*,*,#30760,.F.);
#41280=ORIENTED_EDGE('',*,*,#40810,.F.);
#41290=EDGE_LOOP('',(#41280,#41270,#41260,#41250,#41240));
#41300=FACE_OUTER_BOUND('',#41290,.T.);
#41310=ADVANCED_FACE('',(#41300),#41230,.T.);
#41320=CARTESIAN_POINT('',(36.64,57.8123126169906,-4.99480000000001));
#41330=DIRECTION('',(-1.,0.,0.));
#41340=DIRECTION('',(0.,0.,1.));
#41350=AXIS2_PLACEMENT_3D('',#41320,#41330,#41340);
#41360=PLANE('',#41350);
#41370=ORIENTED_EDGE('',*,*,#35830,.T.);
#41380=ORIENTED_EDGE('',*,*,#37830,.T.);
#41390=ORIENTED_EDGE('',*,*,#32120,.T.);
#41400=ORIENTED_EDGE('',*,*,#32670,.T.);
#41410=ORIENTED_EDGE('',*,*,#34830,.F.);
#41420=EDGE_LOOP('',(#41410,#41400,#41390,#41380,#41370));
#41430=FACE_OUTER_BOUND('',#41420,.T.);
#41440=ADVANCED_FACE('',(#41430),#41360,.F.);
#41450=CARTESIAN_POINT('',(35.4875,58.8698126169906,-2.0598));
#41460=DIRECTION('',(0.,2.1350442781253E-16,1.));
#41470=DIRECTION('',(0.,1.,-2.1350442781253E-16));
#41480=AXIS2_PLACEMENT_3D('',#41450,#41460,#41470);
#41490=PLANE('',#41480);
#41500=ORIENTED_EDGE('',*,*,#37560,.T.);
#41510=ORIENTED_EDGE('',*,*,#23780,.T.);
#41520=CARTESIAN_POINT('',(35.2799999999999,58.7198126169906,-2.0598));
#41530=DIRECTION('',(-0.707106781186548,0.707106781186548,0.));
#41540=VECTOR('',#41530,1.);
#41550=LINE('',#41520,#41540);
#41560=EDGE_CURVE('',#37920,#23690,#41550,.T.);
#41570=ORIENTED_EDGE('',*,*,#41560,.T.);
#41580=ORIENTED_EDGE('',*,*,#37930,.T.);
#41590=EDGE_LOOP('',(#41580,#41570,#41510,#41500));
#41600=FACE_OUTER_BOUND('',#41590,.T.);
#41610=ADVANCED_FACE('',(#41600),#41490,.F.);
#41620=CARTESIAN_POINT('',(35.205,58.7948126169906,-3.68980000000001));
#41630=DIRECTION('',(0.707106781186547,0.707106781186548,
-1.50970428719594E-16));
#41640=DIRECTION('',(-0.707106781186548,0.707106781186547,0.));
#41650=AXIS2_PLACEMENT_3D('',#41620,#41630,#41640);
#41660=PLANE('',#41650);
#41670=ORIENTED_EDGE('',*,*,#37990,.F.);
#41680=ORIENTED_EDGE('',*,*,#41560,.F.);
#41690=ORIENTED_EDGE('',*,*,#23700,.T.);
#41700=ORIENTED_EDGE('',*,*,#26810,.F.);
#41710=EDGE_LOOP('',(#41700,#41690,#41680,#41670));
#41720=FACE_OUTER_BOUND('',#41710,.T.);
#41730=ADVANCED_FACE('',(#41720),#41660,.T.);
#41740=CARTESIAN_POINT('',(37.115,57.5482789987394,-1.96345794057091));
#41750=DIRECTION('',(-1.,0.,0.));
#41760=DIRECTION('',(0.,0.,1.));
#41770=AXIS2_PLACEMENT_3D('',#41740,#41750,#41760);
#41780=PLANE('',#41770);
#41790=ORIENTED_EDGE('',*,*,#35920,.F.);
#41800=ORIENTED_EDGE('',*,*,#34690,.F.);
#41810=CARTESIAN_POINT('',(37.115,58.5798126169906,-2.87979999999974));
#41820=DIRECTION('',(0.,-0.800000000000023,-0.59999999999997));
#41830=VECTOR('',#41820,1.);
#41840=LINE('',#41810,#41830);
#41850=CARTESIAN_POINT('',(37.115,58.5798126169906,-2.87979999999987));
#41860=VERTEX_POINT('',#41850);
#41870=EDGE_CURVE('',#41860,#34600,#41840,.T.);
#41880=ORIENTED_EDGE('',*,*,#41870,.T.);
#41890=CARTESIAN_POINT('',(37.115,58.5798126169906,-2.8798));
#41900=DIRECTION('',(0.,0.,1.));
#41910=VECTOR('',#41900,1.);
#41920=LINE('',#41890,#41910);
#41930=CARTESIAN_POINT('',(37.115,58.5798126169906,-2.36979999999999));
#41940=VERTEX_POINT('',#41930);
#41950=EDGE_CURVE('',#41860,#41940,#41920,.T.);
#41960=ORIENTED_EDGE('',*,*,#41950,.F.);
#41970=CARTESIAN_POINT('',(37.115,58.5598126169906,-2.29979999999997));
#41980=DIRECTION('',(0.,0.274721127897417,-0.961523947640812));
#41990=VECTOR('',#41980,1.);
#42000=LINE('',#41970,#41990);
#42010=CARTESIAN_POINT('',(37.115,58.5598126169906,-2.2998));
#42020=VERTEX_POINT('',#42010);
#42030=EDGE_CURVE('',#42020,#41940,#42000,.T.);
#42040=ORIENTED_EDGE('',*,*,#42030,.T.);
#42050=CARTESIAN_POINT('',(37.115,58.5598126169906,-2.2998));
#42060=DIRECTION('',(0.,0.,1.));
#42070=VECTOR('',#42060,1.);
#42080=LINE('',#42050,#42070);
#42090=EDGE_CURVE('',#42020,#35910,#42080,.T.);
#42100=ORIENTED_EDGE('',*,*,#42090,.F.);
#42110=EDGE_LOOP('',(#42100,#42040,#41960,#41880,#41800,#41790));
#42120=FACE_OUTER_BOUND('',#42110,.T.);
#42130=ADVANCED_FACE('',(#42120),#41780,.T.);
#42140=CARTESIAN_POINT('',(37.115,58.5598126169906,-2.2998));
#42150=DIRECTION('',(0.,-1.,0.));
#42160=DIRECTION('',(0.,0.,-1.));
#42170=AXIS2_PLACEMENT_3D('',#42140,#42150,#42160);
#42180=PLANE('',#42170);
#42190=ORIENTED_EDGE('',*,*,#42090,.T.);
#42200=CARTESIAN_POINT('',(37.115,58.5598126169906,-2.2998));
#42210=DIRECTION('',(1.,0.,0.));
#42220=VECTOR('',#42210,1.);
#42230=LINE('',#42200,#42220);
#42240=CARTESIAN_POINT('',(37.235,58.5598126169906,-2.2998));
#42250=VERTEX_POINT('',#42240);
#42260=EDGE_CURVE('',#42020,#42250,#42230,.T.);
#42270=ORIENTED_EDGE('',*,*,#42260,.F.);
#42280=CARTESIAN_POINT('',(37.235,58.5598126169906,-2.1998));
#42290=DIRECTION('',(0.,0.,-1.));
#42300=VECTOR('',#42290,1.);
#42310=LINE('',#42280,#42300);
#42320=EDGE_CURVE('',#35990,#42250,#42310,.T.);
#42330=ORIENTED_EDGE('',*,*,#42320,.T.);
#42340=ORIENTED_EDGE('',*,*,#36000,.F.);
#42350=EDGE_LOOP('',(#42340,#42330,#42270,#42190));
#42360=FACE_OUTER_BOUND('',#42350,.T.);
#42370=ADVANCED_FACE('',(#42360),#42180,.F.);
#42380=CARTESIAN_POINT('',(37.115,58.5798126169906,-2.3698));
#42390=DIRECTION('',(0.,-0.961523947640812,-0.274721127897417));
#42400=DIRECTION('',(0.,0.274721127897417,-0.961523947640812));
#42410=AXIS2_PLACEMENT_3D('',#42380,#42390,#42400);
#42420=PLANE('',#42410);
#42430=ORIENTED_EDGE('',*,*,#42030,.F.);
#42440=CARTESIAN_POINT('',(37.115,58.5798126169906,-2.3698));
#42450=DIRECTION('',(1.,0.,0.));
#42460=VECTOR('',#42450,1.);
#42470=LINE('',#42440,#42460);
#42480=CARTESIAN_POINT('',(37.235,58.5798126169906,-2.3698));
#42490=VERTEX_POINT('',#42480);
#42500=EDGE_CURVE('',#41940,#42490,#42470,.T.);
#42510=ORIENTED_EDGE('',*,*,#42500,.F.);
#42520=CARTESIAN_POINT('',(37.235,58.5798126169906,-2.36980000000001));
#42530=DIRECTION('',(0.,-0.274721127897381,0.961523947640822));
#42540=VECTOR('',#42530,1.);
#42550=LINE('',#42520,#42540);
#42560=EDGE_CURVE('',#42490,#42250,#42550,.T.);
#42570=ORIENTED_EDGE('',*,*,#42560,.F.);
#42580=ORIENTED_EDGE('',*,*,#42260,.T.);
#42590=EDGE_LOOP('',(#42580,#42570,#42510,#42430));
#42600=FACE_OUTER_BOUND('',#42590,.T.);
#42610=ADVANCED_FACE('',(#42600),#42420,.F.);
#42620=CARTESIAN_POINT('',(37.115,58.5798126169906,-2.8798));
#42630=DIRECTION('',(0.,-1.,0.));
#42640=DIRECTION('',(0.,0.,-1.));
#42650=AXIS2_PLACEMENT_3D('',#42620,#42630,#42640);
#42660=PLANE('',#42650);
#42670=CARTESIAN_POINT('',(37.235,58.5798126169906,-2.3698));
#42680=DIRECTION('',(0.,0.,-1.));
#42690=VECTOR('',#42680,1.);
#42700=LINE('',#42670,#42690);
#42710=CARTESIAN_POINT('',(37.235,58.5798126169906,-2.8798));
#42720=VERTEX_POINT('',#42710);
#42730=EDGE_CURVE('',#42490,#42720,#42700,.T.);
#42740=ORIENTED_EDGE('',*,*,#42730,.T.);
#42750=ORIENTED_EDGE('',*,*,#42500,.T.);
#42760=ORIENTED_EDGE('',*,*,#41950,.T.);
#42770=CARTESIAN_POINT('',(37.235,58.5798126169906,-2.8798));
#42780=DIRECTION('',(-1.,0.,0.));
#42790=VECTOR('',#42780,1.);
#42800=LINE('',#42770,#42790);
#42810=EDGE_CURVE('',#42720,#41860,#42800,.T.);
#42820=ORIENTED_EDGE('',*,*,#42810,.T.);
#42830=EDGE_LOOP('',(#42820,#42760,#42750,#42740));
#42840=FACE_OUTER_BOUND('',#42830,.T.);
#42850=ADVANCED_FACE('',(#42840),#42660,.F.);
#42860=CARTESIAN_POINT('',(37.115,58.4358126169906,-2.98779999999999));
#42870=DIRECTION('',(0.,-0.599999999999991,0.800000000000007));
#42880=DIRECTION('',(0.,-0.800000000000007,-0.599999999999991));
#42890=AXIS2_PLACEMENT_3D('',#42860,#42870,#42880);
#42900=PLANE('',#42890);
#42910=CARTESIAN_POINT('',(37.235,58.4898126169905,-2.94730000000008));
#42920=DIRECTION('',(0.,0.799999999999989,0.600000000000015));
#42930=VECTOR('',#42920,1.);
#42940=LINE('',#42910,#42930);
#42950=EDGE_CURVE('',#34520,#42720,#42940,.T.);
#42960=ORIENTED_EDGE('',*,*,#42950,.F.);
#42970=ORIENTED_EDGE('',*,*,#42810,.F.);
#42980=ORIENTED_EDGE('',*,*,#41870,.F.);
#42990=ORIENTED_EDGE('',*,*,#34610,.F.);
#43000=EDGE_LOOP('',(#42990,#42980,#42970,#42960));
#43010=FACE_OUTER_BOUND('',#43000,.T.);
#43020=ADVANCED_FACE('',(#43010),#42900,.F.);
#43030=CARTESIAN_POINT('',(37.235,57.5510425259597,-1.96345794057089));
#43040=DIRECTION('',(-1.,0.,0.));
#43050=DIRECTION('',(0.,0.,1.));
#43060=AXIS2_PLACEMENT_3D('',#43030,#43040,#43050);
#43070=PLANE('',#43060);
#43080=ORIENTED_EDGE('',*,*,#42320,.F.);
#43090=ORIENTED_EDGE('',*,*,#42560,.T.);
#43100=ORIENTED_EDGE('',*,*,#42730,.F.);
#43110=ORIENTED_EDGE('',*,*,#42950,.T.);
#43120=ORIENTED_EDGE('',*,*,#34530,.F.);
#43130=ORIENTED_EDGE('',*,*,#36060,.F.);
#43140=EDGE_LOOP('',(#43130,#43120,#43110,#43100,#43090,#43080));
#43150=FACE_OUTER_BOUND('',#43140,.T.);
#43160=ADVANCED_FACE('',(#43150),#43070,.F.);
#43170=CARTESIAN_POINT('',(37.615,57.5482789987394,-1.96345794057091));
#43180=DIRECTION('',(-1.,0.,0.));
#43190=DIRECTION('',(0.,0.,1.));
#43200=AXIS2_PLACEMENT_3D('',#43170,#43180,#43190);
#43210=PLANE('',#43200);
#43220=ORIENTED_EDGE('',*,*,#34370,.T.);
#43230=CARTESIAN_POINT('',(37.615,58.5798126169906,-2.87979999999969));
#43240=DIRECTION('',(0.,-0.800000000000008,-0.59999999999999));
#43250=VECTOR('',#43240,1.);
#43260=LINE('',#43230,#43250);
#43270=CARTESIAN_POINT('',(37.615,58.5798126169906,-2.87979999999984));
#43280=VERTEX_POINT('',#43270);
#43290=EDGE_CURVE('',#43280,#34280,#43260,.T.);
#43300=ORIENTED_EDGE('',*,*,#43290,.T.);
#43310=CARTESIAN_POINT('',(37.615,58.5798126169906,-2.3698));
#43320=DIRECTION('',(0.,0.,-1.));
#43330=VECTOR('',#43320,1.);
#43340=LINE('',#43310,#43330);
#43350=CARTESIAN_POINT('',(37.615,58.5798126169906,-2.3698));
#43360=VERTEX_POINT('',#43350);
#43370=EDGE_CURVE('',#43360,#43280,#43340,.T.);
#43380=ORIENTED_EDGE('',*,*,#43370,.T.);
#43390=CARTESIAN_POINT('',(37.615,58.5598126169906,-2.2998));
#43400=DIRECTION('',(0.,0.274721127897417,-0.961523947640812));
#43410=VECTOR('',#43400,1.);
#43420=LINE('',#43390,#43410);
#43430=CARTESIAN_POINT('',(37.615,58.5598126169906,-2.2998));
#43440=VERTEX_POINT('',#43430);
#43450=EDGE_CURVE('',#43440,#43360,#43420,.T.);
#43460=ORIENTED_EDGE('',*,*,#43450,.T.);
#43470=CARTESIAN_POINT('',(37.615,58.5598126169906,-2.1998));
#43480=DIRECTION('',(0.,0.,-1.));
#43490=VECTOR('',#43480,1.);
#43500=LINE('',#43470,#43490);
#43510=EDGE_CURVE('',#36140,#43440,#43500,.T.);
#43520=ORIENTED_EDGE('',*,*,#43510,.T.);
#43530=ORIENTED_EDGE('',*,*,#36150,.T.);
#43540=EDGE_LOOP('',(#43530,#43520,#43460,#43380,#43300,#43220));
#43550=FACE_OUTER_BOUND('',#43540,.T.);
#43560=ADVANCED_FACE('',(#43550),#43210,.T.);
#43570=CARTESIAN_POINT('',(37.615,58.4358126169906,-2.98779999999999));
#43580=DIRECTION('',(0.,-0.599999999999991,0.800000000000007));
#43590=DIRECTION('',(0.,-0.800000000000007,-0.599999999999991));
#43600=AXIS2_PLACEMENT_3D('',#43570,#43580,#43590);
#43610=PLANE('',#43600);
#43620=CARTESIAN_POINT('',(37.735,58.4898126169905,-2.94730000000008));
#43630=DIRECTION('',(0.,0.799999999999989,0.600000000000015));
#43640=VECTOR('',#43630,1.);
#43650=LINE('',#43620,#43640);
#43660=CARTESIAN_POINT('',(37.735,58.5798126169906,-2.8798));
#43670=VERTEX_POINT('',#43660);
#43680=EDGE_CURVE('',#34200,#43670,#43650,.T.);
#43690=ORIENTED_EDGE('',*,*,#43680,.F.);
#43700=CARTESIAN_POINT('',(37.735,58.5798126169906,-2.8798));
#43710=DIRECTION('',(-1.,0.,0.));
#43720=VECTOR('',#43710,1.);
#43730=LINE('',#43700,#43720);
#43740=EDGE_CURVE('',#43670,#43280,#43730,.T.);
#43750=ORIENTED_EDGE('',*,*,#43740,.F.);
#43760=ORIENTED_EDGE('',*,*,#43290,.F.);
#43770=ORIENTED_EDGE('',*,*,#34290,.F.);
#43780=EDGE_LOOP('',(#43770,#43760,#43750,#43690));
#43790=FACE_OUTER_BOUND('',#43780,.T.);
#43800=ADVANCED_FACE('',(#43790),#43610,.F.);
#43810=CARTESIAN_POINT('',(37.735,57.5510425259597,-1.96345794057089));
#43820=DIRECTION('',(-1.,0.,0.));
#43830=DIRECTION('',(0.,0.,1.));
#43840=AXIS2_PLACEMENT_3D('',#43810,#43820,#43830);
#43850=PLANE('',#43840);
#43860=CARTESIAN_POINT('',(37.735,58.5598126169906,-2.1998));
#43870=DIRECTION('',(0.,0.,-1.));
#43880=VECTOR('',#43870,1.);
#43890=LINE('',#43860,#43880);
#43900=CARTESIAN_POINT('',(37.735,58.5598126169906,-2.2998));
#43910=VERTEX_POINT('',#43900);
#43920=EDGE_CURVE('',#36220,#43910,#43890,.T.);
#43930=ORIENTED_EDGE('',*,*,#43920,.F.);
#43940=CARTESIAN_POINT('',(37.735,58.5798126169906,-2.36980000000001));
#43950=DIRECTION('',(0.,-0.274721127897381,0.961523947640822));
#43960=VECTOR('',#43950,1.);
#43970=LINE('',#43940,#43960);
#43980=CARTESIAN_POINT('',(37.735,58.5798126169906,-2.36980000000001));
#43990=VERTEX_POINT('',#43980);
#44000=EDGE_CURVE('',#43990,#43910,#43970,.T.);
#44010=ORIENTED_EDGE('',*,*,#44000,.T.);
#44020=CARTESIAN_POINT('',(37.735,58.5798126169906,-2.3698));
#44030=DIRECTION('',(0.,0.,-1.));
#44040=VECTOR('',#44030,1.);
#44050=LINE('',#44020,#44040);
#44060=EDGE_CURVE('',#43990,#43670,#44050,.T.);
#44070=ORIENTED_EDGE('',*,*,#44060,.F.);
#44080=ORIENTED_EDGE('',*,*,#43680,.T.);
#44090=ORIENTED_EDGE('',*,*,#34210,.F.);
#44100=ORIENTED_EDGE('',*,*,#36290,.F.);
#44110=EDGE_LOOP('',(#44100,#44090,#44080,#44070,#44010,#43930));
#44120=FACE_OUTER_BOUND('',#44110,.T.);
#44130=ADVANCED_FACE('',(#44120),#43850,.F.);
#44140=CARTESIAN_POINT('',(37.615,58.5598126169906,-2.2998));
#44150=DIRECTION('',(0.,-1.,0.));
#44160=DIRECTION('',(0.,0.,-1.));
#44170=AXIS2_PLACEMENT_3D('',#44140,#44150,#44160);
#44180=PLANE('',#44170);
#44190=ORIENTED_EDGE('',*,*,#43510,.F.);
#44200=CARTESIAN_POINT('',(37.615,58.5598126169906,-2.2998));
#44210=DIRECTION('',(1.,0.,0.));
#44220=VECTOR('',#44210,1.);
#44230=LINE('',#44200,#44220);
#44240=EDGE_CURVE('',#43440,#43910,#44230,.T.);
#44250=ORIENTED_EDGE('',*,*,#44240,.F.);
#44260=ORIENTED_EDGE('',*,*,#43920,.T.);
#44270=ORIENTED_EDGE('',*,*,#36230,.F.);
#44280=EDGE_LOOP('',(#44270,#44260,#44250,#44190));
#44290=FACE_OUTER_BOUND('',#44280,.T.);
#44300=ADVANCED_FACE('',(#44290),#44180,.F.);
#44310=CARTESIAN_POINT('',(37.615,58.5798126169906,-2.3698));
#44320=DIRECTION('',(0.,-0.961523947640812,-0.274721127897417));
#44330=DIRECTION('',(0.,0.274721127897417,-0.961523947640812));
#44340=AXIS2_PLACEMENT_3D('',#44310,#44320,#44330);
#44350=PLANE('',#44340);
#44360=ORIENTED_EDGE('',*,*,#43450,.F.);
#44370=CARTESIAN_POINT('',(37.615,58.5798126169906,-2.3698));
#44380=DIRECTION('',(1.,0.,0.));
#44390=VECTOR('',#44380,1.);
#44400=LINE('',#44370,#44390);
#44410=EDGE_CURVE('',#43360,#43990,#44400,.T.);
#44420=ORIENTED_EDGE('',*,*,#44410,.F.);
#44430=ORIENTED_EDGE('',*,*,#44000,.F.);
#44440=ORIENTED_EDGE('',*,*,#44240,.T.);
#44450=EDGE_LOOP('',(#44440,#44430,#44420,#44360));
#44460=FACE_OUTER_BOUND('',#44450,.T.);
#44470=ADVANCED_FACE('',(#44460),#44350,.F.);
#44480=CARTESIAN_POINT('',(37.615,58.5798126169906,-2.8798));
#44490=DIRECTION('',(0.,-1.,0.));
#44500=DIRECTION('',(0.,0.,-1.));
#44510=AXIS2_PLACEMENT_3D('',#44480,#44490,#44500);
#44520=PLANE('',#44510);
#44530=ORIENTED_EDGE('',*,*,#44060,.T.);
#44540=ORIENTED_EDGE('',*,*,#44410,.T.);
#44550=ORIENTED_EDGE('',*,*,#43370,.F.);
#44560=ORIENTED_EDGE('',*,*,#43740,.T.);
#44570=EDGE_LOOP('',(#44560,#44550,#44540,#44530));
#44580=FACE_OUTER_BOUND('',#44570,.T.);
#44590=ADVANCED_FACE('',(#44580),#44520,.F.);
#44600=CARTESIAN_POINT('',(38.115,57.5482789987394,-1.96345794057091));
#44610=DIRECTION('',(-1.,0.,0.));
#44620=DIRECTION('',(0.,0.,1.));
#44630=AXIS2_PLACEMENT_3D('',#44600,#44610,#44620);
#44640=PLANE('',#44630);
#44650=ORIENTED_EDGE('',*,*,#34050,.T.);
#44660=CARTESIAN_POINT('',(38.115,58.5798126169906,-2.87979999999969));
#44670=DIRECTION('',(0.,-0.800000000000008,-0.59999999999999));
#44680=VECTOR('',#44670,1.);
#44690=LINE('',#44660,#44680);
#44700=CARTESIAN_POINT('',(38.115,58.5798126169906,-2.87979999999984));
#44710=VERTEX_POINT('',#44700);
#44720=EDGE_CURVE('',#44710,#33960,#44690,.T.);
#44730=ORIENTED_EDGE('',*,*,#44720,.T.);
#44740=CARTESIAN_POINT('',(38.115,58.5798126169906,-2.3698));
#44750=DIRECTION('',(0.,0.,-1.));
#44760=VECTOR('',#44750,1.);
#44770=LINE('',#44740,#44760);
#44780=CARTESIAN_POINT('',(38.115,58.5798126169906,-2.3698));
#44790=VERTEX_POINT('',#44780);
#44800=EDGE_CURVE('',#44790,#44710,#44770,.T.);
#44810=ORIENTED_EDGE('',*,*,#44800,.T.);
#44820=CARTESIAN_POINT('',(38.115,58.5598126169906,-2.2998));
#44830=DIRECTION('',(0.,0.274721127897417,-0.961523947640812));
#44840=VECTOR('',#44830,1.);
#44850=LINE('',#44820,#44840);
#44860=CARTESIAN_POINT('',(38.115,58.5598126169906,-2.2998));
#44870=VERTEX_POINT('',#44860);
#44880=EDGE_CURVE('',#44870,#44790,#44850,.T.);
#44890=ORIENTED_EDGE('',*,*,#44880,.T.);
#44900=CARTESIAN_POINT('',(38.115,58.5598126169906,-2.1998));
#44910=DIRECTION('',(0.,0.,-1.));
#44920=VECTOR('',#44910,1.);
#44930=LINE('',#44900,#44920);
#44940=EDGE_CURVE('',#36370,#44870,#44930,.T.);
#44950=ORIENTED_EDGE('',*,*,#44940,.T.);
#44960=ORIENTED_EDGE('',*,*,#36380,.T.);
#44970=EDGE_LOOP('',(#44960,#44950,#44890,#44810,#44730,#44650));
#44980=FACE_OUTER_BOUND('',#44970,.T.);
#44990=ADVANCED_FACE('',(#44980),#44640,.T.);
#45000=CARTESIAN_POINT('',(38.115,58.4358126169906,-2.98779999999999));
#45010=DIRECTION('',(0.,-0.599999999999991,0.800000000000007));
#45020=DIRECTION('',(0.,-0.800000000000007,-0.599999999999991));
#45030=AXIS2_PLACEMENT_3D('',#45000,#45010,#45020);
#45040=PLANE('',#45030);
#45050=CARTESIAN_POINT('',(38.235,58.4898126169905,-2.94730000000008));
#45060=DIRECTION('',(0.,0.799999999999989,0.600000000000015));
#45070=VECTOR('',#45060,1.);
#45080=LINE('',#45050,#45070);
#45090=CARTESIAN_POINT('',(38.235,58.5798126169906,-2.8798));
#45100=VERTEX_POINT('',#45090);
#45110=EDGE_CURVE('',#33880,#45100,#45080,.T.);
#45120=ORIENTED_EDGE('',*,*,#45110,.F.);
#45130=CARTESIAN_POINT('',(38.235,58.5798126169906,-2.8798));
#45140=DIRECTION('',(-1.,0.,0.));
#45150=VECTOR('',#45140,1.);
#45160=LINE('',#45130,#45150);
#45170=EDGE_CURVE('',#45100,#44710,#45160,.T.);
#45180=ORIENTED_EDGE('',*,*,#45170,.F.);
#45190=ORIENTED_EDGE('',*,*,#44720,.F.);
#45200=ORIENTED_EDGE('',*,*,#33970,.F.);
#45210=EDGE_LOOP('',(#45200,#45190,#45180,#45120));
#45220=FACE_OUTER_BOUND('',#45210,.T.);
#45230=ADVANCED_FACE('',(#45220),#45040,.F.);
#45240=CARTESIAN_POINT('',(38.235,57.5510425259597,-1.96345794057089));
#45250=DIRECTION('',(-1.,0.,0.));
#45260=DIRECTION('',(0.,0.,1.));
#45270=AXIS2_PLACEMENT_3D('',#45240,#45250,#45260);
#45280=PLANE('',#45270);
#45290=CARTESIAN_POINT('',(38.235,58.5598126169906,-2.1998));
#45300=DIRECTION('',(0.,0.,-1.));
#45310=VECTOR('',#45300,1.);
#45320=LINE('',#45290,#45310);
#45330=CARTESIAN_POINT('',(38.235,58.5598126169906,-2.2998));
#45340=VERTEX_POINT('',#45330);
#45350=EDGE_CURVE('',#36450,#45340,#45320,.T.);
#45360=ORIENTED_EDGE('',*,*,#45350,.F.);
#45370=CARTESIAN_POINT('',(38.235,58.5798126169906,-2.36980000000001));
#45380=DIRECTION('',(0.,-0.274721127897381,0.961523947640822));
#45390=VECTOR('',#45380,1.);
#45400=LINE('',#45370,#45390);
#45410=CARTESIAN_POINT('',(38.235,58.5798126169906,-2.36980000000001));
#45420=VERTEX_POINT('',#45410);
#45430=EDGE_CURVE('',#45420,#45340,#45400,.T.);
#45440=ORIENTED_EDGE('',*,*,#45430,.T.);
#45450=CARTESIAN_POINT('',(38.235,58.5798126169906,-2.3698));
#45460=DIRECTION('',(0.,0.,-1.));
#45470=VECTOR('',#45460,1.);
#45480=LINE('',#45450,#45470);
#45490=EDGE_CURVE('',#45420,#45100,#45480,.T.);
#45500=ORIENTED_EDGE('',*,*,#45490,.F.);
#45510=ORIENTED_EDGE('',*,*,#45110,.T.);
#45520=ORIENTED_EDGE('',*,*,#33890,.F.);
#45530=ORIENTED_EDGE('',*,*,#36520,.F.);
#45540=EDGE_LOOP('',(#45530,#45520,#45510,#45500,#45440,#45360));
#45550=FACE_OUTER_BOUND('',#45540,.T.);
#45560=ADVANCED_FACE('',(#45550),#45280,.F.);
#45570=CARTESIAN_POINT('',(38.115,58.5598126169906,-2.2998));
#45580=DIRECTION('',(0.,-1.,0.));
#45590=DIRECTION('',(0.,0.,-1.));
#45600=AXIS2_PLACEMENT_3D('',#45570,#45580,#45590);
#45610=PLANE('',#45600);
#45620=ORIENTED_EDGE('',*,*,#44940,.F.);
#45630=CARTESIAN_POINT('',(38.115,58.5598126169906,-2.2998));
#45640=DIRECTION('',(1.,0.,0.));
#45650=VECTOR('',#45640,1.);
#45660=LINE('',#45630,#45650);
#45670=EDGE_CURVE('',#44870,#45340,#45660,.T.);
#45680=ORIENTED_EDGE('',*,*,#45670,.F.);
#45690=ORIENTED_EDGE('',*,*,#45350,.T.);
#45700=ORIENTED_EDGE('',*,*,#36460,.F.);
#45710=EDGE_LOOP('',(#45700,#45690,#45680,#45620));
#45720=FACE_OUTER_BOUND('',#45710,.T.);
#45730=ADVANCED_FACE('',(#45720),#45610,.F.);
#45740=CARTESIAN_POINT('',(38.115,58.5798126169906,-2.3698));
#45750=DIRECTION('',(0.,-0.961523947640812,-0.274721127897417));
#45760=DIRECTION('',(0.,0.274721127897417,-0.961523947640812));
#45770=AXIS2_PLACEMENT_3D('',#45740,#45750,#45760);
#45780=PLANE('',#45770);
#45790=ORIENTED_EDGE('',*,*,#44880,.F.);
#45800=CARTESIAN_POINT('',(38.115,58.5798126169906,-2.3698));
#45810=DIRECTION('',(1.,0.,0.));
#45820=VECTOR('',#45810,1.);
#45830=LINE('',#45800,#45820);
#45840=EDGE_CURVE('',#44790,#45420,#45830,.T.);
#45850=ORIENTED_EDGE('',*,*,#45840,.F.);
#45860=ORIENTED_EDGE('',*,*,#45430,.F.);
#45870=ORIENTED_EDGE('',*,*,#45670,.T.);
#45880=EDGE_LOOP('',(#45870,#45860,#45850,#45790));
#45890=FACE_OUTER_BOUND('',#45880,.T.);
#45900=ADVANCED_FACE('',(#45890),#45780,.F.);
#45910=CARTESIAN_POINT('',(38.115,58.5798126169906,-2.8798));
#45920=DIRECTION('',(0.,-1.,0.));
#45930=DIRECTION('',(0.,0.,-1.));
#45940=AXIS2_PLACEMENT_3D('',#45910,#45920,#45930);
#45950=PLANE('',#45940);
#45960=ORIENTED_EDGE('',*,*,#45490,.T.);
#45970=ORIENTED_EDGE('',*,*,#45840,.T.);
#45980=ORIENTED_EDGE('',*,*,#44800,.F.);
#45990=ORIENTED_EDGE('',*,*,#45170,.T.);
#46000=EDGE_LOOP('',(#45990,#45980,#45970,#45960));
#46010=FACE_OUTER_BOUND('',#46000,.T.);
#46020=ADVANCED_FACE('',(#46010),#45950,.F.);
#46030=CARTESIAN_POINT('',(38.615,57.5482789987394,-1.96345794057091));
#46040=DIRECTION('',(-1.,0.,0.));
#46050=DIRECTION('',(0.,0.,1.));
#46060=AXIS2_PLACEMENT_3D('',#46030,#46040,#46050);
#46070=PLANE('',#46060);
#46080=ORIENTED_EDGE('',*,*,#33730,.T.);
#46090=CARTESIAN_POINT('',(38.615,58.5798126169906,-2.87979999999969));
#46100=DIRECTION('',(0.,-0.800000000000008,-0.59999999999999));
#46110=VECTOR('',#46100,1.);
#46120=LINE('',#46090,#46110);
#46130=CARTESIAN_POINT('',(38.615,58.5798126169906,-2.87979999999984));
#46140=VERTEX_POINT('',#46130);
#46150=EDGE_CURVE('',#46140,#33640,#46120,.T.);
#46160=ORIENTED_EDGE('',*,*,#46150,.T.);
#46170=CARTESIAN_POINT('',(38.615,58.5798126169906,-2.3698));
#46180=DIRECTION('',(0.,0.,-1.));
#46190=VECTOR('',#46180,1.);
#46200=LINE('',#46170,#46190);
#46210=CARTESIAN_POINT('',(38.615,58.5798126169906,-2.3698));
#46220=VERTEX_POINT('',#46210);
#46230=EDGE_CURVE('',#46220,#46140,#46200,.T.);
#46240=ORIENTED_EDGE('',*,*,#46230,.T.);
#46250=CARTESIAN_POINT('',(38.615,58.5598126169906,-2.2998));
#46260=DIRECTION('',(0.,0.274721127897417,-0.961523947640812));
#46270=VECTOR('',#46260,1.);
#46280=LINE('',#46250,#46270);
#46290=CARTESIAN_POINT('',(38.615,58.5598126169906,-2.2998));
#46300=VERTEX_POINT('',#46290);
#46310=EDGE_CURVE('',#46300,#46220,#46280,.T.);
#46320=ORIENTED_EDGE('',*,*,#46310,.T.);
#46330=CARTESIAN_POINT('',(38.615,58.5598126169906,-2.1998));
#46340=DIRECTION('',(0.,0.,-1.));
#46350=VECTOR('',#46340,1.);
#46360=LINE('',#46330,#46350);
#46370=EDGE_CURVE('',#36600,#46300,#46360,.T.);
#46380=ORIENTED_EDGE('',*,*,#46370,.T.);
#46390=ORIENTED_EDGE('',*,*,#36610,.T.);
#46400=EDGE_LOOP('',(#46390,#46380,#46320,#46240,#46160,#46080));
#46410=FACE_OUTER_BOUND('',#46400,.T.);
#46420=ADVANCED_FACE('',(#46410),#46070,.T.);
#46430=CARTESIAN_POINT('',(38.615,58.4358126169906,-2.98779999999999));
#46440=DIRECTION('',(0.,-0.599999999999991,0.800000000000007));
#46450=DIRECTION('',(0.,-0.800000000000007,-0.599999999999991));
#46460=AXIS2_PLACEMENT_3D('',#46430,#46440,#46450);
#46470=PLANE('',#46460);
#46480=CARTESIAN_POINT('',(38.735,58.4898126169905,-2.94730000000008));
#46490=DIRECTION('',(0.,0.799999999999989,0.600000000000015));
#46500=VECTOR('',#46490,1.);
#46510=LINE('',#46480,#46500);
#46520=CARTESIAN_POINT('',(38.735,58.5798126169906,-2.8798));
#46530=VERTEX_POINT('',#46520);
#46540=EDGE_CURVE('',#33560,#46530,#46510,.T.);
#46550=ORIENTED_EDGE('',*,*,#46540,.F.);
#46560=CARTESIAN_POINT('',(38.735,58.5798126169906,-2.8798));
#46570=DIRECTION('',(-1.,0.,0.));
#46580=VECTOR('',#46570,1.);
#46590=LINE('',#46560,#46580);
#46600=EDGE_CURVE('',#46530,#46140,#46590,.T.);
#46610=ORIENTED_EDGE('',*,*,#46600,.F.);
#46620=ORIENTED_EDGE('',*,*,#46150,.F.);
#46630=ORIENTED_EDGE('',*,*,#33650,.F.);
#46640=EDGE_LOOP('',(#46630,#46620,#46610,#46550));
#46650=FACE_OUTER_BOUND('',#46640,.T.);
#46660=ADVANCED_FACE('',(#46650),#46470,.F.);
#46670=CARTESIAN_POINT('',(38.735,57.5510425259597,-1.96345794057089));
#46680=DIRECTION('',(-1.,0.,0.));
#46690=DIRECTION('',(0.,0.,1.));
#46700=AXIS2_PLACEMENT_3D('',#46670,#46680,#46690);
#46710=PLANE('',#46700);
#46720=CARTESIAN_POINT('',(38.735,58.5598126169906,-2.1998));
#46730=DIRECTION('',(0.,0.,-1.));
#46740=VECTOR('',#46730,1.);
#46750=LINE('',#46720,#46740);
#46760=CARTESIAN_POINT('',(38.735,58.5598126169906,-2.2998));
#46770=VERTEX_POINT('',#46760);
#46780=EDGE_CURVE('',#36680,#46770,#46750,.T.);
#46790=ORIENTED_EDGE('',*,*,#46780,.F.);
#46800=CARTESIAN_POINT('',(38.735,58.5798126169906,-2.36980000000001));
#46810=DIRECTION('',(0.,-0.274721127897381,0.961523947640822));
#46820=VECTOR('',#46810,1.);
#46830=LINE('',#46800,#46820);
#46840=CARTESIAN_POINT('',(38.735,58.5798126169906,-2.36980000000001));
#46850=VERTEX_POINT('',#46840);
#46860=EDGE_CURVE('',#46850,#46770,#46830,.T.);
#46870=ORIENTED_EDGE('',*,*,#46860,.T.);
#46880=CARTESIAN_POINT('',(38.735,58.5798126169906,-2.3698));
#46890=DIRECTION('',(0.,0.,-1.));
#46900=VECTOR('',#46890,1.);
#46910=LINE('',#46880,#46900);
#46920=EDGE_CURVE('',#46850,#46530,#46910,.T.);
#46930=ORIENTED_EDGE('',*,*,#46920,.F.);
#46940=ORIENTED_EDGE('',*,*,#46540,.T.);
#46950=ORIENTED_EDGE('',*,*,#33570,.F.);
#46960=ORIENTED_EDGE('',*,*,#36750,.F.);
#46970=EDGE_LOOP('',(#46960,#46950,#46940,#46930,#46870,#46790));
#46980=FACE_OUTER_BOUND('',#46970,.T.);
#46990=ADVANCED_FACE('',(#46980),#46710,.F.);
#47000=CARTESIAN_POINT('',(38.615,58.5598126169906,-2.2998));
#47010=DIRECTION('',(0.,-1.,0.));
#47020=DIRECTION('',(0.,0.,-1.));
#47030=AXIS2_PLACEMENT_3D('',#47000,#47010,#47020);
#47040=PLANE('',#47030);
#47050=ORIENTED_EDGE('',*,*,#46370,.F.);
#47060=CARTESIAN_POINT('',(38.615,58.5598126169906,-2.2998));
#47070=DIRECTION('',(1.,0.,0.));
#47080=VECTOR('',#47070,1.);
#47090=LINE('',#47060,#47080);
#47100=EDGE_CURVE('',#46300,#46770,#47090,.T.);
#47110=ORIENTED_EDGE('',*,*,#47100,.F.);
#47120=ORIENTED_EDGE('',*,*,#46780,.T.);
#47130=ORIENTED_EDGE('',*,*,#36690,.F.);
#47140=EDGE_LOOP('',(#47130,#47120,#47110,#47050));
#47150=FACE_OUTER_BOUND('',#47140,.T.);
#47160=ADVANCED_FACE('',(#47150),#47040,.F.);
#47170=CARTESIAN_POINT('',(38.615,58.5798126169906,-2.3698));
#47180=DIRECTION('',(0.,-0.961523947640812,-0.274721127897417));
#47190=DIRECTION('',(0.,0.274721127897417,-0.961523947640812));
#47200=AXIS2_PLACEMENT_3D('',#47170,#47180,#47190);
#47210=PLANE('',#47200);
#47220=ORIENTED_EDGE('',*,*,#46310,.F.);
#47230=CARTESIAN_POINT('',(38.615,58.5798126169906,-2.3698));
#47240=DIRECTION('',(1.,0.,0.));
#47250=VECTOR('',#47240,1.);
#47260=LINE('',#47230,#47250);
#47270=EDGE_CURVE('',#46220,#46850,#47260,.T.);
#47280=ORIENTED_EDGE('',*,*,#47270,.F.);
#47290=ORIENTED_EDGE('',*,*,#46860,.F.);
#47300=ORIENTED_EDGE('',*,*,#47100,.T.);
#47310=EDGE_LOOP('',(#47300,#47290,#47280,#47220));
#47320=FACE_OUTER_BOUND('',#47310,.T.);
#47330=ADVANCED_FACE('',(#47320),#47210,.F.);
#47340=CARTESIAN_POINT('',(38.615,58.5798126169906,-2.8798));
#47350=DIRECTION('',(0.,-1.,0.));
#47360=DIRECTION('',(0.,0.,-1.));
#47370=AXIS2_PLACEMENT_3D('',#47340,#47350,#47360);
#47380=PLANE('',#47370);
#47390=ORIENTED_EDGE('',*,*,#46920,.T.);
#47400=ORIENTED_EDGE('',*,*,#47270,.T.);
#47410=ORIENTED_EDGE('',*,*,#46230,.F.);
#47420=ORIENTED_EDGE('',*,*,#46600,.T.);
#47430=EDGE_LOOP('',(#47420,#47410,#47400,#47390));
#47440=FACE_OUTER_BOUND('',#47430,.T.);
#47450=ADVANCED_FACE('',(#47440),#47380,.F.);
#47460=CARTESIAN_POINT('',(39.115,57.5482789987394,-1.96345794057091));
#47470=DIRECTION('',(-1.,0.,0.));
#47480=DIRECTION('',(0.,0.,1.));
#47490=AXIS2_PLACEMENT_3D('',#47460,#47470,#47480);
#47500=PLANE('',#47490);
#47510=ORIENTED_EDGE('',*,*,#33410,.T.);
#47520=CARTESIAN_POINT('',(39.115,58.5798126169906,-2.87979999999969));
#47530=DIRECTION('',(0.,-0.800000000000008,-0.59999999999999));
#47540=VECTOR('',#47530,1.);
#47550=LINE('',#47520,#47540);
#47560=CARTESIAN_POINT('',(39.115,58.5798126169906,-2.87979999999984));
#47570=VERTEX_POINT('',#47560);
#47580=EDGE_CURVE('',#47570,#33320,#47550,.T.);
#47590=ORIENTED_EDGE('',*,*,#47580,.T.);
#47600=CARTESIAN_POINT('',(39.115,58.5798126169906,-2.3698));
#47610=DIRECTION('',(0.,0.,-1.));
#47620=VECTOR('',#47610,1.);
#47630=LINE('',#47600,#47620);
#47640=CARTESIAN_POINT('',(39.115,58.5798126169906,-2.3698));
#47650=VERTEX_POINT('',#47640);
#47660=EDGE_CURVE('',#47650,#47570,#47630,.T.);
#47670=ORIENTED_EDGE('',*,*,#47660,.T.);
#47680=CARTESIAN_POINT('',(39.115,58.5598126169906,-2.2998));
#47690=DIRECTION('',(0.,0.274721127897417,-0.961523947640812));
#47700=VECTOR('',#47690,1.);
#47710=LINE('',#47680,#47700);
#47720=CARTESIAN_POINT('',(39.115,58.5598126169906,-2.2998));
#47730=VERTEX_POINT('',#47720);
#47740=EDGE_CURVE('',#47730,#47650,#47710,.T.);
#47750=ORIENTED_EDGE('',*,*,#47740,.T.);
#47760=CARTESIAN_POINT('',(39.115,58.5598126169906,-2.1998));
#47770=DIRECTION('',(0.,0.,-1.));
#47780=VECTOR('',#47770,1.);
#47790=LINE('',#47760,#47780);
#47800=EDGE_CURVE('',#36830,#47730,#47790,.T.);
#47810=ORIENTED_EDGE('',*,*,#47800,.T.);
#47820=ORIENTED_EDGE('',*,*,#36840,.T.);
#47830=EDGE_LOOP('',(#47820,#47810,#47750,#47670,#47590,#47510));
#47840=FACE_OUTER_BOUND('',#47830,.T.);
#47850=ADVANCED_FACE('',(#47840),#47500,.T.);
#47860=CARTESIAN_POINT('',(39.115,58.4358126169906,-2.98779999999999));
#47870=DIRECTION('',(0.,-0.599999999999991,0.800000000000007));
#47880=DIRECTION('',(0.,-0.800000000000007,-0.599999999999991));
#47890=AXIS2_PLACEMENT_3D('',#47860,#47870,#47880);
#47900=PLANE('',#47890);
#47910=CARTESIAN_POINT('',(39.235,58.4898126169905,-2.94730000000008));
#47920=DIRECTION('',(0.,0.799999999999989,0.600000000000015));
#47930=VECTOR('',#47920,1.);
#47940=LINE('',#47910,#47930);
#47950=CARTESIAN_POINT('',(39.235,58.5798126169906,-2.8798));
#47960=VERTEX_POINT('',#47950);
#47970=EDGE_CURVE('',#33240,#47960,#47940,.T.);
#47980=ORIENTED_EDGE('',*,*,#47970,.F.);
#47990=CARTESIAN_POINT('',(39.235,58.5798126169906,-2.8798));
#48000=DIRECTION('',(-1.,0.,0.));
#48010=VECTOR('',#48000,1.);
#48020=LINE('',#47990,#48010);
#48030=EDGE_CURVE('',#47960,#47570,#48020,.T.);
#48040=ORIENTED_EDGE('',*,*,#48030,.F.);
#48050=ORIENTED_EDGE('',*,*,#47580,.F.);
#48060=ORIENTED_EDGE('',*,*,#33330,.F.);
#48070=EDGE_LOOP('',(#48060,#48050,#48040,#47980));
#48080=FACE_OUTER_BOUND('',#48070,.T.);
#48090=ADVANCED_FACE('',(#48080),#47900,.F.);
#48100=CARTESIAN_POINT('',(39.235,57.5510425259597,-1.96345794057089));
#48110=DIRECTION('',(-1.,0.,0.));
#48120=DIRECTION('',(0.,0.,1.));
#48130=AXIS2_PLACEMENT_3D('',#48100,#48110,#48120);
#48140=PLANE('',#48130);
#48150=CARTESIAN_POINT('',(39.235,58.5598126169906,-2.1998));
#48160=DIRECTION('',(0.,0.,-1.));
#48170=VECTOR('',#48160,1.);
#48180=LINE('',#48150,#48170);
#48190=CARTESIAN_POINT('',(39.235,58.5598126169906,-2.2998));
#48200=VERTEX_POINT('',#48190);
#48210=EDGE_CURVE('',#36910,#48200,#48180,.T.);
#48220=ORIENTED_EDGE('',*,*,#48210,.F.);
#48230=CARTESIAN_POINT('',(39.235,58.5798126169906,-2.36980000000001));
#48240=DIRECTION('',(0.,-0.274721127897381,0.961523947640822));
#48250=VECTOR('',#48240,1.);
#48260=LINE('',#48230,#48250);
#48270=CARTESIAN_POINT('',(39.235,58.5798126169906,-2.36980000000001));
#48280=VERTEX_POINT('',#48270);
#48290=EDGE_CURVE('',#48280,#48200,#48260,.T.);
#48300=ORIENTED_EDGE('',*,*,#48290,.T.);
#48310=CARTESIAN_POINT('',(39.235,58.5798126169906,-2.3698));
#48320=DIRECTION('',(0.,0.,-1.));
#48330=VECTOR('',#48320,1.);
#48340=LINE('',#48310,#48330);
#48350=EDGE_CURVE('',#48280,#47960,#48340,.T.);
#48360=ORIENTED_EDGE('',*,*,#48350,.F.);
#48370=ORIENTED_EDGE('',*,*,#47970,.T.);
#48380=ORIENTED_EDGE('',*,*,#33250,.F.);
#48390=ORIENTED_EDGE('',*,*,#36980,.F.);
#48400=EDGE_LOOP('',(#48390,#48380,#48370,#48360,#48300,#48220));
#48410=FACE_OUTER_BOUND('',#48400,.T.);
#48420=ADVANCED_FACE('',(#48410),#48140,.F.);
#48430=CARTESIAN_POINT('',(39.115,58.5598126169906,-2.2998));
#48440=DIRECTION('',(0.,-1.,0.));
#48450=DIRECTION('',(0.,0.,-1.));
#48460=AXIS2_PLACEMENT_3D('',#48430,#48440,#48450);
#48470=PLANE('',#48460);
#48480=ORIENTED_EDGE('',*,*,#47800,.F.);
#48490=CARTESIAN_POINT('',(39.115,58.5598126169906,-2.2998));
#48500=DIRECTION('',(1.,0.,0.));
#48510=VECTOR('',#48500,1.);
#48520=LINE('',#48490,#48510);
#48530=EDGE_CURVE('',#47730,#48200,#48520,.T.);
#48540=ORIENTED_EDGE('',*,*,#48530,.F.);
#48550=ORIENTED_EDGE('',*,*,#48210,.T.);
#48560=ORIENTED_EDGE('',*,*,#36920,.F.);
#48570=EDGE_LOOP('',(#48560,#48550,#48540,#48480));
#48580=FACE_OUTER_BOUND('',#48570,.T.);
#48590=ADVANCED_FACE('',(#48580),#48470,.F.);
#48600=CARTESIAN_POINT('',(39.115,58.5798126169906,-2.3698));
#48610=DIRECTION('',(0.,-0.961523947640812,-0.274721127897417));
#48620=DIRECTION('',(0.,0.274721127897417,-0.961523947640812));
#48630=AXIS2_PLACEMENT_3D('',#48600,#48610,#48620);
#48640=PLANE('',#48630);
#48650=ORIENTED_EDGE('',*,*,#47740,.F.);
#48660=CARTESIAN_POINT('',(39.115,58.5798126169906,-2.3698));
#48670=DIRECTION('',(1.,0.,0.));
#48680=VECTOR('',#48670,1.);
#48690=LINE('',#48660,#48680);
#48700=EDGE_CURVE('',#47650,#48280,#48690,.T.);
#48710=ORIENTED_EDGE('',*,*,#48700,.F.);
#48720=ORIENTED_EDGE('',*,*,#48290,.F.);
#48730=ORIENTED_EDGE('',*,*,#48530,.T.);
#48740=EDGE_LOOP('',(#48730,#48720,#48710,#48650));
#48750=FACE_OUTER_BOUND('',#48740,.T.);
#48760=ADVANCED_FACE('',(#48750),#48640,.F.);
#48770=CARTESIAN_POINT('',(39.115,58.5798126169906,-2.8798));
#48780=DIRECTION('',(0.,-1.,0.));
#48790=DIRECTION('',(0.,0.,-1.));
#48800=AXIS2_PLACEMENT_3D('',#48770,#48780,#48790);
#48810=PLANE('',#48800);
#48820=ORIENTED_EDGE('',*,*,#48350,.T.);
#48830=ORIENTED_EDGE('',*,*,#48700,.T.);
#48840=ORIENTED_EDGE('',*,*,#47660,.F.);
#48850=ORIENTED_EDGE('',*,*,#48030,.T.);
#48860=EDGE_LOOP('',(#48850,#48840,#48830,#48820));
#48870=FACE_OUTER_BOUND('',#48860,.T.);
#48880=ADVANCED_FACE('',(#48870),#48810,.F.);
#48890=CARTESIAN_POINT('',(39.615,57.5482789987394,-1.96345794057091));
#48900=DIRECTION('',(-1.,0.,0.));
#48910=DIRECTION('',(0.,0.,1.));
#48920=AXIS2_PLACEMENT_3D('',#48890,#48900,#48910);
#48930=PLANE('',#48920);
#48940=ORIENTED_EDGE('',*,*,#33090,.T.);
#48950=CARTESIAN_POINT('',(39.615,58.5798126169906,-2.87979999999969));
#48960=DIRECTION('',(0.,-0.800000000000008,-0.59999999999999));
#48970=VECTOR('',#48960,1.);
#48980=LINE('',#48950,#48970);
#48990=CARTESIAN_POINT('',(39.615,58.5798126169906,-2.87979999999984));
#49000=VERTEX_POINT('',#48990);
#49010=EDGE_CURVE('',#49000,#32980,#48980,.T.);
#49020=ORIENTED_EDGE('',*,*,#49010,.T.);
#49030=CARTESIAN_POINT('',(39.615,58.5798126169906,-2.3698));
#49040=DIRECTION('',(0.,0.,-1.));
#49050=VECTOR('',#49040,1.);
#49060=LINE('',#49030,#49050);
#49070=CARTESIAN_POINT('',(39.615,58.5798126169906,-2.3698));
#49080=VERTEX_POINT('',#49070);
#49090=EDGE_CURVE('',#49080,#49000,#49060,.T.);
#49100=ORIENTED_EDGE('',*,*,#49090,.T.);
#49110=CARTESIAN_POINT('',(39.615,58.5598126169906,-2.2998));
#49120=DIRECTION('',(0.,0.274721127897417,-0.961523947640812));
#49130=VECTOR('',#49120,1.);
#49140=LINE('',#49110,#49130);
#49150=CARTESIAN_POINT('',(39.615,58.5598126169906,-2.2998));
#49160=VERTEX_POINT('',#49150);
#49170=EDGE_CURVE('',#49160,#49080,#49140,.T.);
#49180=ORIENTED_EDGE('',*,*,#49170,.T.);
#49190=CARTESIAN_POINT('',(39.615,58.5598126169906,-2.1998));
#49200=DIRECTION('',(0.,0.,-1.));
#49210=VECTOR('',#49200,1.);
#49220=LINE('',#49190,#49210);
#49230=EDGE_CURVE('',#37060,#49160,#49220,.T.);
#49240=ORIENTED_EDGE('',*,*,#49230,.T.);
#49250=ORIENTED_EDGE('',*,*,#37070,.T.);
#49260=EDGE_LOOP('',(#49250,#49240,#49180,#49100,#49020,#48940));
#49270=FACE_OUTER_BOUND('',#49260,.T.);
#49280=ADVANCED_FACE('',(#49270),#48930,.T.);
#49290=CARTESIAN_POINT('',(39.615,58.4358126169906,-2.98779999999999));
#49300=DIRECTION('',(0.,-0.599999999999991,0.800000000000007));
#49310=DIRECTION('',(0.,-0.800000000000007,-0.599999999999991));
#49320=AXIS2_PLACEMENT_3D('',#49290,#49300,#49310);
#49330=PLANE('',#49320);
#49340=ORIENTED_EDGE('',*,*,#35460,.F.);
#49350=CARTESIAN_POINT('',(39.735,58.5798126169906,-2.8798));
#49360=DIRECTION('',(-1.,0.,0.));
#49370=VECTOR('',#49360,1.);
#49380=LINE('',#49350,#49370);
#49390=EDGE_CURVE('',#35390,#49000,#49380,.T.);
#49400=ORIENTED_EDGE('',*,*,#49390,.F.);
#49410=ORIENTED_EDGE('',*,*,#49010,.F.);
#49420=ORIENTED_EDGE('',*,*,#33010,.F.);
#49430=EDGE_LOOP('',(#49420,#49410,#49400,#49340));
#49440=FACE_OUTER_BOUND('',#49430,.T.);
#49450=ADVANCED_FACE('',(#49440),#49330,.F.);
#49460=CARTESIAN_POINT('',(39.615,58.5798126169906,-2.8798));
#49470=DIRECTION('',(0.,-1.,0.));
#49480=DIRECTION('',(0.,0.,-1.));
#49490=AXIS2_PLACEMENT_3D('',#49460,#49470,#49480);
#49500=PLANE('',#49490);
#49510=ORIENTED_EDGE('',*,*,#35400,.T.);
#49520=CARTESIAN_POINT('',(39.615,58.5798126169906,-2.3698));
#49530=DIRECTION('',(1.,0.,0.));
#49540=VECTOR('',#49530,1.);
#49550=LINE('',#49520,#49540);
#49560=EDGE_CURVE('',#49080,#35310,#49550,.T.);
#49570=ORIENTED_EDGE('',*,*,#49560,.T.);
#49580=ORIENTED_EDGE('',*,*,#49090,.F.);
#49590=ORIENTED_EDGE('',*,*,#49390,.T.);
#49600=EDGE_LOOP('',(#49590,#49580,#49570,#49510));
#49610=FACE_OUTER_BOUND('',#49600,.T.);
#49620=ADVANCED_FACE('',(#49610),#49500,.F.);
#49630=CARTESIAN_POINT('',(39.615,58.5798126169906,-2.3698));
#49640=DIRECTION('',(0.,-0.961523947640812,-0.274721127897417));
#49650=DIRECTION('',(0.,0.274721127897417,-0.961523947640812));
#49660=AXIS2_PLACEMENT_3D('',#49630,#49640,#49650);
#49670=PLANE('',#49660);
#49680=ORIENTED_EDGE('',*,*,#49170,.F.);
#49690=ORIENTED_EDGE('',*,*,#49560,.F.);
#49700=ORIENTED_EDGE('',*,*,#35320,.F.);
#49710=CARTESIAN_POINT('',(39.615,58.5598126169906,-2.2998));
#49720=DIRECTION('',(1.,0.,0.));
#49730=VECTOR('',#49720,1.);
#49740=LINE('',#49710,#49730);
#49750=EDGE_CURVE('',#49160,#35230,#49740,.T.);
#49760=ORIENTED_EDGE('',*,*,#49750,.T.);
#49770=EDGE_LOOP('',(#49760,#49700,#49690,#49680));
#49780=FACE_OUTER_BOUND('',#49770,.T.);
#49790=ADVANCED_FACE('',(#49780),#49670,.F.);
#49800=CARTESIAN_POINT('',(39.615,58.5598126169906,-2.2998));
#49810=DIRECTION('',(0.,-1.,0.));
#49820=DIRECTION('',(0.,0.,-1.));
#49830=AXIS2_PLACEMENT_3D('',#49800,#49810,#49820);
#49840=PLANE('',#49830);
#49850=ORIENTED_EDGE('',*,*,#49230,.F.);
#49860=ORIENTED_EDGE('',*,*,#49750,.F.);
#49870=ORIENTED_EDGE('',*,*,#35240,.T.);
#49880=ORIENTED_EDGE('',*,*,#37130,.F.);
#49890=EDGE_LOOP('',(#49880,#49870,#49860,#49850));
#49900=FACE_OUTER_BOUND('',#49890,.T.);
#49910=ADVANCED_FACE('',(#49900),#49840,.F.);
#49920=CARTESIAN_POINT('',(40.21,57.6052126169906,0.101399999999998));
#49930=DIRECTION('',(-1.,0.,0.));
#49940=DIRECTION('',(0.,0.,1.));
#49950=AXIS2_PLACEMENT_3D('',#49920,#49930,#49940);
#49960=PLANE('',#49950);
#49970=CARTESIAN_POINT('',(40.21,58.7198126169906,-3.54427368421054));
#49980=DIRECTION('',(0.,0.,1.));
#49990=VECTOR('',#49980,1.);
#50000=LINE('',#49970,#49990);
#50010=EDGE_CURVE('',#32350,#37220,#50000,.T.);
#50020=ORIENTED_EDGE('',*,*,#50010,.F.);
#50030=ORIENTED_EDGE('',*,*,#37230,.F.);
#50040=ORIENTED_EDGE('',*,*,#34920,.T.);
#50050=ORIENTED_EDGE('',*,*,#32770,.T.);
#50060=ORIENTED_EDGE('',*,*,#32440,.T.);
#50070=EDGE_LOOP('',(#50060,#50050,#50040,#50030,#50020));
#50080=FACE_OUTER_BOUND('',#50070,.T.);
#50090=ADVANCED_FACE('',(#50080),#49960,.T.);
#50100=CARTESIAN_POINT('',(41.4125,58.7198126169906,-5.3198));
#50110=DIRECTION('',(0.,1.,-2.1350442781253E-16));
#50120=DIRECTION('',(0.,2.1350442781253E-16,1.));
#50130=AXIS2_PLACEMENT_3D('',#50100,#50110,#50120);
#50140=PLANE('',#50130);
#50150=ORIENTED_EDGE('',*,*,#18070,.T.);
#50160=CARTESIAN_POINT('',(41.57,58.7198126169906,-2.0598));
#50170=DIRECTION('',(0.,0.,-1.));
#50180=VECTOR('',#50170,1.);
#50190=LINE('',#50160,#50180);
#50200=CARTESIAN_POINT('',(41.57,58.7198126169906,-2.0598));
#50210=VERTEX_POINT('',#50200);
#50220=EDGE_CURVE('',#50210,#17980,#50190,.T.);
#50230=ORIENTED_EDGE('',*,*,#50220,.T.);
#50240=CARTESIAN_POINT('',(40.78,58.7198126169906,-2.0598));
#50250=DIRECTION('',(1.,0.,0.));
#50260=VECTOR('',#50250,1.);
#50270=LINE('',#50240,#50260);
#50280=CARTESIAN_POINT('',(40.78,58.7198126169906,-2.0598));
#50290=VERTEX_POINT('',#50280);
#50300=EDGE_CURVE('',#50290,#50210,#50270,.T.);
#50310=ORIENTED_EDGE('',*,*,#50300,.T.);
#50320=CARTESIAN_POINT('',(40.78,58.7198126169906,-2.1998));
#50330=DIRECTION('',(0.,0.,1.));
#50340=VECTOR('',#50330,1.);
#50350=LINE('',#50320,#50340);
#50360=EDGE_CURVE('',#37300,#50290,#50350,.T.);
#50370=ORIENTED_EDGE('',*,*,#50360,.T.);
#50380=ORIENTED_EDGE('',*,*,#37310,.T.);
#50390=ORIENTED_EDGE('',*,*,#50010,.T.);
#50400=ORIENTED_EDGE('',*,*,#32360,.T.);
#50410=ORIENTED_EDGE('',*,*,#31150,.T.);
#50420=EDGE_LOOP('',(#50410,#50400,#50390,#50380,#50370,#50310,#50230,
#50150));
#50430=FACE_OUTER_BOUND('',#50420,.T.);
#50440=ADVANCED_FACE('',(#50430),#50140,.T.);
#50450=CARTESIAN_POINT('',(41.645,58.7948126169906,-3.68980000000001));
#50460=DIRECTION('',(0.707106781186547,-0.707106781186548,
1.50970428719594E-16));
#50470=DIRECTION('',(0.707106781186548,0.707106781186547,0.));
#50480=AXIS2_PLACEMENT_3D('',#50450,#50460,#50470);
#50490=PLANE('',#50480);
#50500=ORIENTED_EDGE('',*,*,#17990,.F.);
#50510=ORIENTED_EDGE('',*,*,#24160,.F.);
#50520=CARTESIAN_POINT('',(41.7200000000001,58.8698126169906,-2.0598));
#50530=DIRECTION('',(-0.707106781186581,-0.707106781186514,0.));
#50540=VECTOR('',#50530,1.);
#50550=LINE('',#50520,#50540);
#50560=EDGE_CURVE('',#24090,#50210,#50550,.T.);
#50570=ORIENTED_EDGE('',*,*,#50560,.F.);
#50580=ORIENTED_EDGE('',*,*,#50220,.F.);
#50590=EDGE_LOOP('',(#50580,#50570,#50510,#50500));
#50600=FACE_OUTER_BOUND('',#50590,.T.);
#50610=ADVANCED_FACE('',(#50600),#50490,.F.);
#50620=CARTESIAN_POINT('',(41.3625,58.8698126169906,-2.0598));
#50630=DIRECTION('',(0.,-2.1350442781253E-16,-1.));
#50640=DIRECTION('',(0.,1.,-2.1350442781253E-16));
#50650=AXIS2_PLACEMENT_3D('',#50620,#50630,#50640);
#50660=PLANE('',#50650);
#50670=CARTESIAN_POINT('',(40.78,58.8698126169906,-2.0598));
#50680=DIRECTION('',(0.,-1.,0.));
#50690=VECTOR('',#50680,1.);
#50700=LINE('',#50670,#50690);
#50710=EDGE_CURVE('',#24010,#50290,#50700,.T.);
#50720=ORIENTED_EDGE('',*,*,#50710,.F.);
#50730=ORIENTED_EDGE('',*,*,#50300,.F.);
#50740=ORIENTED_EDGE('',*,*,#50560,.T.);
#50750=ORIENTED_EDGE('',*,*,#24100,.F.);
#50760=EDGE_LOOP('',(#50750,#50740,#50730,#50720));
#50770=FACE_OUTER_BOUND('',#50760,.T.);
#50780=ADVANCED_FACE('',(#50770),#50660,.T.);
#50790=CARTESIAN_POINT('',(40.78,58.1898126169906,-2.7698));
#50800=DIRECTION('',(-1.,0.,0.));
#50810=DIRECTION('',(0.,0.,-1.));
#50820=AXIS2_PLACEMENT_3D('',#50790,#50800,#50810);
#50830=PLANE('',#50820);
#50840=ORIENTED_EDGE('',*,*,#50710,.T.);
#50850=ORIENTED_EDGE('',*,*,#24020,.F.);
#50860=ORIENTED_EDGE('',*,*,#37370,.T.);
#50870=ORIENTED_EDGE('',*,*,#50360,.F.);
#50880=EDGE_LOOP('',(#50870,#50860,#50850,#50840));
#50890=FACE_OUTER_BOUND('',#50880,.T.);
#50900=ADVANCED_FACE('',(#50890),#50830,.F.);
#50910=CARTESIAN_POINT('',(34.775,57.6052126169906,0.101399999999998));
#50920=DIRECTION('',(-1.,0.,0.));
#50930=DIRECTION('',(0.,0.,1.));
#50940=AXIS2_PLACEMENT_3D('',#50910,#50920,#50930);
#50950=PLANE('',#50940);
#50960=CARTESIAN_POINT('',(34.775,57.5698126169906,-3.2998));
#50970=DIRECTION('',(0.,-1.,0.));
#50980=VECTOR('',#50970,1.);
#50990=LINE('',#50960,#50980);
#51000=CARTESIAN_POINT('',(34.775,57.5698126169906,-3.2998));
#51010=VERTEX_POINT('',#51000);
#51020=CARTESIAN_POINT('',(34.775,57.4398126169906,-3.2998));
#51030=VERTEX_POINT('',#51020);
#51040=EDGE_CURVE('',#51010,#51030,#50990,.T.);
#51050=ORIENTED_EDGE('',*,*,#51040,.T.);
#51060=CARTESIAN_POINT('',(34.775,57.5698126169906,-5.3198));
#51070=DIRECTION('',(0.,0.,1.));
#51080=VECTOR('',#51070,1.);
#51090=LINE('',#51060,#51080);
#51100=EDGE_CURVE('',#26890,#51010,#51090,.T.);
#51110=ORIENTED_EDGE('',*,*,#51100,.T.);
#51120=ORIENTED_EDGE('',*,*,#26900,.F.);
#51130=ORIENTED_EDGE('',*,*,#23540,.T.);
#51140=CARTESIAN_POINT('',(34.775,58.8698126169906,-1.1698));
#51150=DIRECTION('',(0.,-1.,0.));
#51160=VECTOR('',#51150,1.);
#51170=LINE('',#51140,#51160);
#51180=CARTESIAN_POINT('',(34.775,58.5698126169906,-1.1698));
#51190=VERTEX_POINT('',#51180);
#51200=EDGE_CURVE('',#23450,#51190,#51170,.T.);
#51210=ORIENTED_EDGE('',*,*,#51200,.F.);
#51220=CARTESIAN_POINT('',(34.775,58.5698126169906,-1.1698));
#51230=DIRECTION('',(0.,0.,-1.));
#51240=VECTOR('',#51230,1.);
#51250=LINE('',#51220,#51240);
#51260=CARTESIAN_POINT('',(34.775,58.5698126169906,-2.6698));
#51270=VERTEX_POINT('',#51260);
#51280=EDGE_CURVE('',#51190,#51270,#51250,.T.);
#51290=ORIENTED_EDGE('',*,*,#51280,.F.);
#51300=CARTESIAN_POINT('',(34.775,58.5698126169906,-2.6698));
#51310=DIRECTION('',(0.,-1.,0.));
#51320=VECTOR('',#51310,1.);
#51330=LINE('',#51300,#51320);
#51340=CARTESIAN_POINT('',(34.775,57.9698126169906,-2.6698));
#51350=VERTEX_POINT('',#51340);
#51360=EDGE_CURVE('',#51270,#51350,#51330,.T.);
#51370=ORIENTED_EDGE('',*,*,#51360,.F.);
#51380=CARTESIAN_POINT('',(34.775,57.9698126169906,-2.6698));
#51390=DIRECTION('',(0.,0.,1.));
#51400=VECTOR('',#51390,1.);
#51410=LINE('',#51380,#51400);
#51420=CARTESIAN_POINT('',(34.775,57.9698126169906,-1.1698));
#51430=VERTEX_POINT('',#51420);
#51440=EDGE_CURVE('',#51350,#51430,#51410,.T.);
#51450=ORIENTED_EDGE('',*,*,#51440,.F.);
#51460=CARTESIAN_POINT('',(34.775,57.9698126169906,-1.1698));
#51470=DIRECTION('',(0.,-1.,0.));
#51480=VECTOR('',#51470,1.);
#51490=LINE('',#51460,#51480);
#51500=CARTESIAN_POINT('',(34.775,57.2698126169906,-1.1698));
#51510=VERTEX_POINT('',#51500);
#51520=EDGE_CURVE('',#51430,#51510,#51490,.T.);
#51530=ORIENTED_EDGE('',*,*,#51520,.F.);
#51540=CARTESIAN_POINT('',(34.775,57.2698126169906,-2.4198));
#51550=DIRECTION('',(0.,0.,1.));
#51560=VECTOR('',#51550,1.);
#51570=LINE('',#51540,#51560);
#51580=CARTESIAN_POINT('',(34.775,57.2698126169906,-2.4198));
#51590=VERTEX_POINT('',#51580);
#51600=EDGE_CURVE('',#51590,#51510,#51570,.T.);
#51610=ORIENTED_EDGE('',*,*,#51600,.T.);
#51620=CARTESIAN_POINT('',(34.775,57.3698126169906,-2.4198));
#51630=DIRECTION('',(0.,-1.,0.));
#51640=VECTOR('',#51630,1.);
#51650=LINE('',#51620,#51640);
#51660=EDGE_CURVE('',#24760,#51590,#51650,.T.);
#51670=ORIENTED_EDGE('',*,*,#51660,.T.);
#51680=ORIENTED_EDGE('',*,*,#24770,.F.);
#51690=CARTESIAN_POINT('',(34.775,57.4398126169906,-3.2998));
#51700=DIRECTION('',(0.,-0.422885465331103,0.906183139995275));
#51710=VECTOR('',#51700,1.);
#51720=LINE('',#51690,#51710);
#51730=EDGE_CURVE('',#51030,#24680,#51720,.T.);
#51740=ORIENTED_EDGE('',*,*,#51730,.T.);
#51750=EDGE_LOOP('',(#51740,#51680,#51670,#51610,#51530,#51450,#51370,
#51290,#51210,#51130,#51120,#51110,#51050));
#51760=FACE_OUTER_BOUND('',#51750,.T.);
#51770=ADVANCED_FACE('',(#51760),#50950,.T.);
#51780=CARTESIAN_POINT('',(35.21875,57.4048126169906,-3.2248));
#51790=DIRECTION('',(0.,0.906183139995265,0.422885465331124));
#51800=DIRECTION('',(0.,-0.422885465331124,0.906183139995265));
#51810=AXIS2_PLACEMENT_3D('',#51780,#51790,#51800);
#51820=PLANE('',#51810);
#51830=CARTESIAN_POINT('',(34.775,57.4398126169906,-3.2998));
#51840=DIRECTION('',(1.,0.,0.));
#51850=VECTOR('',#51840,1.);
#51860=LINE('',#51830,#51850);
#51870=EDGE_CURVE('',#51030,#26040,#51860,.T.);
#51880=ORIENTED_EDGE('',*,*,#51870,.T.);
#51890=ORIENTED_EDGE('',*,*,#51730,.F.);
#51900=ORIENTED_EDGE('',*,*,#24690,.F.);
#51910=ORIENTED_EDGE('',*,*,#26110,.F.);
#51920=EDGE_LOOP('',(#51910,#51900,#51890,#51880));
#51930=FACE_OUTER_BOUND('',#51920,.T.);
#51940=ADVANCED_FACE('',(#51930),#51820,.F.);
#51950=CARTESIAN_POINT('',(35.575,57.5698126169906,-3.2998));
#51960=DIRECTION('',(0.,0.,-1.));
#51970=DIRECTION('',(0.,-1.,0.));
#51980=AXIS2_PLACEMENT_3D('',#51950,#51960,#51970);
#51990=PLANE('',#51980);
#52000=ORIENTED_EDGE('',*,*,#51870,.F.);
#52010=ORIENTED_EDGE('',*,*,#26050,.T.);
#52020=CARTESIAN_POINT('',(35.6625,57.5698126169906,-3.2998));
#52030=DIRECTION('',(-1.,0.,0.));
#52040=VECTOR('',#52030,1.);
#52050=LINE('',#52020,#52040);
#52060=EDGE_CURVE('',#25960,#51010,#52050,.T.);
#52070=ORIENTED_EDGE('',*,*,#52060,.F.);
#52080=ORIENTED_EDGE('',*,*,#51040,.F.);
#52090=EDGE_LOOP('',(#52080,#52070,#52010,#52000));
#52100=FACE_OUTER_BOUND('',#52090,.T.);
#52110=ADVANCED_FACE('',(#52100),#51990,.T.);
#52120=CARTESIAN_POINT('',(35.4849976,57.5698126169906,-3.06480000000003
));
#52130=DIRECTION('',(0.,1.,2.9738116731031E-16));
#52140=DIRECTION('',(0.,2.9738116731031E-16,-1.));
#52150=AXIS2_PLACEMENT_3D('',#52120,#52130,#52140);
#52160=PLANE('',#52150);
#52170=CARTESIAN_POINT('',(35.5,57.5698126169906,-5.3198));
#52180=DIRECTION('',(0.,0.,1.));
#52190=VECTOR('',#52180,1.);
#52200=LINE('',#52170,#52190);
#52210=CARTESIAN_POINT('',(35.5,57.5698126169906,-3.34480000000001));
#52220=VERTEX_POINT('',#52210);
#52230=EDGE_CURVE('',#26970,#52220,#52200,.T.);
#52240=ORIENTED_EDGE('',*,*,#52230,.T.);
#52250=ORIENTED_EDGE('',*,*,#26980,.F.);
#52260=ORIENTED_EDGE('',*,*,#51100,.F.);
#52270=ORIENTED_EDGE('',*,*,#52060,.T.);
#52280=ORIENTED_EDGE('',*,*,#25970,.T.);
#52290=ORIENTED_EDGE('',*,*,#27280,.F.);
#52300=CARTESIAN_POINT('',(35.65,57.5698126169906,-5.3198));
#52310=DIRECTION('',(0.,0.,1.));
#52320=VECTOR('',#52310,1.);
#52330=LINE('',#52300,#52320);
#52340=CARTESIAN_POINT('',(35.65,57.5698126169906,-3.34480000000001));
#52350=VERTEX_POINT('',#52340);
#52360=EDGE_CURVE('',#27210,#52350,#52330,.T.);
#52370=ORIENTED_EDGE('',*,*,#52360,.F.);
#52380=CARTESIAN_POINT('',(35.65,57.5698126169906,-3.34480000000003));
#52390=DIRECTION('',(-1.,0.,0.));
#52400=VECTOR('',#52390,1.);
#52410=LINE('',#52380,#52400);
#52420=EDGE_CURVE('',#52350,#52220,#52410,.T.);
#52430=ORIENTED_EDGE('',*,*,#52420,.F.);
#52440=EDGE_LOOP('',(#52430,#52370,#52290,#52280,#52270,#52260,#52250,
#52240));
#52450=FACE_OUTER_BOUND('',#52440,.T.);
#52460=ADVANCED_FACE('',(#52450),#52160,.F.);
#52470=CARTESIAN_POINT('',(35.4849976,57.4648126169906,-3.34480000000003
));
#52480=DIRECTION('',(-1.,0.,0.));
#52490=DIRECTION('',(0.,0.,1.));
#52500=AXIS2_PLACEMENT_3D('',#52470,#52480,#52490);
#52510=CYLINDRICAL_SURFACE('',#52500,0.105);
#52520=ORIENTED_EDGE('',*,*,#52420,.T.);
#52530=CARTESIAN_POINT('',(35.65,57.4648126169906,-3.34480000000003));
#52540=DIRECTION('',(-1.,0.,0.));
#52550=DIRECTION('',(0.,1.,4.2294210461912E-13));
#52560=AXIS2_PLACEMENT_3D('',#52530,#52540,#52550);
#52570=CIRCLE('',#52560,0.105);
#52580=CARTESIAN_POINT('',(35.65,57.3598126169906,-3.34480000000003));
#52590=VERTEX_POINT('',#52580);
#52600=EDGE_CURVE('',#52350,#52590,#52570,.T.);
#52610=ORIENTED_EDGE('',*,*,#52600,.F.);
#52620=CARTESIAN_POINT('',(35.5,57.3598126169906,-3.34480000000003));
#52630=DIRECTION('',(1.,0.,0.));
#52640=VECTOR('',#52630,1.);
#52650=LINE('',#52620,#52640);
#52660=CARTESIAN_POINT('',(35.5,57.3598126169906,-3.34480000000003));
#52670=VERTEX_POINT('',#52660);
#52680=EDGE_CURVE('',#52670,#52590,#52650,.T.);
#52690=ORIENTED_EDGE('',*,*,#52680,.T.);
#52700=CARTESIAN_POINT('',(35.5,57.4648126169906,-3.34480000000003));
#52710=DIRECTION('',(1.,0.,0.));
#52720=DIRECTION('',(0.,-1.,0.));
#52730=AXIS2_PLACEMENT_3D('',#52700,#52710,#52720);
#52740=CIRCLE('',#52730,0.105);
#52750=EDGE_CURVE('',#52670,#52220,#52740,.T.);
#52760=ORIENTED_EDGE('',*,*,#52750,.F.);
#52770=EDGE_LOOP('',(#52760,#52690,#52610,#52520));
#52780=FACE_OUTER_BOUND('',#52770,.T.);
#52790=ADVANCED_FACE('',(#52780),#52510,.F.);
#52800=CARTESIAN_POINT('',(35.5,57.7605209503239,-2.24230000000004));
#52810=DIRECTION('',(1.,0.,0.));
#52820=DIRECTION('',(0.,0.,-1.));
#52830=AXIS2_PLACEMENT_3D('',#52800,#52810,#52820);
#52840=PLANE('',#52830);
#52850=CARTESIAN_POINT('',(35.5,57.3998126169906,-4.0998));
#52860=DIRECTION('',(0.,0.,-1.));
#52870=VECTOR('',#52860,1.);
#52880=LINE('',#52850,#52870);
#52890=CARTESIAN_POINT('',(35.5,57.3998126169906,-4.0998));
#52900=VERTEX_POINT('',#52890);
#52910=CARTESIAN_POINT('',(35.5,57.3998126169906,-4.20980000000004));
#52920=VERTEX_POINT('',#52910);
#52930=EDGE_CURVE('',#52900,#52920,#52880,.T.);
#52940=ORIENTED_EDGE('',*,*,#52930,.F.);
#52950=CARTESIAN_POINT('',(35.5,57.2398126169906,-4.96980000000003));
#52960=DIRECTION('',(0.,0.206010481049849,0.978549784986748));
#52970=VECTOR('',#52960,1.);
#52980=LINE('',#52950,#52970);
#52990=CARTESIAN_POINT('',(35.5,57.2398126169906,-4.96980000000003));
#53000=VERTEX_POINT('',#52990);
#53010=EDGE_CURVE('',#53000,#52920,#52980,.T.);
#53020=ORIENTED_EDGE('',*,*,#53010,.T.);
#53030=CARTESIAN_POINT('',(35.5,57.2398126169906,-5.46980000000053));
#53040=DIRECTION('',(0.,0.,1.));
#53050=VECTOR('',#53040,1.);
#53060=LINE('',#53030,#53050);
#53070=CARTESIAN_POINT('',(35.5,57.2398126169906,-5.46980000000028));
#53080=VERTEX_POINT('',#53070);
#53090=EDGE_CURVE('',#53080,#53000,#53060,.T.);
#53100=ORIENTED_EDGE('',*,*,#53090,.T.);
#53110=CARTESIAN_POINT('',(35.5,57.2898126169906,-5.46980000000003));
#53120=DIRECTION('',(-1.,0.,0.));
#53130=DIRECTION('',(0.,1.16529008664657E-11,-1.));
#53140=AXIS2_PLACEMENT_3D('',#53110,#53120,#53130);
#53150=CIRCLE('',#53140,0.05);
#53160=CARTESIAN_POINT('',(35.5,57.2898126169909,-5.51980000000004));
#53170=VERTEX_POINT('',#53160);
#53180=EDGE_CURVE('',#53170,#53080,#53150,.T.);
#53190=ORIENTED_EDGE('',*,*,#53180,.T.);
#53200=CARTESIAN_POINT('',(35.5,57.5698126169906,-5.51980000000004));
#53210=DIRECTION('',(0.,-1.,0.));
#53220=VECTOR('',#53210,1.);
#53230=LINE('',#53200,#53220);
#53240=CARTESIAN_POINT('',(35.5,57.5698126169906,-5.51980000000004));
#53250=VERTEX_POINT('',#53240);
#53260=EDGE_CURVE('',#53250,#53170,#53230,.T.);
#53270=ORIENTED_EDGE('',*,*,#53260,.T.);
#53280=CARTESIAN_POINT('',(35.5,57.5698126169906,-5.56980000000004));
#53290=DIRECTION('',(1.,0.,0.));
#53300=DIRECTION('',(0.,1.,0.));
#53310=AXIS2_PLACEMENT_3D('',#53280,#53290,#53300);
#53320=CIRCLE('',#53310,0.05);
#53330=CARTESIAN_POINT('',(35.5,57.6198126169906,-5.56980000000004));
#53340=VERTEX_POINT('',#53330);
#53350=EDGE_CURVE('',#53340,#53250,#53320,.T.);
#53360=ORIENTED_EDGE('',*,*,#53350,.T.);
#53370=CARTESIAN_POINT('',(35.5,57.6198126169906,-5.56980000000004));
#53380=DIRECTION('',(0.,1.,0.));
#53390=VECTOR('',#53380,1.);
#53400=LINE('',#53370,#53390);
#53410=CARTESIAN_POINT('',(35.5,57.8198126169906,-5.56980000000004));
#53420=VERTEX_POINT('',#53410);
#53430=EDGE_CURVE('',#53340,#53420,#53400,.T.);
#53440=ORIENTED_EDGE('',*,*,#53430,.F.);
#53450=CARTESIAN_POINT('',(35.5,57.8698126169906,-5.56980000000004));
#53460=DIRECTION('',(1.,0.,-0.));
#53470=DIRECTION('',(0.,0.,1.));
#53480=AXIS2_PLACEMENT_3D('',#53450,#53460,#53470);
#53490=CIRCLE('',#53480,0.05);
#53500=CARTESIAN_POINT('',(35.5,57.8698126169906,-5.51980000000004));
#53510=VERTEX_POINT('',#53500);
#53520=EDGE_CURVE('',#53510,#53420,#53490,.T.);
#53530=ORIENTED_EDGE('',*,*,#53520,.T.);
#53540=CARTESIAN_POINT('',(35.5,58.1998126169909,-5.51980000000004));
#53550=DIRECTION('',(0.,-1.,0.));
#53560=VECTOR('',#53550,1.);
#53570=LINE('',#53540,#53560);
#53580=CARTESIAN_POINT('',(35.5,58.1998126169908,-5.51980000000003));
#53590=VERTEX_POINT('',#53580);
#53600=EDGE_CURVE('',#53590,#53510,#53570,.T.);
#53610=ORIENTED_EDGE('',*,*,#53600,.T.);
#53620=CARTESIAN_POINT('',(35.5,58.1998126169906,-5.46980000000003));
#53630=DIRECTION('',(-1.,0.,0.));
#53640=DIRECTION('',(0.,1.,8.33111357678765E-12));
#53650=AXIS2_PLACEMENT_3D('',#53620,#53630,#53640);
#53660=CIRCLE('',#53650,0.05);
#53670=CARTESIAN_POINT('',(35.5,58.2498126169906,-5.46979999999982));
#53680=VERTEX_POINT('',#53670);
#53690=EDGE_CURVE('',#53680,#53590,#53660,.T.);
#53700=ORIENTED_EDGE('',*,*,#53690,.T.);
#53710=CARTESIAN_POINT('',(35.5,58.2498126169906,-5.46980000000003));
#53720=DIRECTION('',(0.,0.,1.));
#53730=VECTOR('',#53720,1.);
#53740=LINE('',#53710,#53730);
#53750=EDGE_CURVE('',#53680,#27050,#53740,.T.);
#53760=ORIENTED_EDGE('',*,*,#53750,.F.);
#53770=ORIENTED_EDGE('',*,*,#27060,.T.);
#53780=ORIENTED_EDGE('',*,*,#52230,.F.);
#53790=ORIENTED_EDGE('',*,*,#52750,.T.);
#53800=CARTESIAN_POINT('',(35.5,57.3598126169906,-3.34480000000003));
#53810=DIRECTION('',(0.,0.,1.));
#53820=VECTOR('',#53810,1.);
#53830=LINE('',#53800,#53820);
#53840=CARTESIAN_POINT('',(35.5,57.3598126169906,-2.94980000000009));
#53850=VERTEX_POINT('',#53840);
#53860=EDGE_CURVE('',#52670,#53850,#53830,.T.);
#53870=ORIENTED_EDGE('',*,*,#53860,.F.);
#53880=CARTESIAN_POINT('',(35.5,57.2898126169905,-2.7998));
#53890=DIRECTION('',(0.,0.422885465331103,-0.906183139995275));
#53900=VECTOR('',#53890,1.);
#53910=LINE('',#53880,#53900);
#53920=CARTESIAN_POINT('',(35.5,57.2898126169906,-2.7998));
#53930=VERTEX_POINT('',#53920);
#53940=EDGE_CURVE('',#53930,#53850,#53910,.T.);
#53950=ORIENTED_EDGE('',*,*,#53940,.T.);
#53960=CARTESIAN_POINT('',(35.5,57.2898126169906,-2.7998));
#53970=DIRECTION('',(0.,-1.,0.));
#53980=VECTOR('',#53970,1.);
#53990=LINE('',#53960,#53980);
#54000=CARTESIAN_POINT('',(35.5,57.1698126169906,-2.7998));
#54010=VERTEX_POINT('',#54000);
#54020=EDGE_CURVE('',#53930,#54010,#53990,.T.);
#54030=ORIENTED_EDGE('',*,*,#54020,.F.);
#54040=CARTESIAN_POINT('',(35.5,57.1698126169906,-2.8498));
#54050=DIRECTION('',(-1.,0.,0.));
#54060=DIRECTION('',(0.,-1.,0.));
#54070=AXIS2_PLACEMENT_3D('',#54040,#54050,#54060);
#54080=CIRCLE('',#54070,0.05);
#54090=CARTESIAN_POINT('',(35.5,57.1198126169906,-2.8498));
#54100=VERTEX_POINT('',#54090);
#54110=EDGE_CURVE('',#54100,#54010,#54080,.T.);
#54120=ORIENTED_EDGE('',*,*,#54110,.T.);
#54130=CARTESIAN_POINT('',(35.5,57.1198126169906,-3.9498));
#54140=DIRECTION('',(0.,0.,1.));
#54150=VECTOR('',#54140,1.);
#54160=LINE('',#54130,#54150);
#54170=CARTESIAN_POINT('',(35.5,57.1198126169906,-3.9498));
#54180=VERTEX_POINT('',#54170);
#54190=EDGE_CURVE('',#54180,#54100,#54160,.T.);
#54200=ORIENTED_EDGE('',*,*,#54190,.T.);
#54210=CARTESIAN_POINT('',(35.5,57.1698126169906,-3.9498));
#54220=DIRECTION('',(-1.,0.,0.));
#54230=DIRECTION('',(0.,0.,-1.));
#54240=AXIS2_PLACEMENT_3D('',#54210,#54220,#54230);
#54250=CIRCLE('',#54240,0.05);
#54260=CARTESIAN_POINT('',(35.5,57.1698126169906,-3.9998));
#54270=VERTEX_POINT('',#54260);
#54280=EDGE_CURVE('',#54270,#54180,#54250,.T.);
#54290=ORIENTED_EDGE('',*,*,#54280,.T.);
#54300=CARTESIAN_POINT('',(35.5,57.2998126169906,-3.9998));
#54310=DIRECTION('',(0.,-1.,0.));
#54320=VECTOR('',#54310,1.);
#54330=LINE('',#54300,#54320);
#54340=CARTESIAN_POINT('',(35.5,57.2998126169906,-3.9998));
#54350=VERTEX_POINT('',#54340);
#54360=EDGE_CURVE('',#54350,#54270,#54330,.T.);
#54370=ORIENTED_EDGE('',*,*,#54360,.T.);
#54380=CARTESIAN_POINT('',(35.5,57.2998126169906,-4.0998));
#54390=DIRECTION('',(1.,0.,0.));
#54400=DIRECTION('',(0.,1.,0.));
#54410=AXIS2_PLACEMENT_3D('',#54380,#54390,#54400);
#54420=CIRCLE('',#54410,0.1);
#54430=EDGE_CURVE('',#52900,#54350,#54420,.T.);
#54440=ORIENTED_EDGE('',*,*,#54430,.T.);
#54450=EDGE_LOOP('',(#54440,#54370,#54290,#54200,#54120,#54030,#53950,
#53870,#53790,#53780,#53770,#53760,#53700,#53610,#53530,#53440,#53360,
#53270,#53190,#53100,#53020,#52940));
#54460=FACE_OUTER_BOUND('',#54450,.T.);
#54470=ADVANCED_FACE('',(#54460),#52840,.F.);
#54480=CARTESIAN_POINT('',(35.65,57.2998126169906,-4.0998));
#54490=DIRECTION('',(-1.,0.,0.));
#54500=DIRECTION('',(0.,0.,1.));
#54510=AXIS2_PLACEMENT_3D('',#54480,#54490,#54500);
#54520=CYLINDRICAL_SURFACE('',#54510,0.1);
#54530=CARTESIAN_POINT('',(35.65,57.2998126169906,-4.0998));
#54540=DIRECTION('',(-1.,0.,0.));
#54550=DIRECTION('',(0.,0.,1.));
#54560=AXIS2_PLACEMENT_3D('',#54530,#54540,#54550);
#54570=CIRCLE('',#54560,0.1);
#54580=CARTESIAN_POINT('',(35.65,57.2998126169906,-3.9998));
#54590=VERTEX_POINT('',#54580);
#54600=CARTESIAN_POINT('',(35.65,57.3998126169906,-4.0998));
#54610=VERTEX_POINT('',#54600);
#54620=EDGE_CURVE('',#54590,#54610,#54570,.T.);
#54630=ORIENTED_EDGE('',*,*,#54620,.F.);
#54640=CARTESIAN_POINT('',(35.5,57.3998126169906,-4.0998));
#54650=DIRECTION('',(1.,0.,0.));
#54660=VECTOR('',#54650,1.);
#54670=LINE('',#54640,#54660);
#54680=EDGE_CURVE('',#52900,#54610,#54670,.T.);
#54690=ORIENTED_EDGE('',*,*,#54680,.T.);
#54700=ORIENTED_EDGE('',*,*,#54430,.F.);
#54710=CARTESIAN_POINT('',(35.65,57.2998126169906,-3.9998));
#54720=DIRECTION('',(-1.,0.,0.));
#54730=VECTOR('',#54720,1.);
#54740=LINE('',#54710,#54730);
#54750=EDGE_CURVE('',#54590,#54350,#54740,.T.);
#54760=ORIENTED_EDGE('',*,*,#54750,.T.);
#54770=EDGE_LOOP('',(#54760,#54700,#54690,#54630));
#54780=FACE_OUTER_BOUND('',#54770,.T.);
#54790=ADVANCED_FACE('',(#54780),#54520,.F.);
#54800=CARTESIAN_POINT('',(35.65,57.2998126169906,-3.9998));
#54810=DIRECTION('',(0.,-8.88178419700125E-16,1.));
#54820=DIRECTION('',(0.,1.,8.88178419700125E-16));
#54830=AXIS2_PLACEMENT_3D('',#54800,#54810,#54820);
#54840=PLANE('',#54830);
#54850=CARTESIAN_POINT('',(35.65,57.2998126169906,-3.9998));
#54860=DIRECTION('',(0.,-1.,0.));
#54870=VECTOR('',#54860,1.);
#54880=LINE('',#54850,#54870);
#54890=CARTESIAN_POINT('',(35.65,57.1698126169906,-3.9998));
#54900=VERTEX_POINT('',#54890);
#54910=EDGE_CURVE('',#54590,#54900,#54880,.T.);
#54920=ORIENTED_EDGE('',*,*,#54910,.T.);
#54930=ORIENTED_EDGE('',*,*,#54750,.F.);
#54940=ORIENTED_EDGE('',*,*,#54360,.F.);
#54950=CARTESIAN_POINT('',(35.5,57.1698126169906,-3.9998));
#54960=DIRECTION('',(1.,0.,0.));
#54970=VECTOR('',#54960,1.);
#54980=LINE('',#54950,#54970);
#54990=EDGE_CURVE('',#54270,#54900,#54980,.T.);
#55000=ORIENTED_EDGE('',*,*,#54990,.F.);
#55010=EDGE_LOOP('',(#55000,#54940,#54930,#54920));
#55020=FACE_OUTER_BOUND('',#55010,.T.);
#55030=ADVANCED_FACE('',(#55020),#54840,.F.);
#55040=CARTESIAN_POINT('',(35.65,57.1698126169906,-3.9498));
#55050=DIRECTION('',(-1.,0.,0.));
#55060=DIRECTION('',(0.,0.,1.));
#55070=AXIS2_PLACEMENT_3D('',#55040,#55050,#55060);
#55080=CYLINDRICAL_SURFACE('',#55070,0.05);
#55090=CARTESIAN_POINT('',(35.65,57.1698126169906,-3.9498));
#55100=DIRECTION('',(1.,0.,0.));
#55110=DIRECTION('',(0.,-1.,0.));
#55120=AXIS2_PLACEMENT_3D('',#55090,#55100,#55110);
#55130=CIRCLE('',#55120,0.05);
#55140=CARTESIAN_POINT('',(35.65,57.1198126169906,-3.9498));
#55150=VERTEX_POINT('',#55140);
#55160=EDGE_CURVE('',#55150,#54900,#55130,.T.);
#55170=ORIENTED_EDGE('',*,*,#55160,.F.);
#55180=ORIENTED_EDGE('',*,*,#54990,.T.);
#55190=ORIENTED_EDGE('',*,*,#54280,.F.);
#55200=CARTESIAN_POINT('',(35.65,57.1198126169906,-3.9498));
#55210=DIRECTION('',(-1.,0.,0.));
#55220=VECTOR('',#55210,1.);
#55230=LINE('',#55200,#55220);
#55240=EDGE_CURVE('',#55150,#54180,#55230,.T.);
#55250=ORIENTED_EDGE('',*,*,#55240,.T.);
#55260=EDGE_LOOP('',(#55250,#55190,#55180,#55170));
#55270=FACE_OUTER_BOUND('',#55260,.T.);
#55280=ADVANCED_FACE('',(#55270),#55080,.T.);
#55290=CARTESIAN_POINT('',(35.65,57.1198126169906,-2.56980000000004));
#55300=DIRECTION('',(0.,-1.,0.));
#55310=DIRECTION('',(0.,0.,-1.));
#55320=AXIS2_PLACEMENT_3D('',#55290,#55300,#55310);
#55330=PLANE('',#55320);
#55340=CARTESIAN_POINT('',(35.65,57.1198126169906,-3.9498));
#55350=DIRECTION('',(0.,0.,1.));
#55360=VECTOR('',#55350,1.);
#55370=LINE('',#55340,#55360);
#55380=CARTESIAN_POINT('',(35.65,57.1198126169906,-2.8498));
#55390=VERTEX_POINT('',#55380);
#55400=EDGE_CURVE('',#55150,#55390,#55370,.T.);
#55410=ORIENTED_EDGE('',*,*,#55400,.T.);
#55420=ORIENTED_EDGE('',*,*,#55240,.F.);
#55430=ORIENTED_EDGE('',*,*,#54190,.F.);
#55440=CARTESIAN_POINT('',(35.5,57.1198126169906,-2.8498));
#55450=DIRECTION('',(1.,0.,0.));
#55460=VECTOR('',#55450,1.);
#55470=LINE('',#55440,#55460);
#55480=EDGE_CURVE('',#54100,#55390,#55470,.T.);
#55490=ORIENTED_EDGE('',*,*,#55480,.F.);
#55500=EDGE_LOOP('',(#55490,#55430,#55420,#55410));
#55510=FACE_OUTER_BOUND('',#55500,.T.);
#55520=ADVANCED_FACE('',(#55510),#55330,.T.);
#55530=CARTESIAN_POINT('',(35.4849976,57.1698126169906,-2.8498));
#55540=DIRECTION('',(-1.,0.,0.));
#55550=DIRECTION('',(0.,0.,1.));
#55560=AXIS2_PLACEMENT_3D('',#55530,#55540,#55550);
#55570=CYLINDRICAL_SURFACE('',#55560,0.05);
#55580=ORIENTED_EDGE('',*,*,#55480,.T.);
#55590=ORIENTED_EDGE('',*,*,#54110,.F.);
#55600=CARTESIAN_POINT('',(35.65,57.1698126169906,-2.7998));
#55610=DIRECTION('',(-1.,0.,0.));
#55620=VECTOR('',#55610,1.);
#55630=LINE('',#55600,#55620);
#55640=CARTESIAN_POINT('',(35.65,57.1698126169906,-2.7998));
#55650=VERTEX_POINT('',#55640);
#55660=EDGE_CURVE('',#55650,#54010,#55630,.T.);
#55670=ORIENTED_EDGE('',*,*,#55660,.T.);
#55680=CARTESIAN_POINT('',(35.65,57.1698126169906,-2.8498));
#55690=DIRECTION('',(1.,0.,-0.));
#55700=DIRECTION('',(0.,0.,1.));
#55710=AXIS2_PLACEMENT_3D('',#55680,#55690,#55700);
#55720=CIRCLE('',#55710,0.05);
#55730=EDGE_CURVE('',#55650,#55390,#55720,.T.);
#55740=ORIENTED_EDGE('',*,*,#55730,.F.);
#55750=EDGE_LOOP('',(#55740,#55670,#55590,#55580));
#55760=FACE_OUTER_BOUND('',#55750,.T.);
#55770=ADVANCED_FACE('',(#55760),#55570,.T.);
#55780=CARTESIAN_POINT('',(35.65,57.7908542836572,-2.38230000000004));
#55790=DIRECTION('',(1.,0.,0.));
#55800=DIRECTION('',(0.,0.,-1.));
#55810=AXIS2_PLACEMENT_3D('',#55780,#55790,#55800);
#55820=PLANE('',#55810);
#55830=CARTESIAN_POINT('',(35.65,58.2498126169906,-5.46980000000053));
#55840=DIRECTION('',(0.,0.,1.));
#55850=VECTOR('',#55840,1.);
#55860=LINE('',#55830,#55850);
#55870=CARTESIAN_POINT('',(35.65,58.2498126169906,-5.46980000000028));
#55880=VERTEX_POINT('',#55870);
#55890=EDGE_CURVE('',#55880,#27130,#55860,.T.);
#55900=ORIENTED_EDGE('',*,*,#55890,.T.);
#55910=CARTESIAN_POINT('',(35.65,58.1998126169906,-5.46980000000003));
#55920=DIRECTION('',(1.,0.,0.));
#55930=DIRECTION('',(0.,-1.16529008664657E-11,-1.));
#55940=AXIS2_PLACEMENT_3D('',#55910,#55920,#55930);
#55950=CIRCLE('',#55940,0.05);
#55960=CARTESIAN_POINT('',(35.65,58.1998126169903,-5.51980000000004));
#55970=VERTEX_POINT('',#55960);
#55980=EDGE_CURVE('',#55970,#55880,#55950,.T.);
#55990=ORIENTED_EDGE('',*,*,#55980,.T.);
#56000=CARTESIAN_POINT('',(35.65,58.1998126169906,-5.51980000000004));
#56010=DIRECTION('',(0.,-1.,0.));
#56020=VECTOR('',#56010,1.);
#56030=LINE('',#56000,#56020);
#56040=CARTESIAN_POINT('',(35.65,57.8698126169906,-5.51980000000004));
#56050=VERTEX_POINT('',#56040);
#56060=EDGE_CURVE('',#55970,#56050,#56030,.T.);
#56070=ORIENTED_EDGE('',*,*,#56060,.F.);
#56080=CARTESIAN_POINT('',(35.65,57.8698126169906,-5.56980000000004));
#56090=DIRECTION('',(-1.,0.,0.));
#56100=DIRECTION('',(0.,-1.,0.));
#56110=AXIS2_PLACEMENT_3D('',#56080,#56090,#56100);
#56120=CIRCLE('',#56110,0.05);
#56130=CARTESIAN_POINT('',(35.65,57.8198126169906,-5.56980000000004));
#56140=VERTEX_POINT('',#56130);
#56150=EDGE_CURVE('',#56140,#56050,#56120,.T.);
#56160=ORIENTED_EDGE('',*,*,#56150,.T.);
#56170=CARTESIAN_POINT('',(35.65,57.6198126169906,-5.56980000000004));
#56180=DIRECTION('',(0.,1.,0.));
#56190=VECTOR('',#56180,1.);
#56200=LINE('',#56170,#56190);
#56210=CARTESIAN_POINT('',(35.65,57.6198126169906,-5.56980000000004));
#56220=VERTEX_POINT('',#56210);
#56230=EDGE_CURVE('',#56220,#56140,#56200,.T.);
#56240=ORIENTED_EDGE('',*,*,#56230,.T.);
#56250=CARTESIAN_POINT('',(35.65,57.5698126169906,-5.56980000000004));
#56260=DIRECTION('',(-1.,0.,0.));
#56270=DIRECTION('',(0.,0.,1.));
#56280=AXIS2_PLACEMENT_3D('',#56250,#56260,#56270);
#56290=CIRCLE('',#56280,0.05);
#56300=CARTESIAN_POINT('',(35.65,57.5698126169906,-5.51980000000004));
#56310=VERTEX_POINT('',#56300);
#56320=EDGE_CURVE('',#56310,#56220,#56290,.T.);
#56330=ORIENTED_EDGE('',*,*,#56320,.T.);
#56340=CARTESIAN_POINT('',(35.65,57.5698126169906,-5.51980000000004));
#56350=DIRECTION('',(0.,-1.,0.));
#56360=VECTOR('',#56350,1.);
#56370=LINE('',#56340,#56360);
#56380=CARTESIAN_POINT('',(35.65,57.2898126169904,-5.51980000000003));
#56390=VERTEX_POINT('',#56380);
#56400=EDGE_CURVE('',#56310,#56390,#56370,.T.);
#56410=ORIENTED_EDGE('',*,*,#56400,.F.);
#56420=CARTESIAN_POINT('',(35.65,57.2898126169906,-5.46980000000003));
#56430=DIRECTION('',(1.,0.,0.));
#56440=DIRECTION('',(0.,-1.,8.33111357678765E-12));
#56450=AXIS2_PLACEMENT_3D('',#56420,#56430,#56440);
#56460=CIRCLE('',#56450,0.05);
#56470=CARTESIAN_POINT('',(35.65,57.2398126169906,-5.46979999999982));
#56480=VERTEX_POINT('',#56470);
#56490=EDGE_CURVE('',#56480,#56390,#56460,.T.);
#56500=ORIENTED_EDGE('',*,*,#56490,.T.);
#56510=CARTESIAN_POINT('',(35.65,57.2398126169906,-5.46980000000003));
#56520=DIRECTION('',(0.,0.,1.));
#56530=VECTOR('',#56520,1.);
#56540=LINE('',#56510,#56530);
#56550=CARTESIAN_POINT('',(35.65,57.2398126169906,-4.96980000000004));
#56560=VERTEX_POINT('',#56550);
#56570=EDGE_CURVE('',#56480,#56560,#56540,.T.);
#56580=ORIENTED_EDGE('',*,*,#56570,.F.);
#56590=CARTESIAN_POINT('',(35.65,57.3998126169906,-4.20980000000004));
#56600=DIRECTION('',(0.,-0.206010481049847,-0.978549784986748));
#56610=VECTOR('',#56600,1.);
#56620=LINE('',#56590,#56610);
#56630=CARTESIAN_POINT('',(35.65,57.3998126169906,-4.20980000000004));
#56640=VERTEX_POINT('',#56630);
#56650=EDGE_CURVE('',#56640,#56560,#56620,.T.);
#56660=ORIENTED_EDGE('',*,*,#56650,.T.);
#56670=CARTESIAN_POINT('',(35.65,57.3998126169906,-4.0998));
#56680=DIRECTION('',(0.,0.,-1.));
#56690=VECTOR('',#56680,1.);
#56700=LINE('',#56670,#56690);
#56710=EDGE_CURVE('',#54610,#56640,#56700,.T.);
#56720=ORIENTED_EDGE('',*,*,#56710,.T.);
#56730=ORIENTED_EDGE('',*,*,#54620,.T.);
#56740=ORIENTED_EDGE('',*,*,#54910,.F.);
#56750=ORIENTED_EDGE('',*,*,#55160,.T.);
#56760=ORIENTED_EDGE('',*,*,#55400,.F.);
#56770=ORIENTED_EDGE('',*,*,#55730,.T.);
#56780=CARTESIAN_POINT('',(35.65,57.2898126169905,-2.7998));
#56790=DIRECTION('',(0.,-1.,0.));
#56800=VECTOR('',#56790,1.);
#56810=LINE('',#56780,#56800);
#56820=CARTESIAN_POINT('',(35.65,57.2898126169906,-2.79979999999998));
#56830=VERTEX_POINT('',#56820);
#56840=EDGE_CURVE('',#56830,#55650,#56810,.T.);
#56850=ORIENTED_EDGE('',*,*,#56840,.T.);
#56860=CARTESIAN_POINT('',(35.65,57.3598126169906,-2.94980000000022));
#56870=DIRECTION('',(0.,-0.422885465331144,0.906183139995256));
#56880=VECTOR('',#56870,1.);
#56890=LINE('',#56860,#56880);
#56900=CARTESIAN_POINT('',(35.65,57.3598126169906,-2.94980000000011));
#56910=VERTEX_POINT('',#56900);
#56920=EDGE_CURVE('',#56910,#56830,#56890,.T.);
#56930=ORIENTED_EDGE('',*,*,#56920,.T.);
#56940=CARTESIAN_POINT('',(35.65,57.3598126169906,-3.34480000000003));
#56950=DIRECTION('',(0.,0.,1.));
#56960=VECTOR('',#56950,1.);
#56970=LINE('',#56940,#56960);
#56980=EDGE_CURVE('',#52590,#56910,#56970,.T.);
#56990=ORIENTED_EDGE('',*,*,#56980,.T.);
#57000=ORIENTED_EDGE('',*,*,#52600,.T.);
#57010=ORIENTED_EDGE('',*,*,#52360,.T.);
#57020=ORIENTED_EDGE('',*,*,#27220,.F.);
#57030=EDGE_LOOP('',(#57020,#57010,#57000,#56990,#56930,#56850,#56770,
#56760,#56750,#56740,#56730,#56720,#56660,#56580,#56500,#56410,#56330,
#56240,#56160,#56070,#55990,#55900));
#57040=FACE_OUTER_BOUND('',#57030,.T.);
#57050=ADVANCED_FACE('',(#57040),#55820,.T.);
#57060=CARTESIAN_POINT('',(35.65,58.2498126169906,-5.46980000000003));
#57070=DIRECTION('',(0.,1.,-4.03717463500057E-16));
#57080=DIRECTION('',(0.,4.03717463500057E-16,1.));
#57090=AXIS2_PLACEMENT_3D('',#57060,#57070,#57080);
#57100=PLANE('',#57090);
#57110=ORIENTED_EDGE('',*,*,#53750,.T.);
#57120=CARTESIAN_POINT('',(35.5,58.2498126169906,-5.46980000000003));
#57130=DIRECTION('',(1.,0.,0.));
#57140=VECTOR('',#57130,1.);
#57150=LINE('',#57120,#57140);
#57160=EDGE_CURVE('',#53680,#55880,#57150,.T.);
#57170=ORIENTED_EDGE('',*,*,#57160,.F.);
#57180=ORIENTED_EDGE('',*,*,#55890,.F.);
#57190=ORIENTED_EDGE('',*,*,#27140,.F.);
#57200=EDGE_LOOP('',(#57190,#57180,#57170,#57110));
#57210=FACE_OUTER_BOUND('',#57200,.T.);
#57220=ADVANCED_FACE('',(#57210),#57100,.T.);
#57230=CARTESIAN_POINT('',(35.65,58.1998126169906,-5.46980000000003));
#57240=DIRECTION('',(-1.,0.,0.));
#57250=DIRECTION('',(0.,0.,1.));
#57260=AXIS2_PLACEMENT_3D('',#57230,#57240,#57250);
#57270=CYLINDRICAL_SURFACE('',#57260,0.05);
#57280=ORIENTED_EDGE('',*,*,#57160,.T.);
#57290=ORIENTED_EDGE('',*,*,#53690,.F.);
#57300=CARTESIAN_POINT('',(35.65,58.1998126169906,-5.51980000000003));
#57310=DIRECTION('',(-1.,0.,0.));
#57320=VECTOR('',#57310,1.);
#57330=LINE('',#57300,#57320);
#57340=EDGE_CURVE('',#55970,#53590,#57330,.T.);
#57350=ORIENTED_EDGE('',*,*,#57340,.T.);
#57360=ORIENTED_EDGE('',*,*,#55980,.F.);
#57370=EDGE_LOOP('',(#57360,#57350,#57290,#57280));
#57380=FACE_OUTER_BOUND('',#57370,.T.);
#57390=ADVANCED_FACE('',(#57380),#57270,.T.);
#57400=CARTESIAN_POINT('',(35.65,57.2898126169906,-5.51980000000004));
#57410=DIRECTION('',(0.,-1.26161707343768E-16,-1.));
#57420=DIRECTION('',(0.,1.,-1.26161707343768E-16));
#57430=AXIS2_PLACEMENT_3D('',#57400,#57410,#57420);
#57440=PLANE('',#57430);
#57450=ORIENTED_EDGE('',*,*,#56060,.T.);
#57460=ORIENTED_EDGE('',*,*,#57340,.F.);
#57470=ORIENTED_EDGE('',*,*,#53600,.F.);
#57480=CARTESIAN_POINT('',(35.5,57.8698126169906,-5.51980000000004));
#57490=DIRECTION('',(1.,0.,0.));
#57500=VECTOR('',#57490,1.);
#57510=LINE('',#57480,#57500);
#57520=EDGE_CURVE('',#53510,#56050,#57510,.T.);
#57530=ORIENTED_EDGE('',*,*,#57520,.F.);
#57540=EDGE_LOOP('',(#57530,#57470,#57460,#57450));
#57550=FACE_OUTER_BOUND('',#57540,.T.);
#57560=ADVANCED_FACE('',(#57550),#57440,.T.);
#57570=CARTESIAN_POINT('',(35.65,57.8698126169906,-5.56980000000004));
#57580=DIRECTION('',(-1.,0.,0.));
#57590=DIRECTION('',(0.,0.,1.));
#57600=AXIS2_PLACEMENT_3D('',#57570,#57580,#57590);
#57610=CYLINDRICAL_SURFACE('',#57600,0.05);
#57620=ORIENTED_EDGE('',*,*,#56150,.F.);
#57630=ORIENTED_EDGE('',*,*,#57520,.T.);
#57640=ORIENTED_EDGE('',*,*,#53520,.F.);
#57650=CARTESIAN_POINT('',(35.65,57.8198126169906,-5.56980000000004));
#57660=DIRECTION('',(-1.,0.,0.));
#57670=VECTOR('',#57660,1.);
#57680=LINE('',#57650,#57670);
#57690=EDGE_CURVE('',#56140,#53420,#57680,.T.);
#57700=ORIENTED_EDGE('',*,*,#57690,.T.);
#57710=EDGE_LOOP('',(#57700,#57640,#57630,#57620));
#57720=FACE_OUTER_BOUND('',#57710,.T.);
#57730=ADVANCED_FACE('',(#57720),#57610,.F.);
#57740=CARTESIAN_POINT('',(35.65,57.5698126169906,-5.56980000000004));
#57750=DIRECTION('',(0.,1.10634112593766E-15,-1.));
#57760=DIRECTION('',(0.,1.,1.10634112593766E-15));
#57770=AXIS2_PLACEMENT_3D('',#57740,#57750,#57760);
#57780=PLANE('',#57770);
#57790=ORIENTED_EDGE('',*,*,#57690,.F.);
#57800=ORIENTED_EDGE('',*,*,#53430,.T.);
#57810=CARTESIAN_POINT('',(35.5,57.6198126169906,-5.56980000000004));
#57820=DIRECTION('',(1.,0.,0.));
#57830=VECTOR('',#57820,1.);
#57840=LINE('',#57810,#57830);
#57850=EDGE_CURVE('',#53340,#56220,#57840,.T.);
#57860=ORIENTED_EDGE('',*,*,#57850,.F.);
#57870=ORIENTED_EDGE('',*,*,#56230,.F.);
#57880=EDGE_LOOP('',(#57870,#57860,#57800,#57790));
#57890=FACE_OUTER_BOUND('',#57880,.T.);
#57900=ADVANCED_FACE('',(#57890),#57780,.T.);
#57910=CARTESIAN_POINT('',(35.65,57.5698126169906,-5.56980000000004));
#57920=DIRECTION('',(-1.,0.,0.));
#57930=DIRECTION('',(0.,0.,1.));
#57940=AXIS2_PLACEMENT_3D('',#57910,#57920,#57930);
#57950=CYLINDRICAL_SURFACE('',#57940,0.05);
#57960=ORIENTED_EDGE('',*,*,#53350,.F.);
#57970=CARTESIAN_POINT('',(35.65,57.5698126169906,-5.51980000000004));
#57980=DIRECTION('',(-1.,0.,0.));
#57990=VECTOR('',#57980,1.);
#58000=LINE('',#57970,#57990);
#58010=EDGE_CURVE('',#56310,#53250,#58000,.T.);
#58020=ORIENTED_EDGE('',*,*,#58010,.T.);
#58030=ORIENTED_EDGE('',*,*,#56320,.F.);
#58040=ORIENTED_EDGE('',*,*,#57850,.T.);
#58050=EDGE_LOOP('',(#58040,#58030,#58020,#57960));
#58060=FACE_OUTER_BOUND('',#58050,.T.);
#58070=ADVANCED_FACE('',(#58060),#57950,.F.);
#58080=CARTESIAN_POINT('',(35.65,57.2898126169906,-5.51980000000004));
#58090=DIRECTION('',(0.,-1.26161707343768E-16,-1.));
#58100=DIRECTION('',(0.,1.,-1.26161707343768E-16));
#58110=AXIS2_PLACEMENT_3D('',#58080,#58090,#58100);
#58120=PLANE('',#58110);
#58130=ORIENTED_EDGE('',*,*,#58010,.F.);
#58140=ORIENTED_EDGE('',*,*,#53260,.F.);
#58150=CARTESIAN_POINT('',(35.5,57.2898126169906,-5.51980000000003));
#58160=DIRECTION('',(1.,0.,0.));
#58170=VECTOR('',#58160,1.);
#58180=LINE('',#58150,#58170);
#58190=EDGE_CURVE('',#53170,#56390,#58180,.T.);
#58200=ORIENTED_EDGE('',*,*,#58190,.F.);
#58210=ORIENTED_EDGE('',*,*,#56400,.T.);
#58220=EDGE_LOOP('',(#58210,#58200,#58140,#58130));
#58230=FACE_OUTER_BOUND('',#58220,.T.);
#58240=ADVANCED_FACE('',(#58230),#58120,.T.);
#58250=CARTESIAN_POINT('',(35.65,57.2898126169906,-5.46980000000003));
#58260=DIRECTION('',(-1.,0.,0.));
#58270=DIRECTION('',(0.,0.,1.));
#58280=AXIS2_PLACEMENT_3D('',#58250,#58260,#58270);
#58290=CYLINDRICAL_SURFACE('',#58280,0.05);
#58300=ORIENTED_EDGE('',*,*,#58190,.T.);
#58310=ORIENTED_EDGE('',*,*,#53180,.F.);
#58320=CARTESIAN_POINT('',(35.65,57.2398126169906,-5.46980000000003));
#58330=DIRECTION('',(-1.,0.,0.));
#58340=VECTOR('',#58330,1.);
#58350=LINE('',#58320,#58340);
#58360=EDGE_CURVE('',#56480,#53080,#58350,.T.);
#58370=ORIENTED_EDGE('',*,*,#58360,.T.);
#58380=ORIENTED_EDGE('',*,*,#56490,.F.);
#58390=EDGE_LOOP('',(#58380,#58370,#58310,#58300));
#58400=FACE_OUTER_BOUND('',#58390,.T.);
#58410=ADVANCED_FACE('',(#58400),#58290,.T.);
#58420=CARTESIAN_POINT('',(35.65,57.2398126169906,-4.96980000000003));
#58430=DIRECTION('',(0.,-1.,2.77555756156289E-16));
#58440=DIRECTION('',(0.,-2.77555756156289E-16,-1.));
#58450=AXIS2_PLACEMENT_3D('',#58420,#58430,#58440);
#58460=PLANE('',#58450);
#58470=ORIENTED_EDGE('',*,*,#58360,.F.);
#58480=ORIENTED_EDGE('',*,*,#53090,.F.);
#58490=CARTESIAN_POINT('',(35.65,57.2398126169906,-4.96980000000003));
#58500=DIRECTION('',(-1.,0.,0.));
#58510=VECTOR('',#58500,1.);
#58520=LINE('',#58490,#58510);
#58530=EDGE_CURVE('',#56560,#53000,#58520,.T.);
#58540=ORIENTED_EDGE('',*,*,#58530,.T.);
#58550=ORIENTED_EDGE('',*,*,#56570,.T.);
#58560=EDGE_LOOP('',(#58550,#58540,#58480,#58470));
#58570=FACE_OUTER_BOUND('',#58560,.T.);
#58580=ADVANCED_FACE('',(#58570),#58460,.T.);
#58590=CARTESIAN_POINT('',(35.65,57.3998126169906,-4.20980000000004));
#58600=DIRECTION('',(0.,-0.978549784986749,0.206010481049842));
#58610=DIRECTION('',(0.,-0.206010481049842,-0.978549784986749));
#58620=AXIS2_PLACEMENT_3D('',#58590,#58600,#58610);
#58630=PLANE('',#58620);
#58640=ORIENTED_EDGE('',*,*,#58530,.F.);
#58650=ORIENTED_EDGE('',*,*,#53010,.F.);
#58660=CARTESIAN_POINT('',(35.65,57.3998126169906,-4.20980000000004));
#58670=DIRECTION('',(-1.,0.,0.));
#58680=VECTOR('',#58670,1.);
#58690=LINE('',#58660,#58680);
#58700=EDGE_CURVE('',#56640,#52920,#58690,.T.);
#58710=ORIENTED_EDGE('',*,*,#58700,.T.);
#58720=ORIENTED_EDGE('',*,*,#56650,.F.);
#58730=EDGE_LOOP('',(#58720,#58710,#58650,#58640));
#58740=FACE_OUTER_BOUND('',#58730,.T.);
#58750=ADVANCED_FACE('',(#58740),#58630,.T.);
#58760=CARTESIAN_POINT('',(35.65,57.3998126169906,-4.01980000000004));
#58770=DIRECTION('',(0.,-1.,0.));
#58780=DIRECTION('',(0.,0.,-1.));
#58790=AXIS2_PLACEMENT_3D('',#58760,#58770,#58780);
#58800=PLANE('',#58790);
#58810=ORIENTED_EDGE('',*,*,#58700,.F.);
#58820=ORIENTED_EDGE('',*,*,#52930,.T.);
#58830=ORIENTED_EDGE('',*,*,#54680,.F.);
#58840=ORIENTED_EDGE('',*,*,#56710,.F.);
#58850=EDGE_LOOP('',(#58840,#58830,#58820,#58810));
#58860=FACE_OUTER_BOUND('',#58850,.T.);
#58870=ADVANCED_FACE('',(#58860),#58800,.T.);
#58880=CARTESIAN_POINT('',(35.4849976,57.2898126169906,-2.7998));
#58890=DIRECTION('',(0.,8.88178419700125E-16,-1.));
#58900=DIRECTION('',(0.,-1.,-8.88178419700125E-16));
#58910=AXIS2_PLACEMENT_3D('',#58880,#58890,#58900);
#58920=PLANE('',#58910);
#58930=CARTESIAN_POINT('',(35.5,57.2898126169906,-2.7998));
#58940=DIRECTION('',(1.,0.,0.));
#58950=VECTOR('',#58940,1.);
#58960=LINE('',#58930,#58950);
#58970=EDGE_CURVE('',#53930,#56830,#58960,.T.);
#58980=ORIENTED_EDGE('',*,*,#58970,.F.);
#58990=ORIENTED_EDGE('',*,*,#56840,.F.);
#59000=ORIENTED_EDGE('',*,*,#55660,.F.);
#59010=ORIENTED_EDGE('',*,*,#54020,.T.);
#59020=EDGE_LOOP('',(#59010,#59000,#58990,#58980));
#59030=FACE_OUTER_BOUND('',#59020,.T.);
#59040=ADVANCED_FACE('',(#59030),#58920,.F.);
#59050=CARTESIAN_POINT('',(35.4849976,57.3598126169906,-2.9498));
#59060=DIRECTION('',(0.,-0.906183139995265,-0.422885465331125));
#59070=DIRECTION('',(0.,-0.422885465331125,0.906183139995265));
#59080=AXIS2_PLACEMENT_3D('',#59050,#59060,#59070);
#59090=PLANE('',#59080);
#59100=ORIENTED_EDGE('',*,*,#58970,.T.);
#59110=ORIENTED_EDGE('',*,*,#53940,.F.);
#59120=CARTESIAN_POINT('',(35.65,57.3598126169906,-2.9498));
#59130=DIRECTION('',(-1.,0.,0.));
#59140=VECTOR('',#59130,1.);
#59150=LINE('',#59120,#59140);
#59160=EDGE_CURVE('',#56910,#53850,#59150,.T.);
#59170=ORIENTED_EDGE('',*,*,#59160,.T.);
#59180=ORIENTED_EDGE('',*,*,#56920,.F.);
#59190=EDGE_LOOP('',(#59180,#59170,#59110,#59100));
#59200=FACE_OUTER_BOUND('',#59190,.T.);
#59210=ADVANCED_FACE('',(#59200),#59090,.F.);
#59220=CARTESIAN_POINT('',(35.65,57.3598126169906,-3.06480000000003));
#59230=DIRECTION('',(0.,1.,0.));
#59240=DIRECTION('',(0.,0.,1.));
#59250=AXIS2_PLACEMENT_3D('',#59220,#59230,#59240);
#59260=PLANE('',#59250);
#59270=ORIENTED_EDGE('',*,*,#59160,.F.);
#59280=ORIENTED_EDGE('',*,*,#53860,.T.);
#59290=ORIENTED_EDGE('',*,*,#52680,.F.);
#59300=ORIENTED_EDGE('',*,*,#56980,.F.);
#59310=EDGE_LOOP('',(#59300,#59290,#59280,#59270));
#59320=FACE_OUTER_BOUND('',#59310,.T.);
#59330=ADVANCED_FACE('',(#59320),#59260,.T.);
#59340=CARTESIAN_POINT('',(49.425,58.1173126169906,-1.1698));
#59350=DIRECTION('',(0.,0.,-1.));
#59360=DIRECTION('',(1.,0.,0.));
#59370=AXIS2_PLACEMENT_3D('',#59340,#59350,#59360);
#59380=PLANE('',#59370);
#59390=ORIENTED_EDGE('',*,*,#51520,.T.);
#59400=CARTESIAN_POINT('',(34.775,57.9698126169906,-1.1698));
#59410=DIRECTION('',(1.,0.,0.));
#59420=VECTOR('',#59410,1.);
#59430=LINE('',#59400,#59420);
#59440=CARTESIAN_POINT('',(34.975,57.9698126169906,-1.1698));
#59450=VERTEX_POINT('',#59440);
#59460=EDGE_CURVE('',#51430,#59450,#59430,.T.);
#59470=ORIENTED_EDGE('',*,*,#59460,.F.);
#59480=CARTESIAN_POINT('',(34.975,57.9698126169906,-1.1698));
#59490=DIRECTION('',(0.,1.,0.));
#59500=VECTOR('',#59490,1.);
#59510=LINE('',#59480,#59500);
#59520=CARTESIAN_POINT('',(34.975,58.5698126169906,-1.1698));
#59530=VERTEX_POINT('',#59520);
#59540=EDGE_CURVE('',#59450,#59530,#59510,.T.);
#59550=ORIENTED_EDGE('',*,*,#59540,.F.);
#59560=CARTESIAN_POINT('',(34.975,58.5698126169906,-1.1698));
#59570=DIRECTION('',(-1.,0.,0.));
#59580=VECTOR('',#59570,1.);
#59590=LINE('',#59560,#59580);
#59600=EDGE_CURVE('',#59530,#51190,#59590,.T.);
#59610=ORIENTED_EDGE('',*,*,#59600,.F.);
#59620=ORIENTED_EDGE('',*,*,#51200,.T.);
#59630=ORIENTED_EDGE('',*,*,#23460,.T.);
#59640=ORIENTED_EDGE('',*,*,#24370,.T.);
#59650=ORIENTED_EDGE('',*,*,#25630,.F.);
#59660=CARTESIAN_POINT('',(35.775,57.3698126169906,-1.1698));
#59670=DIRECTION('',(0.,-1.,0.));
#59680=VECTOR('',#59670,1.);
#59690=LINE('',#59660,#59680);
#59700=CARTESIAN_POINT('',(35.775,57.2698126169906,-1.1698));
#59710=VERTEX_POINT('',#59700);
#59720=EDGE_CURVE('',#25560,#59710,#59690,.T.);
#59730=ORIENTED_EDGE('',*,*,#59720,.F.);
#59740=CARTESIAN_POINT('',(35.575,57.2698126169906,-1.1698));
#59750=DIRECTION('',(1.,0.,0.));
#59760=VECTOR('',#59750,1.);
#59770=LINE('',#59740,#59760);
#59780=CARTESIAN_POINT('',(35.575,57.2698126169906,-1.1698));
#59790=VERTEX_POINT('',#59780);
#59800=EDGE_CURVE('',#59790,#59710,#59770,.T.);
#59810=ORIENTED_EDGE('',*,*,#59800,.T.);
#59820=CARTESIAN_POINT('',(35.575,57.3698126169906,-1.1698));
#59830=DIRECTION('',(0.,-1.,0.));
#59840=VECTOR('',#59830,1.);
#59850=LINE('',#59820,#59840);
#59860=EDGE_CURVE('',#25320,#59790,#59850,.T.);
#59870=ORIENTED_EDGE('',*,*,#59860,.T.);
#59880=ORIENTED_EDGE('',*,*,#25330,.F.);
#59890=CARTESIAN_POINT('',(35.375,57.3698126169906,-1.1698));
#59900=DIRECTION('',(0.,-1.,0.));
#59910=VECTOR('',#59900,1.);
#59920=LINE('',#59890,#59910);
#59930=CARTESIAN_POINT('',(35.375,57.2698126169906,-1.1698));
#59940=VERTEX_POINT('',#59930);
#59950=EDGE_CURVE('',#25240,#59940,#59920,.T.);
#59960=ORIENTED_EDGE('',*,*,#59950,.F.);
#59970=CARTESIAN_POINT('',(35.175,57.2698126169906,-1.1698));
#59980=DIRECTION('',(1.,0.,0.));
#59990=VECTOR('',#59980,1.);
#60000=LINE('',#59970,#59990);
#60010=CARTESIAN_POINT('',(35.175,57.2698126169906,-1.1698));
#60020=VERTEX_POINT('',#60010);
#60030=EDGE_CURVE('',#60020,#59940,#60000,.T.);
#60040=ORIENTED_EDGE('',*,*,#60030,.T.);
#60050=CARTESIAN_POINT('',(35.175,57.3698126169906,-1.1698));
#60060=DIRECTION('',(0.,-1.,0.));
#60070=VECTOR('',#60060,1.);
#60080=LINE('',#60050,#60070);
#60090=EDGE_CURVE('',#25000,#60020,#60080,.T.);
#60100=ORIENTED_EDGE('',*,*,#60090,.T.);
#60110=ORIENTED_EDGE('',*,*,#25010,.F.);
#60120=CARTESIAN_POINT('',(34.975,57.3698126169906,-1.1698));
#60130=DIRECTION('',(0.,-1.,0.));
#60140=VECTOR('',#60130,1.);
#60150=LINE('',#60120,#60140);
#60160=CARTESIAN_POINT('',(34.975,57.2698126169906,-1.1698));
#60170=VERTEX_POINT('',#60160);
#60180=EDGE_CURVE('',#24920,#60170,#60150,.T.);
#60190=ORIENTED_EDGE('',*,*,#60180,.F.);
#60200=CARTESIAN_POINT('',(34.775,57.2698126169906,-1.1698));
#60210=DIRECTION('',(1.,0.,0.));
#60220=VECTOR('',#60210,1.);
#60230=LINE('',#60200,#60220);
#60240=EDGE_CURVE('',#51510,#60170,#60230,.T.);
#60250=ORIENTED_EDGE('',*,*,#60240,.T.);
#60260=EDGE_LOOP('',(#60250,#60190,#60110,#60100,#60040,#59960,#59880,
#59870,#59810,#59730,#59650,#59640,#59630,#59620,#59610,#59550,#59470,
#59390));
#60270=FACE_OUTER_BOUND('',#60260,.T.);
#60280=ADVANCED_FACE('',(#60270),#59380,.F.);
#60290=CARTESIAN_POINT('',(49.425,57.2698126169906,-3.0948));
#60300=DIRECTION('',(0.,1.,-1.88737914186277E-16));
#60310=DIRECTION('',(1.,0.,0.));
#60320=AXIS2_PLACEMENT_3D('',#60290,#60300,#60310);
#60330=PLANE('',#60320);
#60340=ORIENTED_EDGE('',*,*,#51600,.F.);
#60350=ORIENTED_EDGE('',*,*,#60240,.F.);
#60360=CARTESIAN_POINT('',(34.975,57.2698126169906,-1.1698));
#60370=DIRECTION('',(0.,0.,-1.));
#60380=VECTOR('',#60370,1.);
#60390=LINE('',#60360,#60380);
#60400=CARTESIAN_POINT('',(34.975,57.2698126169906,-2.4198));
#60410=VERTEX_POINT('',#60400);
#60420=EDGE_CURVE('',#60170,#60410,#60390,.T.);
#60430=ORIENTED_EDGE('',*,*,#60420,.F.);
#60440=CARTESIAN_POINT('',(34.975,57.2698126169906,-2.4198));
#60450=DIRECTION('',(-1.,0.,0.));
#60460=VECTOR('',#60450,1.);
#60470=LINE('',#60440,#60460);
#60480=EDGE_CURVE('',#60410,#51590,#60470,.T.);
#60490=ORIENTED_EDGE('',*,*,#60480,.F.);
#60500=EDGE_LOOP('',(#60490,#60430,#60350,#60340));
#60510=FACE_OUTER_BOUND('',#60500,.T.);
#60520=ADVANCED_FACE('',(#60510),#60330,.F.);
#60530=CARTESIAN_POINT('',(34.775,57.3698126169906,-2.4198));
#60540=DIRECTION('',(0.,1.88737914186277E-16,1.));
#60550=DIRECTION('',(1.,0.,0.));
#60560=AXIS2_PLACEMENT_3D('',#60530,#60540,#60550);
#60570=PLANE('',#60560);
#60580=ORIENTED_EDGE('',*,*,#24850,.T.);
#60590=ORIENTED_EDGE('',*,*,#51660,.F.);
#60600=ORIENTED_EDGE('',*,*,#60480,.T.);
#60610=CARTESIAN_POINT('',(34.975,57.3698126169906,-2.4198));
#60620=DIRECTION('',(0.,-1.,0.));
#60630=VECTOR('',#60620,1.);
#60640=LINE('',#60610,#60630);
#60650=EDGE_CURVE('',#24840,#60410,#60640,.T.);
#60660=ORIENTED_EDGE('',*,*,#60650,.T.);
#60670=EDGE_LOOP('',(#60660,#60600,#60590,#60580));
#60680=FACE_OUTER_BOUND('',#60670,.T.);
#60690=ADVANCED_FACE('',(#60680),#60570,.F.);
#60700=CARTESIAN_POINT('',(34.975,57.3698126169906,-2.4198));
#60710=DIRECTION('',(-1.,-2.68212707775144E-31,-1.4210854715202E-15));
#60720=DIRECTION('',(-1.4210854715202E-15,1.88737914186277E-16,1.));
#60730=AXIS2_PLACEMENT_3D('',#60700,#60710,#60720);
#60740=PLANE('',#60730);
#60750=ORIENTED_EDGE('',*,*,#24930,.T.);
#60760=ORIENTED_EDGE('',*,*,#60650,.F.);
#60770=ORIENTED_EDGE('',*,*,#60420,.T.);
#60780=ORIENTED_EDGE('',*,*,#60180,.T.);
#60790=EDGE_LOOP('',(#60780,#60770,#60760,#60750));
#60800=FACE_OUTER_BOUND('',#60790,.T.);
#60810=ADVANCED_FACE('',(#60800),#60740,.F.);
#60820=CARTESIAN_POINT('',(34.775,57.9698126169906,-1.1698));
#60830=DIRECTION('',(0.,1.,-2.03540887847945E-16));
#60840=DIRECTION('',(0.,-2.03540887847945E-16,-1.));
#60850=AXIS2_PLACEMENT_3D('',#60820,#60830,#60840);
#60860=PLANE('',#60850);
#60870=CARTESIAN_POINT('',(34.775,57.9698126169906,-2.6698));
#60880=DIRECTION('',(1.,0.,0.));
#60890=VECTOR('',#60880,1.);
#60900=LINE('',#60870,#60890);
#60910=CARTESIAN_POINT('',(34.975,57.9698126169906,-2.6698));
#60920=VERTEX_POINT('',#60910);
#60930=EDGE_CURVE('',#51350,#60920,#60900,.T.);
#60940=ORIENTED_EDGE('',*,*,#60930,.F.);
#60950=CARTESIAN_POINT('',(34.975,57.9698126169906,-2.6698));
#60960=DIRECTION('',(0.,0.,1.));
#60970=VECTOR('',#60960,1.);
#60980=LINE('',#60950,#60970);
#60990=EDGE_CURVE('',#60920,#59450,#60980,.T.);
#61000=ORIENTED_EDGE('',*,*,#60990,.F.);
#61010=ORIENTED_EDGE('',*,*,#59460,.T.);
#61020=ORIENTED_EDGE('',*,*,#51440,.T.);
#61030=EDGE_LOOP('',(#61020,#61010,#61000,#60940));
#61040=FACE_OUTER_BOUND('',#61030,.T.);
#61050=ADVANCED_FACE('',(#61040),#60860,.T.);
#61060=CARTESIAN_POINT('',(34.775,57.9698126169906,-2.6698));
#61070=DIRECTION('',(0.,0.,1.));
#61080=DIRECTION('',(0.,1.,0.));
#61090=AXIS2_PLACEMENT_3D('',#61060,#61070,#61080);
#61100=PLANE('',#61090);
#61110=CARTESIAN_POINT('',(34.775,58.5698126169906,-2.6698));
#61120=DIRECTION('',(1.,0.,0.));
#61130=VECTOR('',#61120,1.);
#61140=LINE('',#61110,#61130);
#61150=CARTESIAN_POINT('',(34.975,58.5698126169906,-2.6698));
#61160=VERTEX_POINT('',#61150);
#61170=EDGE_CURVE('',#51270,#61160,#61140,.T.);
#61180=ORIENTED_EDGE('',*,*,#61170,.F.);
#61190=CARTESIAN_POINT('',(34.975,58.5698126169906,-2.6698));
#61200=DIRECTION('',(0.,-1.,0.));
#61210=VECTOR('',#61200,1.);
#61220=LINE('',#61190,#61210);
#61230=EDGE_CURVE('',#61160,#60920,#61220,.T.);
#61240=ORIENTED_EDGE('',*,*,#61230,.F.);
#61250=ORIENTED_EDGE('',*,*,#60930,.T.);
#61260=ORIENTED_EDGE('',*,*,#51360,.T.);
#61270=EDGE_LOOP('',(#61260,#61250,#61240,#61180));
#61280=FACE_OUTER_BOUND('',#61270,.T.);
#61290=ADVANCED_FACE('',(#61280),#61100,.T.);
#61300=CARTESIAN_POINT('',(34.775,58.5698126169906,-2.6698));
#61310=DIRECTION('',(0.,-1.,-1.11022302462516E-16));
#61320=DIRECTION('',(0.,-1.11022302462516E-16,1.));
#61330=AXIS2_PLACEMENT_3D('',#61300,#61310,#61320);
#61340=PLANE('',#61330);
#61350=ORIENTED_EDGE('',*,*,#59600,.T.);
#61360=CARTESIAN_POINT('',(34.975,58.5698126169906,-1.1698));
#61370=DIRECTION('',(0.,0.,-1.));
#61380=VECTOR('',#61370,1.);
#61390=LINE('',#61360,#61380);
#61400=EDGE_CURVE('',#59530,#61160,#61390,.T.);
#61410=ORIENTED_EDGE('',*,*,#61400,.F.);
#61420=ORIENTED_EDGE('',*,*,#61170,.T.);
#61430=ORIENTED_EDGE('',*,*,#51280,.T.);
#61440=EDGE_LOOP('',(#61430,#61420,#61410,#61350));
#61450=FACE_OUTER_BOUND('',#61440,.T.);
#61460=ADVANCED_FACE('',(#61450),#61340,.T.);
#61470=CARTESIAN_POINT('',(34.975,58.1198126169906,-3.2448));
#61480=DIRECTION('',(-1.,0.,0.));
#61490=DIRECTION('',(0.,0.,1.));
#61500=AXIS2_PLACEMENT_3D('',#61470,#61480,#61490);
#61510=PLANE('',#61500);
#61520=ORIENTED_EDGE('',*,*,#61230,.T.);
#61530=ORIENTED_EDGE('',*,*,#61400,.T.);
#61540=ORIENTED_EDGE('',*,*,#59540,.T.);
#61550=ORIENTED_EDGE('',*,*,#60990,.T.);
#61560=EDGE_LOOP('',(#61550,#61540,#61530,#61520));
#61570=FACE_OUTER_BOUND('',#61560,.T.);
#61580=ADVANCED_FACE('',(#61570),#61510,.T.);
#61590=CARTESIAN_POINT('',(35.775,57.3698126169906,-2.4198));
#61600=DIRECTION('',(-1.,-2.68212707775144E-31,-1.4210854715202E-15));
#61610=DIRECTION('',(-1.4210854715202E-15,1.88737914186277E-16,1.));
#61620=AXIS2_PLACEMENT_3D('',#61590,#61600,#61610);
#61630=PLANE('',#61620);
#61640=ORIENTED_EDGE('',*,*,#25570,.T.);
#61650=CARTESIAN_POINT('',(35.775,57.3698126169906,-2.4198));
#61660=DIRECTION('',(0.,-1.,0.));
#61670=VECTOR('',#61660,1.);
#61680=LINE('',#61650,#61670);
#61690=CARTESIAN_POINT('',(35.775,57.2698126169906,-2.4198));
#61700=VERTEX_POINT('',#61690);
#61710=EDGE_CURVE('',#25480,#61700,#61680,.T.);
#61720=ORIENTED_EDGE('',*,*,#61710,.F.);
#61730=CARTESIAN_POINT('',(35.775,57.2698126169906,-1.1698));
#61740=DIRECTION('',(0.,0.,-1.));
#61750=VECTOR('',#61740,1.);
#61760=LINE('',#61730,#61750);
#61770=EDGE_CURVE('',#59710,#61700,#61760,.T.);
#61780=ORIENTED_EDGE('',*,*,#61770,.T.);
#61790=ORIENTED_EDGE('',*,*,#59720,.T.);
#61800=EDGE_LOOP('',(#61790,#61780,#61720,#61640));
#61810=FACE_OUTER_BOUND('',#61800,.T.);
#61820=ADVANCED_FACE('',(#61810),#61630,.F.);
#61830=CARTESIAN_POINT('',(35.575,57.3698126169906,-2.4198));
#61840=DIRECTION('',(0.,1.88737914186277E-16,1.));
#61850=DIRECTION('',(1.,0.,0.));
#61860=AXIS2_PLACEMENT_3D('',#61830,#61840,#61850);
#61870=PLANE('',#61860);
#61880=ORIENTED_EDGE('',*,*,#25490,.T.);
#61890=CARTESIAN_POINT('',(35.575,57.3698126169906,-2.4198));
#61900=DIRECTION('',(0.,-1.,0.));
#61910=VECTOR('',#61900,1.);
#61920=LINE('',#61890,#61910);
#61930=CARTESIAN_POINT('',(35.575,57.2698126169906,-2.4198));
#61940=VERTEX_POINT('',#61930);
#61950=EDGE_CURVE('',#25400,#61940,#61920,.T.);
#61960=ORIENTED_EDGE('',*,*,#61950,.F.);
#61970=CARTESIAN_POINT('',(35.775,57.2698126169906,-2.4198));
#61980=DIRECTION('',(-1.,0.,0.));
#61990=VECTOR('',#61980,1.);
#62000=LINE('',#61970,#61990);
#62010=EDGE_CURVE('',#61700,#61940,#62000,.T.);
#62020=ORIENTED_EDGE('',*,*,#62010,.T.);
#62030=ORIENTED_EDGE('',*,*,#61710,.T.);
#62040=EDGE_LOOP('',(#62030,#62020,#61960,#61880));
#62050=FACE_OUTER_BOUND('',#62040,.T.);
#62060=ADVANCED_FACE('',(#62050),#61870,.F.);
#62070=CARTESIAN_POINT('',(35.575,57.3698126169906,-1.1698));
#62080=DIRECTION('',(1.,0.,0.));
#62090=DIRECTION('',(0.,-1.88737914186277E-16,-1.));
#62100=AXIS2_PLACEMENT_3D('',#62070,#62080,#62090);
#62110=PLANE('',#62100);
#62120=ORIENTED_EDGE('',*,*,#25410,.T.);
#62130=ORIENTED_EDGE('',*,*,#59860,.F.);
#62140=CARTESIAN_POINT('',(35.575,57.2698126169906,-2.4198));
#62150=DIRECTION('',(0.,0.,1.));
#62160=VECTOR('',#62150,1.);
#62170=LINE('',#62140,#62160);
#62180=EDGE_CURVE('',#61940,#59790,#62170,.T.);
#62190=ORIENTED_EDGE('',*,*,#62180,.T.);
#62200=ORIENTED_EDGE('',*,*,#61950,.T.);
#62210=EDGE_LOOP('',(#62200,#62190,#62130,#62120));
#62220=FACE_OUTER_BOUND('',#62210,.T.);
#62230=ADVANCED_FACE('',(#62220),#62110,.F.);
#62240=CARTESIAN_POINT('',(49.425,57.2698126169906,-3.0948));
#62250=DIRECTION('',(0.,1.,-1.88737914186277E-16));
#62260=DIRECTION('',(1.,0.,0.));
#62270=AXIS2_PLACEMENT_3D('',#62240,#62250,#62260);
#62280=PLANE('',#62270);
#62290=ORIENTED_EDGE('',*,*,#59800,.F.);
#62300=ORIENTED_EDGE('',*,*,#61770,.F.);
#62310=ORIENTED_EDGE('',*,*,#62010,.F.);
#62320=ORIENTED_EDGE('',*,*,#62180,.F.);
#62330=EDGE_LOOP('',(#62320,#62310,#62300,#62290));
#62340=FACE_OUTER_BOUND('',#62330,.T.);
#62350=ADVANCED_FACE('',(#62340),#62280,.F.);
#62360=CARTESIAN_POINT('',(35.375,57.3698126169906,-2.4198));
#62370=DIRECTION('',(-1.,-2.68212707775144E-31,-1.4210854715202E-15));
#62380=DIRECTION('',(-1.4210854715202E-15,1.88737914186277E-16,1.));
#62390=AXIS2_PLACEMENT_3D('',#62360,#62370,#62380);
#62400=PLANE('',#62390);
#62410=ORIENTED_EDGE('',*,*,#25250,.T.);
#62420=CARTESIAN_POINT('',(35.375,57.3698126169906,-2.4198));
#62430=DIRECTION('',(0.,-1.,0.));
#62440=VECTOR('',#62430,1.);
#62450=LINE('',#62420,#62440);
#62460=CARTESIAN_POINT('',(35.375,57.2698126169906,-2.4198));
#62470=VERTEX_POINT('',#62460);
#62480=EDGE_CURVE('',#25160,#62470,#62450,.T.);
#62490=ORIENTED_EDGE('',*,*,#62480,.F.);
#62500=CARTESIAN_POINT('',(35.375,57.2698126169906,-1.1698));
#62510=DIRECTION('',(0.,0.,-1.));
#62520=VECTOR('',#62510,1.);
#62530=LINE('',#62500,#62520);
#62540=EDGE_CURVE('',#59940,#62470,#62530,.T.);
#62550=ORIENTED_EDGE('',*,*,#62540,.T.);
#62560=ORIENTED_EDGE('',*,*,#59950,.T.);
#62570=EDGE_LOOP('',(#62560,#62550,#62490,#62410));
#62580=FACE_OUTER_BOUND('',#62570,.T.);
#62590=ADVANCED_FACE('',(#62580),#62400,.F.);
#62600=CARTESIAN_POINT('',(35.175,57.3698126169906,-2.4198));
#62610=DIRECTION('',(0.,1.88737914186277E-16,1.));
#62620=DIRECTION('',(1.,0.,0.));
#62630=AXIS2_PLACEMENT_3D('',#62600,#62610,#62620);
#62640=PLANE('',#62630);
#62650=ORIENTED_EDGE('',*,*,#25170,.T.);
#62660=CARTESIAN_POINT('',(35.175,57.3698126169906,-2.4198));
#62670=DIRECTION('',(0.,-1.,0.));
#62680=VECTOR('',#62670,1.);
#62690=LINE('',#62660,#62680);
#62700=CARTESIAN_POINT('',(35.175,57.2698126169906,-2.4198));
#62710=VERTEX_POINT('',#62700);
#62720=EDGE_CURVE('',#25080,#62710,#62690,.T.);
#62730=ORIENTED_EDGE('',*,*,#62720,.F.);
#62740=CARTESIAN_POINT('',(35.375,57.2698126169906,-2.4198));
#62750=DIRECTION('',(-1.,0.,0.));
#62760=VECTOR('',#62750,1.);
#62770=LINE('',#62740,#62760);
#62780=EDGE_CURVE('',#62470,#62710,#62770,.T.);
#62790=ORIENTED_EDGE('',*,*,#62780,.T.);
#62800=ORIENTED_EDGE('',*,*,#62480,.T.);
#62810=EDGE_LOOP('',(#62800,#62790,#62730,#62650));
#62820=FACE_OUTER_BOUND('',#62810,.T.);
#62830=ADVANCED_FACE('',(#62820),#62640,.F.);
#62840=CARTESIAN_POINT('',(35.175,57.3698126169906,-1.1698));
#62850=DIRECTION('',(1.,0.,0.));
#62860=DIRECTION('',(0.,-1.88737914186277E-16,-1.));
#62870=AXIS2_PLACEMENT_3D('',#62840,#62850,#62860);
#62880=PLANE('',#62870);
#62890=ORIENTED_EDGE('',*,*,#25090,.T.);
#62900=ORIENTED_EDGE('',*,*,#60090,.F.);
#62910=CARTESIAN_POINT('',(35.175,57.2698126169906,-2.4198));
#62920=DIRECTION('',(0.,0.,1.));
#62930=VECTOR('',#62920,1.);
#62940=LINE('',#62910,#62930);
#62950=EDGE_CURVE('',#62710,#60020,#62940,.T.);
#62960=ORIENTED_EDGE('',*,*,#62950,.T.);
#62970=ORIENTED_EDGE('',*,*,#62720,.T.);
#62980=EDGE_LOOP('',(#62970,#62960,#62900,#62890));
#62990=FACE_OUTER_BOUND('',#62980,.T.);
#63000=ADVANCED_FACE('',(#62990),#62880,.F.);
#63010=CARTESIAN_POINT('',(49.425,57.2698126169906,-3.0948));
#63020=DIRECTION('',(0.,1.,-1.88737914186277E-16));
#63030=DIRECTION('',(1.,0.,0.));
#63040=AXIS2_PLACEMENT_3D('',#63010,#63020,#63030);
#63050=PLANE('',#63040);
#63060=ORIENTED_EDGE('',*,*,#60030,.F.);
#63070=ORIENTED_EDGE('',*,*,#62540,.F.);
#63080=ORIENTED_EDGE('',*,*,#62780,.F.);
#63090=ORIENTED_EDGE('',*,*,#62950,.F.);
#63100=EDGE_LOOP('',(#63090,#63080,#63070,#63060));
#63110=FACE_OUTER_BOUND('',#63100,.T.);
#63120=ADVANCED_FACE('',(#63110),#63050,.F.);
#63130=CARTESIAN_POINT('',(37.115,57.5482789987394,-1.96345794057091));
#63140=DIRECTION('',(-1.,0.,0.));
#63150=DIRECTION('',(0.,0.,1.));
#63160=AXIS2_PLACEMENT_3D('',#63130,#63140,#63150);
#63170=PLANE('',#63160);
#63180=ORIENTED_EDGE('',*,*,#3940,.T.);
#63190=CARTESIAN_POINT('',(37.115,58.5598126169906,-0.519800000000004));
#63200=DIRECTION('',(0.,0.,1.));
#63210=VECTOR('',#63200,1.);
#63220=LINE('',#63190,#63210);
#63230=CARTESIAN_POINT('',(37.115,58.5598126169906,-0.469799999999999));
#63240=VERTEX_POINT('',#63230);
#63250=EDGE_CURVE('',#3850,#63240,#63220,.T.);
#63260=ORIENTED_EDGE('',*,*,#63250,.F.);
#63270=CARTESIAN_POINT('',(37.115,58.5598126169906,-0.469799999999999));
#63280=DIRECTION('',(0.,-1.,0.));
#63290=VECTOR('',#63280,1.);
#63300=LINE('',#63270,#63290);
#63310=CARTESIAN_POINT('',(37.115,57.9398126169906,-0.469799999999998));
#63320=VERTEX_POINT('',#63310);
#63330=EDGE_CURVE('',#63240,#63320,#63300,.T.);
#63340=ORIENTED_EDGE('',*,*,#63330,.F.);
#63350=CARTESIAN_POINT('',(37.115,57.9398126169906,-0.369799999999998));
#63360=DIRECTION('',(1.,0.,0.));
#63370=DIRECTION('',(0.,-1.,1.11022302462514E-15));
#63380=AXIS2_PLACEMENT_3D('',#63350,#63360,#63370);
#63390=CIRCLE('',#63380,0.1);
#63400=CARTESIAN_POINT('',(37.115,57.8398126169906,-0.369799999999998));
#63410=VERTEX_POINT('',#63400);
#63420=EDGE_CURVE('',#63410,#63320,#63390,.T.);
#63430=ORIENTED_EDGE('',*,*,#63420,.T.);
#63440=CARTESIAN_POINT('',(37.115,57.8398126169906,-0.369799999999998));
#63450=DIRECTION('',(0.,0.,1.));
#63460=VECTOR('',#63450,1.);
#63470=LINE('',#63440,#63460);
#63480=CARTESIAN_POINT('',(37.115,57.8398126169906,-0.169800000000002));
#63490=VERTEX_POINT('',#63480);
#63500=EDGE_CURVE('',#63410,#63490,#63470,.T.);
#63510=ORIENTED_EDGE('',*,*,#63500,.F.);
#63520=CARTESIAN_POINT('',(37.115,57.8398126169906,-0.169800000000002));
#63530=DIRECTION('',(0.,-1.,0.));
#63540=VECTOR('',#63530,1.);
#63550=LINE('',#63520,#63540);
#63560=CARTESIAN_POINT('',(37.115,57.6398126169906,-0.169800000000002));
#63570=VERTEX_POINT('',#63560);
#63580=EDGE_CURVE('',#63490,#63570,#63550,.T.);
#63590=ORIENTED_EDGE('',*,*,#63580,.F.);
#63600=CARTESIAN_POINT('',(37.115,57.5898126169906,-0.169800000000002));
#63610=DIRECTION('',(1.,0.,0.));
#63620=DIRECTION('',(0.,0.,-1.));
#63630=AXIS2_PLACEMENT_3D('',#63600,#63610,#63620);
#63640=CIRCLE('',#63630,0.0499999999999972);
#63650=CARTESIAN_POINT('',(37.115,57.5898126169906,-0.219799999999999));
#63660=VERTEX_POINT('',#63650);
#63670=EDGE_CURVE('',#63660,#63570,#63640,.T.);
#63680=ORIENTED_EDGE('',*,*,#63670,.T.);
#63690=CARTESIAN_POINT('',(37.115,57.5898126169906,-0.219799999999999));
#63700=DIRECTION('',(0.,-1.,0.));
#63710=VECTOR('',#63700,1.);
#63720=LINE('',#63690,#63710);
#63730=CARTESIAN_POINT('',(37.115,57.4798126169906,-0.219799999999997));
#63740=VERTEX_POINT('',#63730);
#63750=EDGE_CURVE('',#63660,#63740,#63720,.T.);
#63760=ORIENTED_EDGE('',*,*,#63750,.F.);
#63770=CARTESIAN_POINT('',(37.115,57.4798126169906,-0.0197999999999965))
;
#63780=DIRECTION('',(1.,0.,0.));
#63790=DIRECTION('',(0.,-1.,-1.1428358259735E-13));
#63800=AXIS2_PLACEMENT_3D('',#63770,#63780,#63790);
#63810=CIRCLE('',#63800,0.2);
#63820=CARTESIAN_POINT('',(37.115,57.2798126169906,-0.0197999999999924))
;
#63830=VERTEX_POINT('',#63820);
#63840=EDGE_CURVE('',#63830,#63740,#63810,.T.);
#63850=ORIENTED_EDGE('',*,*,#63840,.T.);
#63860=CARTESIAN_POINT('',(37.115,57.2798126169906,-0.0197999999999894))
;
#63870=DIRECTION('',(0.,3.55271367880071E-14,1.));
#63880=VECTOR('',#63870,1.);
#63890=LINE('',#63860,#63880);
#63900=CARTESIAN_POINT('',(37.115,57.2798126169906,0.180199999999999));
#63910=VERTEX_POINT('',#63900);
#63920=EDGE_CURVE('',#63830,#63910,#63890,.T.);
#63930=ORIENTED_EDGE('',*,*,#63920,.F.);
#63940=CARTESIAN_POINT('',(37.115,57.2798126169906,0.180199999999999));
#63950=DIRECTION('',(0.,-1.,0.));
#63960=VECTOR('',#63950,1.);
#63970=LINE('',#63940,#63960);
#63980=CARTESIAN_POINT('',(37.115,57.1698126169906,0.180199999999999));
#63990=VERTEX_POINT('',#63980);
#64000=EDGE_CURVE('',#63910,#63990,#63970,.T.);
#64010=ORIENTED_EDGE('',*,*,#64000,.F.);
#64020=CARTESIAN_POINT('',(37.115,57.1198126169906,0.0801999999999987));
#64030=DIRECTION('',(0.,0.447213595499937,0.894427190999926));
#64040=VECTOR('',#64030,1.);
#64050=LINE('',#64020,#64040);
#64060=CARTESIAN_POINT('',(37.115,57.1198126169906,0.0802000000000045));
#64070=VERTEX_POINT('',#64060);
#64080=EDGE_CURVE('',#64070,#63990,#64050,.T.);
#64090=ORIENTED_EDGE('',*,*,#64080,.T.);
#64100=CARTESIAN_POINT('',(37.115,57.1198126169906,0.0801999999999884));
#64110=DIRECTION('',(0.,-2.03012210217138E-14,-1.));
#64120=VECTOR('',#64110,1.);
#64130=LINE('',#64100,#64120);
#64140=CARTESIAN_POINT('',(37.115,57.1198126169906,-0.269800000000064));
#64150=VERTEX_POINT('',#64140);
#64160=EDGE_CURVE('',#64070,#64150,#64130,.T.);
#64170=ORIENTED_EDGE('',*,*,#64160,.F.);
#64180=CARTESIAN_POINT('',(37.115,57.3483611442579,-0.428751472731937));
#64190=DIRECTION('',(0.,-0.820970545353726,0.570970545353791));
#64200=VECTOR('',#64190,1.);
#64210=LINE('',#64180,#64200);
#64220=CARTESIAN_POINT('',(37.115,57.3483611442583,-0.428751472732327));
#64230=VERTEX_POINT('',#64220);
#64240=EDGE_CURVE('',#64230,#64150,#64210,.T.);
#64250=ORIENTED_EDGE('',*,*,#64240,.T.);
#64260=CARTESIAN_POINT('',(37.115,57.3387547027997,-0.516072608584969));
#64270=CARTESIAN_POINT('',(37.115,57.3446322022028,-0.513695043011451));
#64280=CARTESIAN_POINT('',(37.115,57.3546252504231,-0.507111725187102));
#64290=CARTESIAN_POINT('',(37.115,57.3655265219142,-0.492594635308068));
#64300=CARTESIAN_POINT('',(37.115,57.3705666557983,-0.475276000658582));
#64310=CARTESIAN_POINT('',(37.115,57.3693444407768,-0.457299976201224));
#64320=CARTESIAN_POINT('',(37.115,57.3617597154449,-0.440728529899512));
#64330=CARTESIAN_POINT('',(37.115,57.3534818907189,-0.432312861646513));
#64340=CARTESIAN_POINT('',(37.115,57.3483611442579,-0.428751472731937));
#64350=B_SPLINE_CURVE_WITH_KNOTS('',3,(#64260,#64270,#64280,#64290,
#64300,#64310,#64320,#64330,#64340),.UNSPECIFIED.,.F.,.F.,(4,1,1,1,1,1,4
),(0.,0.166666666666667,0.333333333333333,0.5,0.666666666666667,
0.833333333333333,1.),.UNSPECIFIED.);
#64360=CARTESIAN_POINT('',(37.115,57.3385626169906,-0.516151240544359));
#64370=VERTEX_POINT('',#64360);
#64380=EDGE_CURVE('',#64370,#64230,#64350,.T.);
#64390=ORIENTED_EDGE('',*,*,#64380,.T.);
#64400=CARTESIAN_POINT('',(37.115,57.3198126169906,-0.543961984870933));
#64410=CARTESIAN_POINT('',(37.115,57.3198126169906,-0.539793450358045));
#64420=CARTESIAN_POINT('',(37.115,57.3214117736041,-0.532152838569067));
#64430=CARTESIAN_POINT('',(37.115,57.3281679114994,-0.522068940513763));
#64440=CARTESIAN_POINT('',(37.115,57.3347929469409,-0.517675217738037));
#64450=CARTESIAN_POINT('',(37.115,57.3387547027997,-0.516072608584969));
#64460=B_SPLINE_CURVE_WITH_KNOTS('',3,(#64400,#64410,#64420,#64430,
#64440,#64450),.UNSPECIFIED.,.F.,.F.,(4,1,1,4),(0.,0.333333333333333,
0.666666666666667,1.),.UNSPECIFIED.);
#64470=CARTESIAN_POINT('',(37.115,57.3198126169906,-0.543961984870968));
#64480=VERTEX_POINT('',#64470);
#64490=EDGE_CURVE('',#64480,#64370,#64460,.T.);
#64500=ORIENTED_EDGE('',*,*,#64490,.T.);
#64510=CARTESIAN_POINT('',(37.115,57.3198126169906,-0.543961984870968));
#64520=DIRECTION('',(0.,0.,-1.));
#64530=VECTOR('',#64520,1.);
#64540=LINE('',#64510,#64530);
#64550=EDGE_CURVE('',#64480,#12010,#64540,.T.);
#64560=ORIENTED_EDGE('',*,*,#64550,.F.);
#64570=ORIENTED_EDGE('',*,*,#12020,.T.);
#64580=ORIENTED_EDGE('',*,*,#25710,.T.);
#64590=EDGE_LOOP('',(#64580,#64570,#64560,#64500,#64390,#64250,#64170,
#64090,#64010,#63930,#63850,#63760,#63680,#63590,#63510,#63430,#63340,
#63260,#63180));
#64600=FACE_OUTER_BOUND('',#64590,.T.);
#64610=ADVANCED_FACE('',(#64600),#63170,.T.);
#64620=CARTESIAN_POINT('',(37.2470024,58.5598126169906,
-0.689799999999998));
#64630=DIRECTION('',(0.,-1.,0.));
#64640=DIRECTION('',(0.,0.,-1.));
#64650=AXIS2_PLACEMENT_3D('',#64620,#64630,#64640);
#64660=PLANE('',#64650);
#64670=ORIENTED_EDGE('',*,*,#63250,.T.);
#64680=ORIENTED_EDGE('',*,*,#3860,.T.);
#64690=CARTESIAN_POINT('',(37.235,58.5598126169906,-0.519800000000004));
#64700=DIRECTION('',(0.,0.,1.));
#64710=VECTOR('',#64700,1.);
#64720=LINE('',#64690,#64710);
#64730=CARTESIAN_POINT('',(37.235,58.5598126169906,-0.469799999999999));
#64740=VERTEX_POINT('',#64730);
#64750=EDGE_CURVE('',#3770,#64740,#64720,.T.);
#64760=ORIENTED_EDGE('',*,*,#64750,.F.);
#64770=CARTESIAN_POINT('',(37.235,58.5598126169906,-0.469799999999999));
#64780=DIRECTION('',(-1.,0.,0.));
#64790=VECTOR('',#64780,1.);
#64800=LINE('',#64770,#64790);
#64810=EDGE_CURVE('',#64740,#63240,#64800,.T.);
#64820=ORIENTED_EDGE('',*,*,#64810,.F.);
#64830=EDGE_LOOP('',(#64820,#64760,#64680,#64670));
#64840=FACE_OUTER_BOUND('',#64830,.T.);
#64850=ADVANCED_FACE('',(#64840),#64660,.F.);
#64860=CARTESIAN_POINT('',(37.115,58.5098126169906,-0.469799999999999));
#64870=DIRECTION('',(0.,0.,-1.));
#64880=DIRECTION('',(0.,1.,0.));
#64890=AXIS2_PLACEMENT_3D('',#64860,#64870,#64880);
#64900=PLANE('',#64890);
#64910=ORIENTED_EDGE('',*,*,#64810,.T.);
#64920=CARTESIAN_POINT('',(37.235,58.5598126169906,-0.469799999999999));
#64930=DIRECTION('',(0.,-1.,0.));
#64940=VECTOR('',#64930,1.);
#64950=LINE('',#64920,#64940);
#64960=CARTESIAN_POINT('',(37.235,57.9398126169906,-0.469799999999998));
#64970=VERTEX_POINT('',#64960);
#64980=EDGE_CURVE('',#64740,#64970,#64950,.T.);
#64990=ORIENTED_EDGE('',*,*,#64980,.F.);
#65000=CARTESIAN_POINT('',(37.235,57.9398126169906,-0.469799999999998));
#65010=DIRECTION('',(-1.,0.,0.));
#65020=VECTOR('',#65010,1.);
#65030=LINE('',#65000,#65020);
#65040=EDGE_CURVE('',#64970,#63320,#65030,.T.);
#65050=ORIENTED_EDGE('',*,*,#65040,.F.);
#65060=ORIENTED_EDGE('',*,*,#63330,.T.);
#65070=EDGE_LOOP('',(#65060,#65050,#64990,#64910));
#65080=FACE_OUTER_BOUND('',#65070,.T.);
#65090=ADVANCED_FACE('',(#65080),#64900,.F.);
#65100=CARTESIAN_POINT('',(37.235,57.5510425259597,-1.96345794057089));
#65110=DIRECTION('',(-1.,0.,0.));
#65120=DIRECTION('',(0.,0.,1.));
#65130=AXIS2_PLACEMENT_3D('',#65100,#65110,#65120);
#65140=PLANE('',#65130);
#65150=ORIENTED_EDGE('',*,*,#64750,.T.);
#65160=ORIENTED_EDGE('',*,*,#3780,.T.);
#65170=CARTESIAN_POINT('',(37.235,57.3698126169906,-0.669800000000002));
#65180=DIRECTION('',(0.,0.,1.));
#65190=VECTOR('',#65180,1.);
#65200=LINE('',#65170,#65190);
#65210=EDGE_CURVE('',#12170,#3690,#65200,.T.);
#65220=ORIENTED_EDGE('',*,*,#65210,.T.);
#65230=ORIENTED_EDGE('',*,*,#12180,.T.);
#65240=CARTESIAN_POINT('',(37.235,57.3198126169906,-0.669800000000002));
#65250=DIRECTION('',(0.,0.,1.));
#65260=VECTOR('',#65250,1.);
#65270=LINE('',#65240,#65260);
#65280=CARTESIAN_POINT('',(37.235,57.3198126169906,-0.543961984870933));
#65290=VERTEX_POINT('',#65280);
#65300=EDGE_CURVE('',#12090,#65290,#65270,.T.);
#65310=ORIENTED_EDGE('',*,*,#65300,.F.);
#65320=CARTESIAN_POINT('',(37.235,57.3498126169906,-0.543961984870968));
#65330=DIRECTION('',(1.,0.,0.));
#65340=DIRECTION('',(0.,-0.374911485070116,0.927060612021954));
#65350=AXIS2_PLACEMENT_3D('',#65320,#65330,#65340);
#65360=CIRCLE('',#65350,0.03);
#65370=CARTESIAN_POINT('',(37.235,57.3385639447228,-0.516150703487101));
#65380=VERTEX_POINT('',#65370);
#65390=EDGE_CURVE('',#65380,#65290,#65360,.T.);
#65400=ORIENTED_EDGE('',*,*,#65390,.T.);
#65410=CARTESIAN_POINT('',(37.235,57.3198126169906,-0.469800000000014));
#65420=DIRECTION('',(-1.,0.,0.));
#65430=DIRECTION('',(0.,0.570970545220627,0.82097054544634));
#65440=AXIS2_PLACEMENT_3D('',#65410,#65420,#65430);
#65450=CIRCLE('',#65440,0.05);
#65460=CARTESIAN_POINT('',(37.235,57.3483611442549,-0.428751472730024));
#65470=VERTEX_POINT('',#65460);
#65480=EDGE_CURVE('',#65470,#65380,#65450,.T.);
#65490=ORIENTED_EDGE('',*,*,#65480,.T.);
#65500=CARTESIAN_POINT('',(37.235,57.1198126169906,-0.26979999999985));
#65510=DIRECTION('',(0.,0.820970545353749,-0.570970545353759));
#65520=VECTOR('',#65510,1.);
#65530=LINE('',#65500,#65520);
#65540=CARTESIAN_POINT('',(37.235,57.1198126169906,-0.26979999999996));
#65550=VERTEX_POINT('',#65540);
#65560=EDGE_CURVE('',#65550,#65470,#65530,.T.);
#65570=ORIENTED_EDGE('',*,*,#65560,.T.);
#65580=CARTESIAN_POINT('',(37.235,57.1198126169906,0.0802000000000218));
#65590=DIRECTION('',(0.,0.,-1.));
#65600=VECTOR('',#65590,1.);
#65610=LINE('',#65580,#65600);
#65620=CARTESIAN_POINT('',(37.235,57.1198126169906,0.0802000000000049));
#65630=VERTEX_POINT('',#65620);
#65640=EDGE_CURVE('',#65630,#65550,#65610,.T.);
#65650=ORIENTED_EDGE('',*,*,#65640,.T.);
#65660=CARTESIAN_POINT('',(37.235,57.1698126169906,0.180199999999999));
#65670=DIRECTION('',(0.,-0.44721359550002,-0.894427190999885));
#65680=VECTOR('',#65670,1.);
#65690=LINE('',#65660,#65680);
#65700=CARTESIAN_POINT('',(37.235,57.1698126169906,0.180199999999999));
#65710=VERTEX_POINT('',#65700);
#65720=EDGE_CURVE('',#65710,#65630,#65690,.T.);
#65730=ORIENTED_EDGE('',*,*,#65720,.T.);
#65740=CARTESIAN_POINT('',(37.235,57.2798126169906,0.180199999999999));
#65750=DIRECTION('',(0.,-1.,0.));
#65760=VECTOR('',#65750,1.);
#65770=LINE('',#65740,#65760);
#65780=CARTESIAN_POINT('',(37.235,57.2798126169906,0.180199999999999));
#65790=VERTEX_POINT('',#65780);
#65800=EDGE_CURVE('',#65790,#65710,#65770,.T.);
#65810=ORIENTED_EDGE('',*,*,#65800,.T.);
#65820=CARTESIAN_POINT('',(37.235,57.2798126169906,-0.0197999999999534))
;
#65830=DIRECTION('',(0.,0.,1.));
#65840=VECTOR('',#65830,1.);
#65850=LINE('',#65820,#65840);
#65860=CARTESIAN_POINT('',(37.235,57.2798126169906,-0.0197999999999714))
;
#65870=VERTEX_POINT('',#65860);
#65880=EDGE_CURVE('',#65870,#65790,#65850,.T.);
#65890=ORIENTED_EDGE('',*,*,#65880,.T.);
#65900=CARTESIAN_POINT('',(37.235,57.4798126169906,-0.0197999999999965))
;
#65910=DIRECTION('',(-1.,0.,-0.));
#65920=DIRECTION('',(0.,1.20792265079217E-12,-1.));
#65930=AXIS2_PLACEMENT_3D('',#65900,#65910,#65920);
#65940=CIRCLE('',#65930,0.2);
#65950=CARTESIAN_POINT('',(37.235,57.4798126169907,-0.219799999999999));
#65960=VERTEX_POINT('',#65950);
#65970=EDGE_CURVE('',#65960,#65870,#65940,.T.);
#65980=ORIENTED_EDGE('',*,*,#65970,.T.);
#65990=CARTESIAN_POINT('',(37.235,57.5898126169906,-0.219799999999999));
#66000=DIRECTION('',(0.,-1.,0.));
#66010=VECTOR('',#66000,1.);
#66020=LINE('',#65990,#66010);
#66030=CARTESIAN_POINT('',(37.235,57.5898126169906,-0.219799999999999));
#66040=VERTEX_POINT('',#66030);
#66050=EDGE_CURVE('',#66040,#65960,#66020,.T.);
#66060=ORIENTED_EDGE('',*,*,#66050,.T.);
#66070=CARTESIAN_POINT('',(37.235,57.5898126169906,-0.169800000000002));
#66080=DIRECTION('',(-1.,0.,0.));
#66090=DIRECTION('',(0.,1.,1.11022302462522E-15));
#66100=AXIS2_PLACEMENT_3D('',#66070,#66080,#66090);
#66110=CIRCLE('',#66100,0.0499999999999972);
#66120=CARTESIAN_POINT('',(37.235,57.6398126169906,-0.169800000000002));
#66130=VERTEX_POINT('',#66120);
#66140=EDGE_CURVE('',#66130,#66040,#66110,.T.);
#66150=ORIENTED_EDGE('',*,*,#66140,.T.);
#66160=CARTESIAN_POINT('',(37.235,57.6398126169906,-0.169800000000002));
#66170=DIRECTION('',(0.,1.,0.));
#66180=VECTOR('',#66170,1.);
#66190=LINE('',#66160,#66180);
#66200=CARTESIAN_POINT('',(37.235,57.8398126169906,-0.169800000000002));
#66210=VERTEX_POINT('',#66200);
#66220=EDGE_CURVE('',#66130,#66210,#66190,.T.);
#66230=ORIENTED_EDGE('',*,*,#66220,.F.);
#66240=CARTESIAN_POINT('',(37.235,57.8398126169906,-0.169800000000002));
#66250=DIRECTION('',(0.,0.,-1.));
#66260=VECTOR('',#66250,1.);
#66270=LINE('',#66240,#66260);
#66280=CARTESIAN_POINT('',(37.235,57.8398126169906,-0.369799999999998));
#66290=VERTEX_POINT('',#66280);
#66300=EDGE_CURVE('',#66210,#66290,#66270,.T.);
#66310=ORIENTED_EDGE('',*,*,#66300,.F.);
#66320=CARTESIAN_POINT('',(37.235,57.9398126169906,-0.369799999999998));
#66330=DIRECTION('',(-1.,0.,-0.));
#66340=DIRECTION('',(0.,8.5265128291212E-13,-1.));
#66350=AXIS2_PLACEMENT_3D('',#66320,#66330,#66340);
#66360=CIRCLE('',#66350,0.1);
#66370=EDGE_CURVE('',#64970,#66290,#66360,.T.);
#66380=ORIENTED_EDGE('',*,*,#66370,.T.);
#66390=ORIENTED_EDGE('',*,*,#64980,.T.);
#66400=EDGE_LOOP('',(#66390,#66380,#66310,#66230,#66150,#66060,#65980,
#65890,#65810,#65730,#65650,#65570,#65490,#65400,#65310,#65230,#65220,
#65160,#65150));
#66410=FACE_OUTER_BOUND('',#66400,.T.);
#66420=ADVANCED_FACE('',(#66410),#65140,.F.);
#66430=CARTESIAN_POINT('',(14.68875,57.3698126169906,-0.594799999999999)
);
#66440=DIRECTION('',(0.,-1.,2.77555756156289E-16));
#66450=DIRECTION('',(1.,0.,0.));
#66460=AXIS2_PLACEMENT_3D('',#66430,#66440,#66450);
#66470=PLANE('',#66460);
#66480=ORIENTED_EDGE('',*,*,#12260,.F.);
#66490=ORIENTED_EDGE('',*,*,#65210,.F.);
#66500=ORIENTED_EDGE('',*,*,#3700,.F.);
#66510=CARTESIAN_POINT('',(37.615,57.3698126169906,-0.669800000000002));
#66520=DIRECTION('',(0.,0.,1.));
#66530=VECTOR('',#66520,1.);
#66540=LINE('',#66510,#66530);
#66550=EDGE_CURVE('',#12250,#3610,#66540,.T.);
#66560=ORIENTED_EDGE('',*,*,#66550,.T.);
#66570=EDGE_LOOP('',(#66560,#66500,#66490,#66480));
#66580=FACE_OUTER_BOUND('',#66570,.T.);
#66590=ADVANCED_FACE('',(#66580),#66470,.T.);
#66600=CARTESIAN_POINT('',(37.615,57.5482789987394,-1.96345794057091));
#66610=DIRECTION('',(-1.,0.,0.));
#66620=DIRECTION('',(0.,0.,1.));
#66630=AXIS2_PLACEMENT_3D('',#66600,#66610,#66620);
#66640=PLANE('',#66630);
#66650=CARTESIAN_POINT('',(37.615,58.5598126169906,-0.469799999999999));
#66660=DIRECTION('',(0.,-1.,0.));
#66670=VECTOR('',#66660,1.);
#66680=LINE('',#66650,#66670);
#66690=CARTESIAN_POINT('',(37.615,58.5598126169906,-0.469799999999999));
#66700=VERTEX_POINT('',#66690);
#66710=CARTESIAN_POINT('',(37.615,57.9398126169906,-0.469799999999998));
#66720=VERTEX_POINT('',#66710);
#66730=EDGE_CURVE('',#66700,#66720,#66680,.T.);
#66740=ORIENTED_EDGE('',*,*,#66730,.F.);
#66750=CARTESIAN_POINT('',(37.615,57.9398126169906,-0.369799999999998));
#66760=DIRECTION('',(1.,0.,0.));
#66770=DIRECTION('',(0.,-1.,1.11022302462514E-15));
#66780=AXIS2_PLACEMENT_3D('',#66750,#66760,#66770);
#66790=CIRCLE('',#66780,0.1);
#66800=CARTESIAN_POINT('',(37.615,57.8398126169906,-0.369799999999998));
#66810=VERTEX_POINT('',#66800);
#66820=EDGE_CURVE('',#66810,#66720,#66790,.T.);
#66830=ORIENTED_EDGE('',*,*,#66820,.T.);
#66840=CARTESIAN_POINT('',(37.615,57.8398126169906,-0.169800000000002));
#66850=DIRECTION('',(0.,0.,-1.));
#66860=VECTOR('',#66850,1.);
#66870=LINE('',#66840,#66860);
#66880=CARTESIAN_POINT('',(37.615,57.8398126169906,-0.169800000000002));
#66890=VERTEX_POINT('',#66880);
#66900=EDGE_CURVE('',#66890,#66810,#66870,.T.);
#66910=ORIENTED_EDGE('',*,*,#66900,.T.);
#66920=CARTESIAN_POINT('',(37.615,57.6398126169906,-0.169800000000002));
#66930=DIRECTION('',(0.,1.,0.));
#66940=VECTOR('',#66930,1.);
#66950=LINE('',#66920,#66940);
#66960=CARTESIAN_POINT('',(37.615,57.6398126169906,-0.169800000000002));
#66970=VERTEX_POINT('',#66960);
#66980=EDGE_CURVE('',#66970,#66890,#66950,.T.);
#66990=ORIENTED_EDGE('',*,*,#66980,.T.);
#67000=CARTESIAN_POINT('',(37.615,57.5898126169906,-0.169800000000002));
#67010=DIRECTION('',(1.,0.,0.));
#67020=DIRECTION('',(0.,0.,-1.));
#67030=AXIS2_PLACEMENT_3D('',#67000,#67010,#67020);
#67040=CIRCLE('',#67030,0.0499999999999972);
#67050=CARTESIAN_POINT('',(37.615,57.5898126169906,-0.219799999999999));
#67060=VERTEX_POINT('',#67050);
#67070=EDGE_CURVE('',#67060,#66970,#67040,.T.);
#67080=ORIENTED_EDGE('',*,*,#67070,.T.);
#67090=CARTESIAN_POINT('',(37.615,57.5898126169906,-0.219799999999999));
#67100=DIRECTION('',(0.,-1.,0.));
#67110=VECTOR('',#67100,1.);
#67120=LINE('',#67090,#67110);
#67130=CARTESIAN_POINT('',(37.615,57.4798126169906,-0.219799999999997));
#67140=VERTEX_POINT('',#67130);
#67150=EDGE_CURVE('',#67060,#67140,#67120,.T.);
#67160=ORIENTED_EDGE('',*,*,#67150,.F.);
#67170=CARTESIAN_POINT('',(37.615,57.4798126169906,-0.0197999999999965))
;
#67180=DIRECTION('',(1.,0.,0.));
#67190=DIRECTION('',(0.,-1.,-1.5298179389944E-12));
#67200=AXIS2_PLACEMENT_3D('',#67170,#67180,#67190);
#67210=CIRCLE('',#67200,0.2);
#67220=CARTESIAN_POINT('',(37.615,57.2798126169906,-0.0197999999999924))
;
#67230=VERTEX_POINT('',#67220);
#67240=EDGE_CURVE('',#67230,#67140,#67210,.T.);
#67250=ORIENTED_EDGE('',*,*,#67240,.T.);
#67260=CARTESIAN_POINT('',(37.615,57.2798126169906,-0.0197999999999894))
;
#67270=DIRECTION('',(0.,3.55271367880071E-14,1.));
#67280=VECTOR('',#67270,1.);
#67290=LINE('',#67260,#67280);
#67300=CARTESIAN_POINT('',(37.615,57.2798126169906,0.180199999999999));
#67310=VERTEX_POINT('',#67300);
#67320=EDGE_CURVE('',#67230,#67310,#67290,.T.);
#67330=ORIENTED_EDGE('',*,*,#67320,.F.);
#67340=CARTESIAN_POINT('',(37.615,57.2798126169906,0.180199999999999));
#67350=DIRECTION('',(0.,-1.,0.));
#67360=VECTOR('',#67350,1.);
#67370=LINE('',#67340,#67360);
#67380=CARTESIAN_POINT('',(37.615,57.1698126169906,0.180199999999999));
#67390=VERTEX_POINT('',#67380);
#67400=EDGE_CURVE('',#67310,#67390,#67370,.T.);
#67410=ORIENTED_EDGE('',*,*,#67400,.F.);
#67420=CARTESIAN_POINT('',(37.615,57.1198126169906,0.0801999999999587));
#67430=DIRECTION('',(0.,0.447213595499794,0.894427190999998));
#67440=VECTOR('',#67430,1.);
#67450=LINE('',#67420,#67440);
#67460=CARTESIAN_POINT('',(37.615,57.1198126169906,0.0802000000000045));
#67470=VERTEX_POINT('',#67460);
#67480=EDGE_CURVE('',#67470,#67390,#67450,.T.);
#67490=ORIENTED_EDGE('',*,*,#67480,.T.);
#67500=CARTESIAN_POINT('',(37.615,57.1198126169906,0.0801999999999884));
#67510=DIRECTION('',(0.,-2.03012210217138E-14,-1.));
#67520=VECTOR('',#67510,1.);
#67530=LINE('',#67500,#67520);
#67540=CARTESIAN_POINT('',(37.615,57.1198126169906,-0.269800000000064));
#67550=VERTEX_POINT('',#67540);
#67560=EDGE_CURVE('',#67470,#67550,#67530,.T.);
#67570=ORIENTED_EDGE('',*,*,#67560,.F.);
#67580=CARTESIAN_POINT('',(37.615,57.3483611442573,-0.428751472731469));
#67590=DIRECTION('',(0.,-0.82097054535371,0.570970545353815));
#67600=VECTOR('',#67590,1.);
#67610=LINE('',#67580,#67600);
#67620=CARTESIAN_POINT('',(37.615,57.3483611442583,-0.428751472732327));
#67630=VERTEX_POINT('',#67620);
#67640=EDGE_CURVE('',#67630,#67550,#67610,.T.);
#67650=ORIENTED_EDGE('',*,*,#67640,.T.);
#67660=CARTESIAN_POINT('',(37.615,57.3198126169906,-0.469800000000014));
#67670=DIRECTION('',(1.,0.,0.));
#67680=DIRECTION('',(0.,0.374811115296582,-0.927101196121617));
#67690=AXIS2_PLACEMENT_3D('',#67660,#67670,#67680);
#67700=CIRCLE('',#67690,0.05);
#67710=CARTESIAN_POINT('',(37.615,57.3385626169906,-0.516151240544359));
#67720=VERTEX_POINT('',#67710);
#67730=EDGE_CURVE('',#67720,#67630,#67700,.T.);
#67740=ORIENTED_EDGE('',*,*,#67730,.T.);
#67750=CARTESIAN_POINT('',(37.615,57.3498126169906,-0.543961984870968));
#67760=DIRECTION('',(-1.,0.,0.));
#67770=DIRECTION('',(0.,-1.,1.4144241333724E-11));
#67780=AXIS2_PLACEMENT_3D('',#67750,#67760,#67770);
#67790=CIRCLE('',#67780,0.03);
#67800=CARTESIAN_POINT('',(37.615,57.3198126169906,-0.543961984870968));
#67810=VERTEX_POINT('',#67800);
#67820=EDGE_CURVE('',#67810,#67720,#67790,.T.);
#67830=ORIENTED_EDGE('',*,*,#67820,.T.);
#67840=CARTESIAN_POINT('',(37.615,57.3198126169906,-0.669800000000002));
#67850=DIRECTION('',(0.,0.,1.));
#67860=VECTOR('',#67850,1.);
#67870=LINE('',#67840,#67860);
#67880=EDGE_CURVE('',#12330,#67810,#67870,.T.);
#67890=ORIENTED_EDGE('',*,*,#67880,.T.);
#67900=ORIENTED_EDGE('',*,*,#12340,.F.);
#67910=ORIENTED_EDGE('',*,*,#66550,.F.);
#67920=ORIENTED_EDGE('',*,*,#3620,.F.);
#67930=CARTESIAN_POINT('',(37.615,58.5598126169906,-0.519800000000004));
#67940=DIRECTION('',(0.,0.,1.));
#67950=VECTOR('',#67940,1.);
#67960=LINE('',#67930,#67950);
#67970=EDGE_CURVE('',#3530,#66700,#67960,.T.);
#67980=ORIENTED_EDGE('',*,*,#67970,.F.);
#67990=EDGE_LOOP('',(#67980,#67920,#67910,#67900,#67890,#67830,#67740,
#67650,#67570,#67490,#67410,#67330,#67250,#67160,#67080,#66990,#66910,
#66830,#66740));
#68000=FACE_OUTER_BOUND('',#67990,.T.);
#68010=ADVANCED_FACE('',(#68000),#66640,.T.);
#68020=CARTESIAN_POINT('',(37.7470024,58.5598126169906,
-0.689799999999998));
#68030=DIRECTION('',(0.,-1.,0.));
#68040=DIRECTION('',(0.,0.,-1.));
#68050=AXIS2_PLACEMENT_3D('',#68020,#68030,#68040);
#68060=PLANE('',#68050);
#68070=ORIENTED_EDGE('',*,*,#67970,.T.);
#68080=ORIENTED_EDGE('',*,*,#3540,.T.);
#68090=CARTESIAN_POINT('',(37.735,58.5598126169906,-0.519800000000004));
#68100=DIRECTION('',(0.,0.,1.));
#68110=VECTOR('',#68100,1.);
#68120=LINE('',#68090,#68110);
#68130=CARTESIAN_POINT('',(37.735,58.5598126169906,-0.469799999999999));
#68140=VERTEX_POINT('',#68130);
#68150=EDGE_CURVE('',#3450,#68140,#68120,.T.);
#68160=ORIENTED_EDGE('',*,*,#68150,.F.);
#68170=CARTESIAN_POINT('',(37.735,58.5598126169906,-0.469799999999999));
#68180=DIRECTION('',(-1.,0.,0.));
#68190=VECTOR('',#68180,1.);
#68200=LINE('',#68170,#68190);
#68210=EDGE_CURVE('',#68140,#66700,#68200,.T.);
#68220=ORIENTED_EDGE('',*,*,#68210,.F.);
#68230=EDGE_LOOP('',(#68220,#68160,#68080,#68070));
#68240=FACE_OUTER_BOUND('',#68230,.T.);
#68250=ADVANCED_FACE('',(#68240),#68060,.F.);
#68260=CARTESIAN_POINT('',(37.615,58.5098126169906,-0.469799999999999));
#68270=DIRECTION('',(0.,0.,-1.));
#68280=DIRECTION('',(0.,1.,0.));
#68290=AXIS2_PLACEMENT_3D('',#68260,#68270,#68280);
#68300=PLANE('',#68290);
#68310=ORIENTED_EDGE('',*,*,#68210,.T.);
#68320=CARTESIAN_POINT('',(37.735,58.5598126169906,-0.469799999999999));
#68330=DIRECTION('',(0.,-1.,0.));
#68340=VECTOR('',#68330,1.);
#68350=LINE('',#68320,#68340);
#68360=CARTESIAN_POINT('',(37.735,57.9398126169906,-0.469799999999998));
#68370=VERTEX_POINT('',#68360);
#68380=EDGE_CURVE('',#68140,#68370,#68350,.T.);
#68390=ORIENTED_EDGE('',*,*,#68380,.F.);
#68400=CARTESIAN_POINT('',(37.735,57.9398126169906,-0.469799999999998));
#68410=DIRECTION('',(-1.,0.,0.));
#68420=VECTOR('',#68410,1.);
#68430=LINE('',#68400,#68420);
#68440=EDGE_CURVE('',#68370,#66720,#68430,.T.);
#68450=ORIENTED_EDGE('',*,*,#68440,.F.);
#68460=ORIENTED_EDGE('',*,*,#66730,.T.);
#68470=EDGE_LOOP('',(#68460,#68450,#68390,#68310));
#68480=FACE_OUTER_BOUND('',#68470,.T.);
#68490=ADVANCED_FACE('',(#68480),#68300,.F.);
#68500=CARTESIAN_POINT('',(37.735,57.5510425259597,-1.96345794057089));
#68510=DIRECTION('',(-1.,0.,0.));
#68520=DIRECTION('',(0.,0.,1.));
#68530=AXIS2_PLACEMENT_3D('',#68500,#68510,#68520);
#68540=PLANE('',#68530);
#68550=ORIENTED_EDGE('',*,*,#68150,.T.);
#68560=ORIENTED_EDGE('',*,*,#3460,.T.);
#68570=CARTESIAN_POINT('',(37.735,57.3698126169906,-0.669800000000002));
#68580=DIRECTION('',(0.,0.,1.));
#68590=VECTOR('',#68580,1.);
#68600=LINE('',#68570,#68590);
#68610=EDGE_CURVE('',#12490,#3370,#68600,.T.);
#68620=ORIENTED_EDGE('',*,*,#68610,.T.);
#68630=ORIENTED_EDGE('',*,*,#12500,.T.);
#68640=CARTESIAN_POINT('',(37.735,57.3198126169906,-0.669800000000002));
#68650=DIRECTION('',(0.,0.,1.));
#68660=VECTOR('',#68650,1.);
#68670=LINE('',#68640,#68660);
#68680=CARTESIAN_POINT('',(37.735,57.3198126169906,-0.543961984870933));
#68690=VERTEX_POINT('',#68680);
#68700=EDGE_CURVE('',#12410,#68690,#68670,.T.);
#68710=ORIENTED_EDGE('',*,*,#68700,.F.);
#68720=CARTESIAN_POINT('',(37.735,57.3498126169906,-0.543961984870968));
#68730=DIRECTION('',(1.,0.,0.));
#68740=DIRECTION('',(0.,-0.374911464723971,0.927060620250114));
#68750=AXIS2_PLACEMENT_3D('',#68720,#68730,#68740);
#68760=CIRCLE('',#68750,0.03);
#68770=CARTESIAN_POINT('',(37.735,57.338563945028,-0.51615070336366));
#68780=VERTEX_POINT('',#68770);
#68790=EDGE_CURVE('',#68780,#68690,#68760,.T.);
#68800=ORIENTED_EDGE('',*,*,#68790,.T.);
#68810=CARTESIAN_POINT('',(37.735,57.3198126169906,-0.469800000000014));
#68820=DIRECTION('',(-1.,0.,0.));
#68830=DIRECTION('',(0.,0.570970545217614,0.820970545448435));
#68840=AXIS2_PLACEMENT_3D('',#68810,#68820,#68830);
#68850=CIRCLE('',#68840,0.05);
#68860=CARTESIAN_POINT('',(37.735,57.3483611442548,-0.428751472729972));
#68870=VERTEX_POINT('',#68860);
#68880=EDGE_CURVE('',#68870,#68780,#68850,.T.);
#68890=ORIENTED_EDGE('',*,*,#68880,.T.);
#68900=CARTESIAN_POINT('',(37.735,57.1198126169906,-0.26979999999985));
#68910=DIRECTION('',(0.,0.820970545353764,-0.570970545353736));
#68920=VECTOR('',#68910,1.);
#68930=LINE('',#68900,#68920);
#68940=CARTESIAN_POINT('',(37.735,57.1198126169906,-0.26979999999996));
#68950=VERTEX_POINT('',#68940);
#68960=EDGE_CURVE('',#68950,#68870,#68930,.T.);
#68970=ORIENTED_EDGE('',*,*,#68960,.T.);
#68980=CARTESIAN_POINT('',(37.735,57.1198126169906,0.0802000000000027));
#68990=DIRECTION('',(0.,0.,-1.));
#69000=VECTOR('',#68990,1.);
#69010=LINE('',#68980,#69000);
#69020=CARTESIAN_POINT('',(37.735,57.1198126169906,0.0801999999999983));
#69030=VERTEX_POINT('',#69020);
#69040=EDGE_CURVE('',#69030,#68950,#69010,.T.);
#69050=ORIENTED_EDGE('',*,*,#69040,.T.);
#69060=CARTESIAN_POINT('',(37.735,57.1698126169906,0.180199999999999));
#69070=DIRECTION('',(0.,-0.447213595499952,-0.894427190999919));
#69080=VECTOR('',#69070,1.);
#69090=LINE('',#69060,#69080);
#69100=CARTESIAN_POINT('',(37.735,57.1698126169906,0.180199999999999));
#69110=VERTEX_POINT('',#69100);
#69120=EDGE_CURVE('',#69110,#69030,#69090,.T.);
#69130=ORIENTED_EDGE('',*,*,#69120,.T.);
#69140=CARTESIAN_POINT('',(37.735,57.2798126169906,0.180199999999999));
#69150=DIRECTION('',(0.,-1.,0.));
#69160=VECTOR('',#69150,1.);
#69170=LINE('',#69140,#69160);
#69180=CARTESIAN_POINT('',(37.735,57.2798126169906,0.180199999999999));
#69190=VERTEX_POINT('',#69180);
#69200=EDGE_CURVE('',#69190,#69110,#69170,.T.);
#69210=ORIENTED_EDGE('',*,*,#69200,.T.);
#69220=CARTESIAN_POINT('',(37.735,57.2798126169906,-0.0197999999999534))
;
#69230=DIRECTION('',(0.,0.,1.));
#69240=VECTOR('',#69230,1.);
#69250=LINE('',#69220,#69240);
#69260=CARTESIAN_POINT('',(37.735,57.2798126169906,-0.0197999999999714))
;
#69270=VERTEX_POINT('',#69260);
#69280=EDGE_CURVE('',#69270,#69190,#69250,.T.);
#69290=ORIENTED_EDGE('',*,*,#69280,.T.);
#69300=CARTESIAN_POINT('',(37.735,57.4798126169906,-0.0197999999999965))
;
#69310=DIRECTION('',(-1.,0.,-0.));
#69320=DIRECTION('',(0.,1.20792265079217E-12,-1.));
#69330=AXIS2_PLACEMENT_3D('',#69300,#69310,#69320);
#69340=CIRCLE('',#69330,0.2);
#69350=CARTESIAN_POINT('',(37.735,57.4798126169907,-0.219799999999996));
#69360=VERTEX_POINT('',#69350);
#69370=EDGE_CURVE('',#69360,#69270,#69340,.T.);
#69380=ORIENTED_EDGE('',*,*,#69370,.T.);
#69390=CARTESIAN_POINT('',(37.735,57.5898126169906,-0.219799999999999));
#69400=DIRECTION('',(0.,-1.,0.));
#69410=VECTOR('',#69400,1.);
#69420=LINE('',#69390,#69410);
#69430=CARTESIAN_POINT('',(37.735,57.5898126169906,-0.219799999999999));
#69440=VERTEX_POINT('',#69430);
#69450=EDGE_CURVE('',#69440,#69360,#69420,.T.);
#69460=ORIENTED_EDGE('',*,*,#69450,.T.);
#69470=CARTESIAN_POINT('',(37.735,57.5898126169906,-0.169800000000002));
#69480=DIRECTION('',(-1.,0.,0.));
#69490=DIRECTION('',(0.,1.,1.11022302462522E-15));
#69500=AXIS2_PLACEMENT_3D('',#69470,#69480,#69490);
#69510=CIRCLE('',#69500,0.0499999999999972);
#69520=CARTESIAN_POINT('',(37.735,57.6398126169906,-0.169800000000002));
#69530=VERTEX_POINT('',#69520);
#69540=EDGE_CURVE('',#69530,#69440,#69510,.T.);
#69550=ORIENTED_EDGE('',*,*,#69540,.T.);
#69560=CARTESIAN_POINT('',(37.735,57.6398126169906,-0.169800000000002));
#69570=DIRECTION('',(0.,1.,0.));
#69580=VECTOR('',#69570,1.);
#69590=LINE('',#69560,#69580);
#69600=CARTESIAN_POINT('',(37.735,57.8398126169906,-0.169800000000002));
#69610=VERTEX_POINT('',#69600);
#69620=EDGE_CURVE('',#69530,#69610,#69590,.T.);
#69630=ORIENTED_EDGE('',*,*,#69620,.F.);
#69640=CARTESIAN_POINT('',(37.735,57.8398126169906,-0.169800000000002));
#69650=DIRECTION('',(0.,0.,-1.));
#69660=VECTOR('',#69650,1.);
#69670=LINE('',#69640,#69660);
#69680=CARTESIAN_POINT('',(37.735,57.8398126169906,-0.369799999999998));
#69690=VERTEX_POINT('',#69680);
#69700=EDGE_CURVE('',#69610,#69690,#69670,.T.);
#69710=ORIENTED_EDGE('',*,*,#69700,.F.);
#69720=CARTESIAN_POINT('',(37.735,57.9398126169906,-0.369799999999998));
#69730=DIRECTION('',(-1.,0.,-0.));
#69740=DIRECTION('',(0.,8.5265128291212E-13,-1.));
#69750=AXIS2_PLACEMENT_3D('',#69720,#69730,#69740);
#69760=CIRCLE('',#69750,0.1);
#69770=EDGE_CURVE('',#68370,#69690,#69760,.T.);
#69780=ORIENTED_EDGE('',*,*,#69770,.T.);
#69790=ORIENTED_EDGE('',*,*,#68380,.T.);
#69800=EDGE_LOOP('',(#69790,#69780,#69710,#69630,#69550,#69460,#69380,
#69290,#69210,#69130,#69050,#68970,#68890,#68800,#68710,#68630,#68620,
#68560,#68550));
#69810=FACE_OUTER_BOUND('',#69800,.T.);
#69820=ADVANCED_FACE('',(#69810),#68540,.F.);
#69830=CARTESIAN_POINT('',(14.68875,57.3698126169906,-0.594799999999999)
);
#69840=DIRECTION('',(0.,-1.,2.77555756156289E-16));
#69850=DIRECTION('',(1.,0.,0.));
#69860=AXIS2_PLACEMENT_3D('',#69830,#69840,#69850);
#69870=PLANE('',#69860);
#69880=ORIENTED_EDGE('',*,*,#12580,.F.);
#69890=ORIENTED_EDGE('',*,*,#68610,.F.);
#69900=ORIENTED_EDGE('',*,*,#3380,.F.);
#69910=CARTESIAN_POINT('',(38.115,57.3698126169906,-0.669800000000002));
#69920=DIRECTION('',(0.,0.,1.));
#69930=VECTOR('',#69920,1.);
#69940=LINE('',#69910,#69930);
#69950=EDGE_CURVE('',#12570,#3290,#69940,.T.);
#69960=ORIENTED_EDGE('',*,*,#69950,.T.);
#69970=EDGE_LOOP('',(#69960,#69900,#69890,#69880));
#69980=FACE_OUTER_BOUND('',#69970,.T.);
#69990=ADVANCED_FACE('',(#69980),#69870,.T.);
#70000=CARTESIAN_POINT('',(38.115,57.5482789987394,-1.96345794057091));
#70010=DIRECTION('',(-1.,0.,0.));
#70020=DIRECTION('',(0.,0.,1.));
#70030=AXIS2_PLACEMENT_3D('',#70000,#70010,#70020);
#70040=PLANE('',#70030);
#70050=CARTESIAN_POINT('',(38.115,58.5598126169906,-0.469799999999999));
#70060=DIRECTION('',(0.,-1.,0.));
#70070=VECTOR('',#70060,1.);
#70080=LINE('',#70050,#70070);
#70090=CARTESIAN_POINT('',(38.115,58.5598126169906,-0.469799999999999));
#70100=VERTEX_POINT('',#70090);
#70110=CARTESIAN_POINT('',(38.115,57.9398126169906,-0.469799999999998));
#70120=VERTEX_POINT('',#70110);
#70130=EDGE_CURVE('',#70100,#70120,#70080,.T.);
#70140=ORIENTED_EDGE('',*,*,#70130,.F.);
#70150=CARTESIAN_POINT('',(38.115,57.9398126169906,-0.369799999999998));
#70160=DIRECTION('',(1.,0.,0.));
#70170=DIRECTION('',(0.,-1.,1.11022302462514E-15));
#70180=AXIS2_PLACEMENT_3D('',#70150,#70160,#70170);
#70190=CIRCLE('',#70180,0.1);
#70200=CARTESIAN_POINT('',(38.115,57.8398126169906,-0.369799999999998));
#70210=VERTEX_POINT('',#70200);
#70220=EDGE_CURVE('',#70210,#70120,#70190,.T.);
#70230=ORIENTED_EDGE('',*,*,#70220,.T.);
#70240=CARTESIAN_POINT('',(38.115,57.8398126169906,-0.169800000000002));
#70250=DIRECTION('',(0.,0.,-1.));
#70260=VECTOR('',#70250,1.);
#70270=LINE('',#70240,#70260);
#70280=CARTESIAN_POINT('',(38.115,57.8398126169906,-0.169800000000002));
#70290=VERTEX_POINT('',#70280);
#70300=EDGE_CURVE('',#70290,#70210,#70270,.T.);
#70310=ORIENTED_EDGE('',*,*,#70300,.T.);
#70320=CARTESIAN_POINT('',(38.115,57.6398126169906,-0.169800000000002));
#70330=DIRECTION('',(0.,1.,0.));
#70340=VECTOR('',#70330,1.);
#70350=LINE('',#70320,#70340);
#70360=CARTESIAN_POINT('',(38.115,57.6398126169906,-0.169800000000002));
#70370=VERTEX_POINT('',#70360);
#70380=EDGE_CURVE('',#70370,#70290,#70350,.T.);
#70390=ORIENTED_EDGE('',*,*,#70380,.T.);
#70400=CARTESIAN_POINT('',(38.115,57.5898126169906,-0.169800000000002));
#70410=DIRECTION('',(1.,0.,0.));
#70420=DIRECTION('',(0.,0.,-1.));
#70430=AXIS2_PLACEMENT_3D('',#70400,#70410,#70420);
#70440=CIRCLE('',#70430,0.0499999999999972);
#70450=CARTESIAN_POINT('',(38.115,57.5898126169906,-0.219799999999999));
#70460=VERTEX_POINT('',#70450);
#70470=EDGE_CURVE('',#70460,#70370,#70440,.T.);
#70480=ORIENTED_EDGE('',*,*,#70470,.T.);
#70490=CARTESIAN_POINT('',(38.115,57.5898126169906,-0.219799999999999));
#70500=DIRECTION('',(0.,-1.,0.));
#70510=VECTOR('',#70500,1.);
#70520=LINE('',#70490,#70510);
#70530=CARTESIAN_POINT('',(38.115,57.4798126169906,-0.219799999999996));
#70540=VERTEX_POINT('',#70530);
#70550=EDGE_CURVE('',#70460,#70540,#70520,.T.);
#70560=ORIENTED_EDGE('',*,*,#70550,.F.);
#70570=CARTESIAN_POINT('',(38.115,57.4798126169906,-0.0197999999999965))
;
#70580=DIRECTION('',(1.,0.,0.));
#70590=DIRECTION('',(0.,-1.,-1.5298179389944E-12));
#70600=AXIS2_PLACEMENT_3D('',#70570,#70580,#70590);
#70610=CIRCLE('',#70600,0.2);
#70620=CARTESIAN_POINT('',(38.115,57.2798126169906,-0.0198000000001459))
;
#70630=VERTEX_POINT('',#70620);
#70640=EDGE_CURVE('',#70630,#70540,#70610,.T.);
#70650=ORIENTED_EDGE('',*,*,#70640,.T.);
#70660=CARTESIAN_POINT('',(38.115,57.2798126169906,-0.0197999999999894))
;
#70670=DIRECTION('',(0.,3.55271367880071E-14,1.));
#70680=VECTOR('',#70670,1.);
#70690=LINE('',#70660,#70680);
#70700=CARTESIAN_POINT('',(38.115,57.2798126169906,0.180199999999999));
#70710=VERTEX_POINT('',#70700);
#70720=EDGE_CURVE('',#70630,#70710,#70690,.T.);
#70730=ORIENTED_EDGE('',*,*,#70720,.F.);
#70740=CARTESIAN_POINT('',(38.115,57.2798126169906,0.180199999999999));
#70750=DIRECTION('',(0.,-1.,0.));
#70760=VECTOR('',#70750,1.);
#70770=LINE('',#70740,#70760);
#70780=CARTESIAN_POINT('',(38.115,57.1698126169906,0.180199999999999));
#70790=VERTEX_POINT('',#70780);
#70800=EDGE_CURVE('',#70710,#70790,#70770,.T.);
#70810=ORIENTED_EDGE('',*,*,#70800,.F.);
#70820=CARTESIAN_POINT('',(38.115,57.1198126169906,0.0801999999999587));
#70830=DIRECTION('',(0.,0.447213595499794,0.894427190999998));
#70840=VECTOR('',#70830,1.);
#70850=LINE('',#70820,#70840);
#70860=CARTESIAN_POINT('',(38.115,57.1198126169906,0.0801999999999736));
#70870=VERTEX_POINT('',#70860);
#70880=EDGE_CURVE('',#70870,#70790,#70850,.T.);
#70890=ORIENTED_EDGE('',*,*,#70880,.T.);
#70900=CARTESIAN_POINT('',(38.115,57.1198126169906,0.0801999999999884));
#70910=DIRECTION('',(0.,-2.03012210217138E-14,-1.));
#70920=VECTOR('',#70910,1.);
#70930=LINE('',#70900,#70920);
#70940=CARTESIAN_POINT('',(38.115,57.1198126169906,-0.269800000000034));
#70950=VERTEX_POINT('',#70940);
#70960=EDGE_CURVE('',#70870,#70950,#70930,.T.);
#70970=ORIENTED_EDGE('',*,*,#70960,.F.);
#70980=CARTESIAN_POINT('',(38.115,57.3483611442573,-0.428751472731469));
#70990=DIRECTION('',(0.,-0.82097054535371,0.570970545353815));
#71000=VECTOR('',#70990,1.);
#71010=LINE('',#70980,#71000);
#71020=CARTESIAN_POINT('',(38.115,57.3483611442577,-0.42875147273191));
#71030=VERTEX_POINT('',#71020);
#71040=EDGE_CURVE('',#71030,#70950,#71010,.T.);
#71050=ORIENTED_EDGE('',*,*,#71040,.T.);
#71060=CARTESIAN_POINT('',(38.115,57.3198126169906,-0.469800000000014));
#71070=DIRECTION('',(1.,0.,0.));
#71080=DIRECTION('',(0.,0.374811115296582,-0.927101196121617));
#71090=AXIS2_PLACEMENT_3D('',#71060,#71070,#71080);
#71100=CIRCLE('',#71090,0.05);
#71110=CARTESIAN_POINT('',(38.115,57.3385578950142,-0.516153151144344));
#71120=VERTEX_POINT('',#71110);
#71130=EDGE_CURVE('',#71120,#71030,#71100,.T.);
#71140=ORIENTED_EDGE('',*,*,#71130,.T.);
#71150=CARTESIAN_POINT('',(38.115,57.3498126169906,-0.543961984870968));
#71160=DIRECTION('',(-1.,0.,0.));
#71170=DIRECTION('',(0.,-1.,1.4144241333724E-11));
#71180=AXIS2_PLACEMENT_3D('',#71150,#71160,#71170);
#71190=CIRCLE('',#71180,0.03);
#71200=CARTESIAN_POINT('',(38.115,57.3198126169906,-0.543961984870756));
#71210=VERTEX_POINT('',#71200);
#71220=EDGE_CURVE('',#71210,#71120,#71190,.T.);
#71230=ORIENTED_EDGE('',*,*,#71220,.T.);
#71240=CARTESIAN_POINT('',(38.115,57.3198126169906,-0.669800000000002));
#71250=DIRECTION('',(0.,0.,1.));
#71260=VECTOR('',#71250,1.);
#71270=LINE('',#71240,#71260);
#71280=EDGE_CURVE('',#12650,#71210,#71270,.T.);
#71290=ORIENTED_EDGE('',*,*,#71280,.T.);
#71300=ORIENTED_EDGE('',*,*,#12660,.F.);
#71310=ORIENTED_EDGE('',*,*,#69950,.F.);
#71320=ORIENTED_EDGE('',*,*,#3300,.F.);
#71330=CARTESIAN_POINT('',(38.115,58.5598126169906,-0.519800000000004));
#71340=DIRECTION('',(0.,0.,1.));
#71350=VECTOR('',#71340,1.);
#71360=LINE('',#71330,#71350);
#71370=EDGE_CURVE('',#3210,#70100,#71360,.T.);
#71380=ORIENTED_EDGE('',*,*,#71370,.F.);
#71390=EDGE_LOOP('',(#71380,#71320,#71310,#71300,#71290,#71230,#71140,
#71050,#70970,#70890,#70810,#70730,#70650,#70560,#70480,#70390,#70310,
#70230,#70140));
#71400=FACE_OUTER_BOUND('',#71390,.T.);
#71410=ADVANCED_FACE('',(#71400),#70040,.T.);
#71420=CARTESIAN_POINT('',(38.2470024,58.5598126169906,
-0.689799999999998));
#71430=DIRECTION('',(0.,-1.,0.));
#71440=DIRECTION('',(0.,0.,-1.));
#71450=AXIS2_PLACEMENT_3D('',#71420,#71430,#71440);
#71460=PLANE('',#71450);
#71470=ORIENTED_EDGE('',*,*,#71370,.T.);
#71480=ORIENTED_EDGE('',*,*,#3220,.T.);
#71490=CARTESIAN_POINT('',(38.235,58.5598126169906,-0.519800000000004));
#71500=DIRECTION('',(0.,0.,1.));
#71510=VECTOR('',#71500,1.);
#71520=LINE('',#71490,#71510);
#71530=CARTESIAN_POINT('',(38.235,58.5598126169906,-0.469799999999999));
#71540=VERTEX_POINT('',#71530);
#71550=EDGE_CURVE('',#3130,#71540,#71520,.T.);
#71560=ORIENTED_EDGE('',*,*,#71550,.F.);
#71570=CARTESIAN_POINT('',(38.235,58.5598126169906,-0.469799999999999));
#71580=DIRECTION('',(-1.,0.,0.));
#71590=VECTOR('',#71580,1.);
#71600=LINE('',#71570,#71590);
#71610=EDGE_CURVE('',#71540,#70100,#71600,.T.);
#71620=ORIENTED_EDGE('',*,*,#71610,.F.);
#71630=EDGE_LOOP('',(#71620,#71560,#71480,#71470));
#71640=FACE_OUTER_BOUND('',#71630,.T.);
#71650=ADVANCED_FACE('',(#71640),#71460,.F.);
#71660=CARTESIAN_POINT('',(38.115,58.5098126169906,-0.469799999999999));
#71670=DIRECTION('',(0.,0.,-1.));
#71680=DIRECTION('',(0.,1.,0.));
#71690=AXIS2_PLACEMENT_3D('',#71660,#71670,#71680);
#71700=PLANE('',#71690);
#71710=ORIENTED_EDGE('',*,*,#71610,.T.);
#71720=CARTESIAN_POINT('',(38.235,58.5598126169906,-0.469799999999999));
#71730=DIRECTION('',(0.,-1.,0.));
#71740=VECTOR('',#71730,1.);
#71750=LINE('',#71720,#71740);
#71760=CARTESIAN_POINT('',(38.235,57.9398126169906,-0.469799999999998));
#71770=VERTEX_POINT('',#71760);
#71780=EDGE_CURVE('',#71540,#71770,#71750,.T.);
#71790=ORIENTED_EDGE('',*,*,#71780,.F.);
#71800=CARTESIAN_POINT('',(38.235,57.9398126169906,-0.469799999999998));
#71810=DIRECTION('',(-1.,0.,0.));
#71820=VECTOR('',#71810,1.);
#71830=LINE('',#71800,#71820);
#71840=EDGE_CURVE('',#71770,#70120,#71830,.T.);
#71850=ORIENTED_EDGE('',*,*,#71840,.F.);
#71860=ORIENTED_EDGE('',*,*,#70130,.T.);
#71870=EDGE_LOOP('',(#71860,#71850,#71790,#71710));
#71880=FACE_OUTER_BOUND('',#71870,.T.);
#71890=ADVANCED_FACE('',(#71880),#71700,.F.);
#71900=CARTESIAN_POINT('',(38.235,57.5510425259597,-1.96345794057089));
#71910=DIRECTION('',(-1.,0.,0.));
#71920=DIRECTION('',(0.,0.,1.));
#71930=AXIS2_PLACEMENT_3D('',#71900,#71910,#71920);
#71940=PLANE('',#71930);
#71950=ORIENTED_EDGE('',*,*,#71550,.T.);
#71960=ORIENTED_EDGE('',*,*,#3140,.T.);
#71970=CARTESIAN_POINT('',(38.235,57.3698126169906,-0.669800000000002));
#71980=DIRECTION('',(0.,0.,1.));
#71990=VECTOR('',#71980,1.);
#72000=LINE('',#71970,#71990);
#72010=EDGE_CURVE('',#12810,#3050,#72000,.T.);
#72020=ORIENTED_EDGE('',*,*,#72010,.T.);
#72030=ORIENTED_EDGE('',*,*,#12820,.T.);
#72040=CARTESIAN_POINT('',(38.235,57.3198126169906,-0.669800000000002));
#72050=DIRECTION('',(0.,0.,1.));
#72060=VECTOR('',#72050,1.);
#72070=LINE('',#72040,#72060);
#72080=CARTESIAN_POINT('',(38.235,57.3198126169906,-0.543961984870933));
#72090=VERTEX_POINT('',#72080);
#72100=EDGE_CURVE('',#12730,#72090,#72070,.T.);
#72110=ORIENTED_EDGE('',*,*,#72100,.F.);
#72120=CARTESIAN_POINT('',(38.235,57.3498126169906,-0.543961984870968));
#72130=DIRECTION('',(1.,0.,0.));
#72140=DIRECTION('',(0.,-0.374932806805362,0.927051989038939));
#72150=AXIS2_PLACEMENT_3D('',#72120,#72130,#72140);
#72160=CIRCLE('',#72150,0.03);
#72170=CARTESIAN_POINT('',(38.235,57.3385636248815,-0.516150832819677));
#72180=VERTEX_POINT('',#72170);
#72190=EDGE_CURVE('',#72180,#72090,#72160,.T.);
#72200=ORIENTED_EDGE('',*,*,#72190,.T.);
#72210=CARTESIAN_POINT('',(38.235,57.3198126169906,-0.469800000000014));
#72220=DIRECTION('',(-1.,0.,0.));
#72230=DIRECTION('',(0.,0.570970545220625,0.820970545446341));
#72240=AXIS2_PLACEMENT_3D('',#72210,#72220,#72230);
#72250=CIRCLE('',#72240,0.05);
#72260=CARTESIAN_POINT('',(38.235,57.3483611442549,-0.428751472730024));
#72270=VERTEX_POINT('',#72260);
#72280=EDGE_CURVE('',#72270,#72180,#72250,.T.);
#72290=ORIENTED_EDGE('',*,*,#72280,.T.);
#72300=CARTESIAN_POINT('',(38.235,57.1198126169906,-0.26979999999985));
#72310=DIRECTION('',(0.,0.82097054535375,-0.570970545353757));
#72320=VECTOR('',#72310,1.);
#72330=LINE('',#72300,#72320);
#72340=CARTESIAN_POINT('',(38.235,57.1198126169906,-0.26979999999996));
#72350=VERTEX_POINT('',#72340);
#72360=EDGE_CURVE('',#72350,#72270,#72330,.T.);
#72370=ORIENTED_EDGE('',*,*,#72360,.T.);
#72380=CARTESIAN_POINT('',(38.235,57.1198126169906,0.0802000000000027));
#72390=DIRECTION('',(0.,0.,-1.));
#72400=VECTOR('',#72390,1.);
#72410=LINE('',#72380,#72400);
#72420=CARTESIAN_POINT('',(38.235,57.1198126169906,0.0801999999999983));
#72430=VERTEX_POINT('',#72420);
#72440=EDGE_CURVE('',#72430,#72350,#72410,.T.);
#72450=ORIENTED_EDGE('',*,*,#72440,.T.);
#72460=CARTESIAN_POINT('',(38.235,57.1698126169906,0.180199999999999));
#72470=DIRECTION('',(0.,-0.447213595499952,-0.894427190999919));
#72480=VECTOR('',#72470,1.);
#72490=LINE('',#72460,#72480);
#72500=CARTESIAN_POINT('',(38.235,57.1698126169906,0.180199999999999));
#72510=VERTEX_POINT('',#72500);
#72520=EDGE_CURVE('',#72510,#72430,#72490,.T.);
#72530=ORIENTED_EDGE('',*,*,#72520,.T.);
#72540=CARTESIAN_POINT('',(38.235,57.2798126169906,0.180199999999999));
#72550=DIRECTION('',(0.,-1.,0.));
#72560=VECTOR('',#72550,1.);
#72570=LINE('',#72540,#72560);
#72580=CARTESIAN_POINT('',(38.235,57.2798126169906,0.180199999999999));
#72590=VERTEX_POINT('',#72580);
#72600=EDGE_CURVE('',#72590,#72510,#72570,.T.);
#72610=ORIENTED_EDGE('',*,*,#72600,.T.);
#72620=CARTESIAN_POINT('',(38.235,57.2798126169906,-0.0197999999999534))
;
#72630=DIRECTION('',(0.,0.,1.));
#72640=VECTOR('',#72630,1.);
#72650=LINE('',#72620,#72640);
#72660=CARTESIAN_POINT('',(38.235,57.2798126169906,-0.0197999999999714))
;
#72670=VERTEX_POINT('',#72660);
#72680=EDGE_CURVE('',#72670,#72590,#72650,.T.);
#72690=ORIENTED_EDGE('',*,*,#72680,.T.);
#72700=CARTESIAN_POINT('',(38.235,57.4798126169906,-0.0197999999999965))
;
#72710=DIRECTION('',(-1.,0.,-0.));
#72720=DIRECTION('',(0.,1.20792265079217E-12,-1.));
#72730=AXIS2_PLACEMENT_3D('',#72700,#72710,#72720);
#72740=CIRCLE('',#72730,0.2);
#72750=CARTESIAN_POINT('',(38.235,57.4798126169907,-0.219799999999999));
#72760=VERTEX_POINT('',#72750);
#72770=EDGE_CURVE('',#72760,#72670,#72740,.T.);
#72780=ORIENTED_EDGE('',*,*,#72770,.T.);
#72790=CARTESIAN_POINT('',(38.235,57.5898126169906,-0.219799999999999));
#72800=DIRECTION('',(0.,-1.,0.));
#72810=VECTOR('',#72800,1.);
#72820=LINE('',#72790,#72810);
#72830=CARTESIAN_POINT('',(38.235,57.5898126169906,-0.219799999999999));
#72840=VERTEX_POINT('',#72830);
#72850=EDGE_CURVE('',#72840,#72760,#72820,.T.);
#72860=ORIENTED_EDGE('',*,*,#72850,.T.);
#72870=CARTESIAN_POINT('',(38.235,57.5898126169906,-0.169800000000002));
#72880=DIRECTION('',(-1.,0.,0.));
#72890=DIRECTION('',(0.,1.,1.11022302462522E-15));
#72900=AXIS2_PLACEMENT_3D('',#72870,#72880,#72890);
#72910=CIRCLE('',#72900,0.0499999999999972);
#72920=CARTESIAN_POINT('',(38.235,57.6398126169906,-0.169800000000002));
#72930=VERTEX_POINT('',#72920);
#72940=EDGE_CURVE('',#72930,#72840,#72910,.T.);
#72950=ORIENTED_EDGE('',*,*,#72940,.T.);
#72960=CARTESIAN_POINT('',(38.235,57.6398126169906,-0.169800000000002));
#72970=DIRECTION('',(0.,1.,0.));
#72980=VECTOR('',#72970,1.);
#72990=LINE('',#72960,#72980);
#73000=CARTESIAN_POINT('',(38.235,57.8398126169906,-0.169800000000002));
#73010=VERTEX_POINT('',#73000);
#73020=EDGE_CURVE('',#72930,#73010,#72990,.T.);
#73030=ORIENTED_EDGE('',*,*,#73020,.F.);
#73040=CARTESIAN_POINT('',(38.235,57.8398126169906,-0.169800000000002));
#73050=DIRECTION('',(0.,0.,-1.));
#73060=VECTOR('',#73050,1.);
#73070=LINE('',#73040,#73060);
#73080=CARTESIAN_POINT('',(38.235,57.8398126169906,-0.369799999999998));
#73090=VERTEX_POINT('',#73080);
#73100=EDGE_CURVE('',#73010,#73090,#73070,.T.);
#73110=ORIENTED_EDGE('',*,*,#73100,.F.);
#73120=CARTESIAN_POINT('',(38.235,57.9398126169906,-0.369799999999998));
#73130=DIRECTION('',(-1.,0.,-0.));
#73140=DIRECTION('',(0.,8.5265128291212E-13,-1.));
#73150=AXIS2_PLACEMENT_3D('',#73120,#73130,#73140);
#73160=CIRCLE('',#73150,0.1);
#73170=EDGE_CURVE('',#71770,#73090,#73160,.T.);
#73180=ORIENTED_EDGE('',*,*,#73170,.T.);
#73190=ORIENTED_EDGE('',*,*,#71780,.T.);
#73200=EDGE_LOOP('',(#73190,#73180,#73110,#73030,#72950,#72860,#72780,
#72690,#72610,#72530,#72450,#72370,#72290,#72200,#72110,#72030,#72020,
#71960,#71950));
#73210=FACE_OUTER_BOUND('',#73200,.T.);
#73220=ADVANCED_FACE('',(#73210),#71940,.F.);
#73230=CARTESIAN_POINT('',(14.68875,57.3698126169906,-0.594799999999999)
);
#73240=DIRECTION('',(0.,-1.,2.77555756156289E-16));
#73250=DIRECTION('',(1.,0.,0.));
#73260=AXIS2_PLACEMENT_3D('',#73230,#73240,#73250);
#73270=PLANE('',#73260);
#73280=ORIENTED_EDGE('',*,*,#12900,.F.);
#73290=ORIENTED_EDGE('',*,*,#72010,.F.);
#73300=ORIENTED_EDGE('',*,*,#3060,.F.);
#73310=CARTESIAN_POINT('',(38.615,57.3698126169906,-0.669800000000002));
#73320=DIRECTION('',(0.,0.,1.));
#73330=VECTOR('',#73320,1.);
#73340=LINE('',#73310,#73330);
#73350=EDGE_CURVE('',#12890,#2970,#73340,.T.);
#73360=ORIENTED_EDGE('',*,*,#73350,.T.);
#73370=EDGE_LOOP('',(#73360,#73300,#73290,#73280));
#73380=FACE_OUTER_BOUND('',#73370,.T.);
#73390=ADVANCED_FACE('',(#73380),#73270,.T.);
#73400=CARTESIAN_POINT('',(38.615,57.5482789987394,-1.96345794057091));
#73410=DIRECTION('',(-1.,0.,0.));
#73420=DIRECTION('',(0.,0.,1.));
#73430=AXIS2_PLACEMENT_3D('',#73400,#73410,#73420);
#73440=PLANE('',#73430);
#73450=CARTESIAN_POINT('',(38.615,58.5598126169906,-0.469799999999999));
#73460=DIRECTION('',(0.,-1.,0.));
#73470=VECTOR('',#73460,1.);
#73480=LINE('',#73450,#73470);
#73490=CARTESIAN_POINT('',(38.615,58.5598126169906,-0.469799999999999));
#73500=VERTEX_POINT('',#73490);
#73510=CARTESIAN_POINT('',(38.615,57.9398126169906,-0.469799999999998));
#73520=VERTEX_POINT('',#73510);
#73530=EDGE_CURVE('',#73500,#73520,#73480,.T.);
#73540=ORIENTED_EDGE('',*,*,#73530,.F.);
#73550=CARTESIAN_POINT('',(38.615,57.9398126169906,-0.369799999999998));
#73560=DIRECTION('',(1.,0.,0.));
#73570=DIRECTION('',(0.,-1.,1.11022302462514E-15));
#73580=AXIS2_PLACEMENT_3D('',#73550,#73560,#73570);
#73590=CIRCLE('',#73580,0.1);
#73600=CARTESIAN_POINT('',(38.615,57.8398126169906,-0.369799999999998));
#73610=VERTEX_POINT('',#73600);
#73620=EDGE_CURVE('',#73610,#73520,#73590,.T.);
#73630=ORIENTED_EDGE('',*,*,#73620,.T.);
#73640=CARTESIAN_POINT('',(38.615,57.8398126169906,-0.169800000000002));
#73650=DIRECTION('',(0.,0.,-1.));
#73660=VECTOR('',#73650,1.);
#73670=LINE('',#73640,#73660);
#73680=CARTESIAN_POINT('',(38.615,57.8398126169906,-0.169800000000002));
#73690=VERTEX_POINT('',#73680);
#73700=EDGE_CURVE('',#73690,#73610,#73670,.T.);
#73710=ORIENTED_EDGE('',*,*,#73700,.T.);
#73720=CARTESIAN_POINT('',(38.615,57.6398126169906,-0.169800000000002));
#73730=DIRECTION('',(0.,1.,0.));
#73740=VECTOR('',#73730,1.);
#73750=LINE('',#73720,#73740);
#73760=CARTESIAN_POINT('',(38.615,57.6398126169906,-0.169800000000002));
#73770=VERTEX_POINT('',#73760);
#73780=EDGE_CURVE('',#73770,#73690,#73750,.T.);
#73790=ORIENTED_EDGE('',*,*,#73780,.T.);
#73800=CARTESIAN_POINT('',(38.615,57.5898126169906,-0.169800000000002));
#73810=DIRECTION('',(1.,0.,0.));
#73820=DIRECTION('',(0.,0.,-1.));
#73830=AXIS2_PLACEMENT_3D('',#73800,#73810,#73820);
#73840=CIRCLE('',#73830,0.0499999999999972);
#73850=CARTESIAN_POINT('',(38.615,57.5898126169906,-0.219799999999999));
#73860=VERTEX_POINT('',#73850);
#73870=EDGE_CURVE('',#73860,#73770,#73840,.T.);
#73880=ORIENTED_EDGE('',*,*,#73870,.T.);
#73890=CARTESIAN_POINT('',(38.615,57.5898126169906,-0.219799999999999));
#73900=DIRECTION('',(0.,-1.,0.));
#73910=VECTOR('',#73900,1.);
#73920=LINE('',#73890,#73910);
#73930=CARTESIAN_POINT('',(38.615,57.4798126169906,-0.219799999999996));
#73940=VERTEX_POINT('',#73930);
#73950=EDGE_CURVE('',#73860,#73940,#73920,.T.);
#73960=ORIENTED_EDGE('',*,*,#73950,.F.);
#73970=CARTESIAN_POINT('',(38.615,57.4798126169906,-0.0197999999999965))
;
#73980=DIRECTION('',(1.,0.,0.));
#73990=DIRECTION('',(0.,-1.,-1.5298179389944E-12));
#74000=AXIS2_PLACEMENT_3D('',#73970,#73980,#73990);
#74010=CIRCLE('',#74000,0.2);
#74020=CARTESIAN_POINT('',(38.615,57.2798126169906,-0.0198000000001459))
;
#74030=VERTEX_POINT('',#74020);
#74040=EDGE_CURVE('',#74030,#73940,#74010,.T.);
#74050=ORIENTED_EDGE('',*,*,#74040,.T.);
#74060=CARTESIAN_POINT('',(38.615,57.2798126169906,-0.0197999999999894))
;
#74070=DIRECTION('',(0.,3.55271367880071E-14,1.));
#74080=VECTOR('',#74070,1.);
#74090=LINE('',#74060,#74080);
#74100=CARTESIAN_POINT('',(38.615,57.2798126169906,0.180199999999999));
#74110=VERTEX_POINT('',#74100);
#74120=EDGE_CURVE('',#74030,#74110,#74090,.T.);
#74130=ORIENTED_EDGE('',*,*,#74120,.F.);
#74140=CARTESIAN_POINT('',(38.615,57.2798126169906,0.180199999999999));
#74150=DIRECTION('',(0.,-1.,0.));
#74160=VECTOR('',#74150,1.);
#74170=LINE('',#74140,#74160);
#74180=CARTESIAN_POINT('',(38.615,57.1698126169906,0.180199999999999));
#74190=VERTEX_POINT('',#74180);
#74200=EDGE_CURVE('',#74110,#74190,#74170,.T.);
#74210=ORIENTED_EDGE('',*,*,#74200,.F.);
#74220=CARTESIAN_POINT('',(38.615,57.1198126169906,0.0801999999999587));
#74230=DIRECTION('',(0.,0.447213595499794,0.894427190999998));
#74240=VECTOR('',#74230,1.);
#74250=LINE('',#74220,#74240);
#74260=CARTESIAN_POINT('',(38.615,57.1198126169906,0.0801999999999736));
#74270=VERTEX_POINT('',#74260);
#74280=EDGE_CURVE('',#74270,#74190,#74250,.T.);
#74290=ORIENTED_EDGE('',*,*,#74280,.T.);
#74300=CARTESIAN_POINT('',(38.615,57.1198126169906,0.0801999999999884));
#74310=DIRECTION('',(0.,-2.03012210217138E-14,-1.));
#74320=VECTOR('',#74310,1.);
#74330=LINE('',#74300,#74320);
#74340=CARTESIAN_POINT('',(38.615,57.1198126169906,-0.269800000000033));
#74350=VERTEX_POINT('',#74340);
#74360=EDGE_CURVE('',#74270,#74350,#74330,.T.);
#74370=ORIENTED_EDGE('',*,*,#74360,.F.);
#74380=CARTESIAN_POINT('',(38.615,57.3483611442572,-0.428751472731415));
#74390=DIRECTION('',(0.,-0.820970545353736,0.570970545353776));
#74400=VECTOR('',#74390,1.);
#74410=LINE('',#74380,#74400);
#74420=CARTESIAN_POINT('',(38.615,57.3483611442577,-0.428751472731891));
#74430=VERTEX_POINT('',#74420);
#74440=EDGE_CURVE('',#74430,#74350,#74410,.T.);
#74450=ORIENTED_EDGE('',*,*,#74440,.T.);
#74460=CARTESIAN_POINT('',(38.615,57.3198126169906,-0.469800000000014));
#74470=DIRECTION('',(1.,0.,0.));
#74480=DIRECTION('',(0.,0.374883772693417,-0.927071818669487));
#74490=AXIS2_PLACEMENT_3D('',#74460,#74470,#74480);
#74500=CIRCLE('',#74490,0.05);
#74510=CARTESIAN_POINT('',(38.615,57.3385597113614,-0.516152416105874));
#74520=VERTEX_POINT('',#74510);
#74530=EDGE_CURVE('',#74520,#74430,#74500,.T.);
#74540=ORIENTED_EDGE('',*,*,#74530,.T.);
#74550=CARTESIAN_POINT('',(38.615,57.3498126169906,-0.543961984870968));
#74560=DIRECTION('',(-1.,0.,0.));
#74570=DIRECTION('',(0.,-1.,1.4144241333724E-11));
#74580=AXIS2_PLACEMENT_3D('',#74550,#74560,#74570);
#74590=CIRCLE('',#74580,0.03);
#74600=CARTESIAN_POINT('',(38.615,57.3198126169906,-0.543961984870756));
#74610=VERTEX_POINT('',#74600);
#74620=EDGE_CURVE('',#74610,#74520,#74590,.T.);
#74630=ORIENTED_EDGE('',*,*,#74620,.T.);
#74640=CARTESIAN_POINT('',(38.615,57.3198126169906,-0.669800000000002));
#74650=DIRECTION('',(0.,0.,1.));
#74660=VECTOR('',#74650,1.);
#74670=LINE('',#74640,#74660);
#74680=EDGE_CURVE('',#12970,#74610,#74670,.T.);
#74690=ORIENTED_EDGE('',*,*,#74680,.T.);
#74700=ORIENTED_EDGE('',*,*,#12980,.F.);
#74710=ORIENTED_EDGE('',*,*,#73350,.F.);
#74720=ORIENTED_EDGE('',*,*,#2980,.F.);
#74730=CARTESIAN_POINT('',(38.615,58.5598126169906,-0.519800000000004));
#74740=DIRECTION('',(0.,0.,1.));
#74750=VECTOR('',#74740,1.);
#74760=LINE('',#74730,#74750);
#74770=EDGE_CURVE('',#2890,#73500,#74760,.T.);
#74780=ORIENTED_EDGE('',*,*,#74770,.F.);
#74790=EDGE_LOOP('',(#74780,#74720,#74710,#74700,#74690,#74630,#74540,
#74450,#74370,#74290,#74210,#74130,#74050,#73960,#73880,#73790,#73710,
#73630,#73540));
#74800=FACE_OUTER_BOUND('',#74790,.T.);
#74810=ADVANCED_FACE('',(#74800),#73440,.T.);
#74820=CARTESIAN_POINT('',(38.7470024,58.5598126169906,
-0.689799999999998));
#74830=DIRECTION('',(0.,-1.,0.));
#74840=DIRECTION('',(0.,0.,-1.));
#74850=AXIS2_PLACEMENT_3D('',#74820,#74830,#74840);
#74860=PLANE('',#74850);
#74870=ORIENTED_EDGE('',*,*,#74770,.T.);
#74880=ORIENTED_EDGE('',*,*,#2900,.T.);
#74890=CARTESIAN_POINT('',(38.735,58.5598126169906,-0.519800000000004));
#74900=DIRECTION('',(0.,0.,1.));
#74910=VECTOR('',#74900,1.);
#74920=LINE('',#74890,#74910);
#74930=CARTESIAN_POINT('',(38.735,58.5598126169906,-0.469799999999999));
#74940=VERTEX_POINT('',#74930);
#74950=EDGE_CURVE('',#2810,#74940,#74920,.T.);
#74960=ORIENTED_EDGE('',*,*,#74950,.F.);
#74970=CARTESIAN_POINT('',(38.735,58.5598126169906,-0.469799999999999));
#74980=DIRECTION('',(-1.,0.,0.));
#74990=VECTOR('',#74980,1.);
#75000=LINE('',#74970,#74990);
#75010=EDGE_CURVE('',#74940,#73500,#75000,.T.);
#75020=ORIENTED_EDGE('',*,*,#75010,.F.);
#75030=EDGE_LOOP('',(#75020,#74960,#74880,#74870));
#75040=FACE_OUTER_BOUND('',#75030,.T.);
#75050=ADVANCED_FACE('',(#75040),#74860,.F.);
#75060=CARTESIAN_POINT('',(38.615,58.5098126169906,-0.469799999999999));
#75070=DIRECTION('',(0.,0.,-1.));
#75080=DIRECTION('',(0.,1.,0.));
#75090=AXIS2_PLACEMENT_3D('',#75060,#75070,#75080);
#75100=PLANE('',#75090);
#75110=ORIENTED_EDGE('',*,*,#75010,.T.);
#75120=CARTESIAN_POINT('',(38.735,58.5598126169906,-0.469799999999999));
#75130=DIRECTION('',(0.,-1.,0.));
#75140=VECTOR('',#75130,1.);
#75150=LINE('',#75120,#75140);
#75160=CARTESIAN_POINT('',(38.735,57.9398126169906,-0.469799999999998));
#75170=VERTEX_POINT('',#75160);
#75180=EDGE_CURVE('',#74940,#75170,#75150,.T.);
#75190=ORIENTED_EDGE('',*,*,#75180,.F.);
#75200=CARTESIAN_POINT('',(38.735,57.9398126169906,-0.469799999999998));
#75210=DIRECTION('',(-1.,0.,0.));
#75220=VECTOR('',#75210,1.);
#75230=LINE('',#75200,#75220);
#75240=EDGE_CURVE('',#75170,#73520,#75230,.T.);
#75250=ORIENTED_EDGE('',*,*,#75240,.F.);
#75260=ORIENTED_EDGE('',*,*,#73530,.T.);
#75270=EDGE_LOOP('',(#75260,#75250,#75190,#75110));
#75280=FACE_OUTER_BOUND('',#75270,.T.);
#75290=ADVANCED_FACE('',(#75280),#75100,.F.);
#75300=CARTESIAN_POINT('',(38.735,57.5510425259597,-1.96345794057089));
#75310=DIRECTION('',(-1.,0.,0.));
#75320=DIRECTION('',(0.,0.,1.));
#75330=AXIS2_PLACEMENT_3D('',#75300,#75310,#75320);
#75340=PLANE('',#75330);
#75350=ORIENTED_EDGE('',*,*,#74950,.T.);
#75360=ORIENTED_EDGE('',*,*,#2820,.T.);
#75370=CARTESIAN_POINT('',(38.735,57.3698126169906,-0.669800000000002));
#75380=DIRECTION('',(0.,0.,1.));
#75390=VECTOR('',#75380,1.);
#75400=LINE('',#75370,#75390);
#75410=EDGE_CURVE('',#13130,#2730,#75400,.T.);
#75420=ORIENTED_EDGE('',*,*,#75410,.T.);
#75430=ORIENTED_EDGE('',*,*,#13140,.T.);
#75440=CARTESIAN_POINT('',(38.735,57.3198126169906,-0.669800000000002));
#75450=DIRECTION('',(0.,0.,1.));
#75460=VECTOR('',#75450,1.);
#75470=LINE('',#75440,#75460);
#75480=CARTESIAN_POINT('',(38.735,57.3198126169906,-0.543961984870933));
#75490=VERTEX_POINT('',#75480);
#75500=EDGE_CURVE('',#13050,#75490,#75470,.T.);
#75510=ORIENTED_EDGE('',*,*,#75500,.F.);
#75520=CARTESIAN_POINT('',(38.735,57.3498126169906,-0.543961984870968));
#75530=DIRECTION('',(1.,0.,0.));
#75540=DIRECTION('',(0.,-0.374911485070116,0.927060612021954));
#75550=AXIS2_PLACEMENT_3D('',#75520,#75530,#75540);
#75560=CIRCLE('',#75550,0.03);
#75570=CARTESIAN_POINT('',(38.735,57.3385639447023,-0.516150703436397));
#75580=VERTEX_POINT('',#75570);
#75590=EDGE_CURVE('',#75580,#75490,#75560,.T.);
#75600=ORIENTED_EDGE('',*,*,#75590,.T.);
#75610=CARTESIAN_POINT('',(38.735,57.3198126169906,-0.469800000000014));
#75620=DIRECTION('',(-1.,0.,0.));
#75630=DIRECTION('',(0.,0.570970545220625,0.820970545446341));
#75640=AXIS2_PLACEMENT_3D('',#75610,#75620,#75630);
#75650=CIRCLE('',#75640,0.05);
#75660=CARTESIAN_POINT('',(38.735,57.3483611442549,-0.428751472730024));
#75670=VERTEX_POINT('',#75660);
#75680=EDGE_CURVE('',#75670,#75580,#75650,.T.);
#75690=ORIENTED_EDGE('',*,*,#75680,.T.);
#75700=CARTESIAN_POINT('',(38.735,57.1198126169906,-0.26979999999985));
#75710=DIRECTION('',(0.,0.82097054535375,-0.570970545353757));
#75720=VECTOR('',#75710,1.);
#75730=LINE('',#75700,#75720);
#75740=CARTESIAN_POINT('',(38.735,57.1198126169906,-0.26979999999996));
#75750=VERTEX_POINT('',#75740);
#75760=EDGE_CURVE('',#75750,#75670,#75730,.T.);
#75770=ORIENTED_EDGE('',*,*,#75760,.T.);
#75780=CARTESIAN_POINT('',(38.735,57.1198126169906,0.0802000000000027));
#75790=DIRECTION('',(0.,0.,-1.));
#75800=VECTOR('',#75790,1.);
#75810=LINE('',#75780,#75800);
#75820=CARTESIAN_POINT('',(38.735,57.1198126169906,0.0801999999999983));
#75830=VERTEX_POINT('',#75820);
#75840=EDGE_CURVE('',#75830,#75750,#75810,.T.);
#75850=ORIENTED_EDGE('',*,*,#75840,.T.);
#75860=CARTESIAN_POINT('',(38.735,57.1698126169906,0.180199999999999));
#75870=DIRECTION('',(0.,-0.447213595499952,-0.894427190999919));
#75880=VECTOR('',#75870,1.);
#75890=LINE('',#75860,#75880);
#75900=CARTESIAN_POINT('',(38.735,57.1698126169906,0.180199999999999));
#75910=VERTEX_POINT('',#75900);
#75920=EDGE_CURVE('',#75910,#75830,#75890,.T.);
#75930=ORIENTED_EDGE('',*,*,#75920,.T.);
#75940=CARTESIAN_POINT('',(38.735,57.2798126169906,0.180199999999999));
#75950=DIRECTION('',(0.,-1.,0.));
#75960=VECTOR('',#75950,1.);
#75970=LINE('',#75940,#75960);
#75980=CARTESIAN_POINT('',(38.735,57.2798126169906,0.180199999999999));
#75990=VERTEX_POINT('',#75980);
#76000=EDGE_CURVE('',#75990,#75910,#75970,.T.);
#76010=ORIENTED_EDGE('',*,*,#76000,.T.);
#76020=CARTESIAN_POINT('',(38.735,57.2798126169906,-0.0197999999999534))
;
#76030=DIRECTION('',(0.,0.,1.));
#76040=VECTOR('',#76030,1.);
#76050=LINE('',#76020,#76040);
#76060=CARTESIAN_POINT('',(38.735,57.2798126169906,-0.0197999999999714))
;
#76070=VERTEX_POINT('',#76060);
#76080=EDGE_CURVE('',#76070,#75990,#76050,.T.);
#76090=ORIENTED_EDGE('',*,*,#76080,.T.);
#76100=CARTESIAN_POINT('',(38.735,57.4798126169906,-0.0197999999999965))
;
#76110=DIRECTION('',(-1.,0.,-0.));
#76120=DIRECTION('',(0.,1.20792265079217E-12,-1.));
#76130=AXIS2_PLACEMENT_3D('',#76100,#76110,#76120);
#76140=CIRCLE('',#76130,0.2);
#76150=CARTESIAN_POINT('',(38.735,57.4798126169907,-0.219799999999999));
#76160=VERTEX_POINT('',#76150);
#76170=EDGE_CURVE('',#76160,#76070,#76140,.T.);
#76180=ORIENTED_EDGE('',*,*,#76170,.T.);
#76190=CARTESIAN_POINT('',(38.735,57.5898126169906,-0.219799999999999));
#76200=DIRECTION('',(0.,-1.,0.));
#76210=VECTOR('',#76200,1.);
#76220=LINE('',#76190,#76210);
#76230=CARTESIAN_POINT('',(38.735,57.5898126169906,-0.219799999999999));
#76240=VERTEX_POINT('',#76230);
#76250=EDGE_CURVE('',#76240,#76160,#76220,.T.);
#76260=ORIENTED_EDGE('',*,*,#76250,.T.);
#76270=CARTESIAN_POINT('',(38.735,57.5898126169906,-0.169800000000002));
#76280=DIRECTION('',(-1.,0.,0.));
#76290=DIRECTION('',(0.,1.,1.11022302462522E-15));
#76300=AXIS2_PLACEMENT_3D('',#76270,#76280,#76290);
#76310=CIRCLE('',#76300,0.0499999999999972);
#76320=CARTESIAN_POINT('',(38.735,57.6398126169906,-0.169800000000002));
#76330=VERTEX_POINT('',#76320);
#76340=EDGE_CURVE('',#76330,#76240,#76310,.T.);
#76350=ORIENTED_EDGE('',*,*,#76340,.T.);
#76360=CARTESIAN_POINT('',(38.735,57.6398126169906,-0.169800000000002));
#76370=DIRECTION('',(0.,1.,0.));
#76380=VECTOR('',#76370,1.);
#76390=LINE('',#76360,#76380);
#76400=CARTESIAN_POINT('',(38.735,57.8398126169906,-0.169800000000002));
#76410=VERTEX_POINT('',#76400);
#76420=EDGE_CURVE('',#76330,#76410,#76390,.T.);
#76430=ORIENTED_EDGE('',*,*,#76420,.F.);
#76440=CARTESIAN_POINT('',(38.735,57.8398126169906,-0.169800000000002));
#76450=DIRECTION('',(0.,0.,-1.));
#76460=VECTOR('',#76450,1.);
#76470=LINE('',#76440,#76460);
#76480=CARTESIAN_POINT('',(38.735,57.8398126169906,-0.369799999999998));
#76490=VERTEX_POINT('',#76480);
#76500=EDGE_CURVE('',#76410,#76490,#76470,.T.);
#76510=ORIENTED_EDGE('',*,*,#76500,.F.);
#76520=CARTESIAN_POINT('',(38.735,57.9398126169906,-0.369799999999998));
#76530=DIRECTION('',(-1.,0.,-0.));
#76540=DIRECTION('',(0.,8.5265128291212E-13,-1.));
#76550=AXIS2_PLACEMENT_3D('',#76520,#76530,#76540);
#76560=CIRCLE('',#76550,0.1);
#76570=EDGE_CURVE('',#75170,#76490,#76560,.T.);
#76580=ORIENTED_EDGE('',*,*,#76570,.T.);
#76590=ORIENTED_EDGE('',*,*,#75180,.T.);
#76600=EDGE_LOOP('',(#76590,#76580,#76510,#76430,#76350,#76260,#76180,
#76090,#76010,#75930,#75850,#75770,#75690,#75600,#75510,#75430,#75420,
#75360,#75350));
#76610=FACE_OUTER_BOUND('',#76600,.T.);
#76620=ADVANCED_FACE('',(#76610),#75340,.F.);
#76630=CARTESIAN_POINT('',(14.68875,57.3698126169906,-0.594799999999999)
);
#76640=DIRECTION('',(0.,-1.,2.77555756156289E-16));
#76650=DIRECTION('',(1.,0.,0.));
#76660=AXIS2_PLACEMENT_3D('',#76630,#76640,#76650);
#76670=PLANE('',#76660);
#76680=ORIENTED_EDGE('',*,*,#2740,.F.);
#76690=ORIENTED_EDGE('',*,*,#1780,.T.);
#76700=ORIENTED_EDGE('',*,*,#13200,.F.);
#76710=ORIENTED_EDGE('',*,*,#75410,.F.);
#76720=EDGE_LOOP('',(#76710,#76700,#76690,#76680));
#76730=FACE_OUTER_BOUND('',#76720,.T.);
#76740=ADVANCED_FACE('',(#76730),#76670,.T.);
#76750=CARTESIAN_POINT('',(38.615,57.3198126169906,-0.569800000000001));
#76760=DIRECTION('',(0.,1.,0.));
#76770=DIRECTION('',(0.,0.,1.));
#76780=AXIS2_PLACEMENT_3D('',#76750,#76760,#76770);
#76790=PLANE('',#76780);
#76800=ORIENTED_EDGE('',*,*,#75500,.T.);
#76810=ORIENTED_EDGE('',*,*,#13060,.T.);
#76820=ORIENTED_EDGE('',*,*,#74680,.F.);
#76830=CARTESIAN_POINT('',(38.615,57.3198126169906,-0.543961984870968));
#76840=DIRECTION('',(1.,0.,0.));
#76850=VECTOR('',#76840,1.);
#76860=LINE('',#76830,#76850);
#76870=EDGE_CURVE('',#74610,#75490,#76860,.T.);
#76880=ORIENTED_EDGE('',*,*,#76870,.F.);
#76890=EDGE_LOOP('',(#76880,#76820,#76810,#76800));
#76900=FACE_OUTER_BOUND('',#76890,.T.);
#76910=ADVANCED_FACE('',(#76900),#76790,.F.);
#76920=CARTESIAN_POINT('',(38.615,57.3498126169906,-0.543961984870968));
#76930=DIRECTION('',(-1.,0.,0.));
#76940=DIRECTION('',(0.,0.,1.));
#76950=AXIS2_PLACEMENT_3D('',#76920,#76930,#76940);
#76960=CYLINDRICAL_SURFACE('',#76950,0.03);
#76970=ORIENTED_EDGE('',*,*,#74620,.F.);
#76980=CARTESIAN_POINT('',(38.735,57.3385626169906,-0.516151240544359));
#76990=DIRECTION('',(-1.,0.,0.));
#77000=VECTOR('',#76990,1.);
#77010=LINE('',#76980,#77000);
#77020=EDGE_CURVE('',#75580,#74520,#77010,.T.);
#77030=ORIENTED_EDGE('',*,*,#77020,.T.);
#77040=ORIENTED_EDGE('',*,*,#75590,.F.);
#77050=ORIENTED_EDGE('',*,*,#76870,.T.);
#77060=EDGE_LOOP('',(#77050,#77040,#77030,#76970));
#77070=FACE_OUTER_BOUND('',#77060,.T.);
#77080=ADVANCED_FACE('',(#77070),#76960,.T.);
#77090=CARTESIAN_POINT('',(38.615,57.3198126169906,-0.469800000000014));
#77100=DIRECTION('',(-1.,0.,0.));
#77110=DIRECTION('',(0.,0.,1.));
#77120=AXIS2_PLACEMENT_3D('',#77090,#77100,#77110);
#77130=CYLINDRICAL_SURFACE('',#77120,0.05);
#77140=ORIENTED_EDGE('',*,*,#74530,.F.);
#77150=CARTESIAN_POINT('',(38.735,57.3483611442582,-0.428751472732263));
#77160=DIRECTION('',(-1.,0.,0.));
#77170=VECTOR('',#77160,1.);
#77180=LINE('',#77150,#77170);
#77190=EDGE_CURVE('',#75670,#74430,#77180,.T.);
#77200=ORIENTED_EDGE('',*,*,#77190,.T.);
#77210=ORIENTED_EDGE('',*,*,#75680,.F.);
#77220=ORIENTED_EDGE('',*,*,#77020,.F.);
#77230=EDGE_LOOP('',(#77220,#77210,#77200,#77140));
#77240=FACE_OUTER_BOUND('',#77230,.T.);
#77250=ADVANCED_FACE('',(#77240),#77130,.F.);
#77260=CARTESIAN_POINT('',(38.7470024,57.3483611442582,-0.42875147273233
));
#77270=DIRECTION('',(0.,0.570970545353777,0.820970545353736));
#77280=DIRECTION('',(0.,-0.820970545353736,0.570970545353777));
#77290=AXIS2_PLACEMENT_3D('',#77260,#77270,#77280);
#77300=PLANE('',#77290);
#77310=ORIENTED_EDGE('',*,*,#77190,.F.);
#77320=ORIENTED_EDGE('',*,*,#74440,.F.);
#77330=CARTESIAN_POINT('',(38.735,57.1198126169906,-0.269800000000069));
#77340=DIRECTION('',(-1.,0.,0.));
#77350=VECTOR('',#77340,1.);
#77360=LINE('',#77330,#77350);
#77370=EDGE_CURVE('',#75750,#74350,#77360,.T.);
#77380=ORIENTED_EDGE('',*,*,#77370,.T.);
#77390=ORIENTED_EDGE('',*,*,#75760,.F.);
#77400=EDGE_LOOP('',(#77390,#77380,#77320,#77310));
#77410=FACE_OUTER_BOUND('',#77400,.T.);
#77420=ADVANCED_FACE('',(#77410),#77300,.F.);
#77430=CARTESIAN_POINT('',(38.615,57.1198126169906,0.0801999999999694));
#77440=DIRECTION('',(0.,1.,-1.57898385724466E-14));
#77450=DIRECTION('',(0.,1.57898385724466E-14,1.));
#77460=AXIS2_PLACEMENT_3D('',#77430,#77440,#77450);
#77470=PLANE('',#77460);
#77480=ORIENTED_EDGE('',*,*,#74360,.T.);
#77490=CARTESIAN_POINT('',(38.615,57.1198126169906,0.0801999999999903));
#77500=DIRECTION('',(1.,0.,0.));
#77510=VECTOR('',#77500,1.);
#77520=LINE('',#77490,#77510);
#77530=EDGE_CURVE('',#74270,#75830,#77520,.T.);
#77540=ORIENTED_EDGE('',*,*,#77530,.F.);
#77550=ORIENTED_EDGE('',*,*,#75840,.F.);
#77560=ORIENTED_EDGE('',*,*,#77370,.F.);
#77570=EDGE_LOOP('',(#77560,#77550,#77540,#77480));
#77580=FACE_OUTER_BOUND('',#77570,.T.);
#77590=ADVANCED_FACE('',(#77580),#77470,.F.);
#77600=CARTESIAN_POINT('',(38.615,57.1698126169906,0.180199999999999));
#77610=DIRECTION('',(0.,0.894427190999929,-0.447213595499933));
#77620=DIRECTION('',(0.,0.447213595499933,0.894427190999929));
#77630=AXIS2_PLACEMENT_3D('',#77600,#77610,#77620);
#77640=PLANE('',#77630);
#77650=ORIENTED_EDGE('',*,*,#74280,.F.);
#77660=CARTESIAN_POINT('',(38.615,57.1698126169906,0.180199999999999));
#77670=DIRECTION('',(1.,0.,0.));
#77680=VECTOR('',#77670,1.);
#77690=LINE('',#77660,#77680);
#77700=EDGE_CURVE('',#74190,#75910,#77690,.T.);
#77710=ORIENTED_EDGE('',*,*,#77700,.F.);
#77720=ORIENTED_EDGE('',*,*,#75920,.F.);
#77730=ORIENTED_EDGE('',*,*,#77530,.T.);
#77740=EDGE_LOOP('',(#77730,#77720,#77710,#77650));
#77750=FACE_OUTER_BOUND('',#77740,.T.);
#77760=ADVANCED_FACE('',(#77750),#77640,.F.);
#77770=CARTESIAN_POINT('',(38.615,57.4398126169906,0.180199999999999));
#77780=DIRECTION('',(0.,0.,-1.));
#77790=DIRECTION('',(0.,1.,0.));
#77800=AXIS2_PLACEMENT_3D('',#77770,#77780,#77790);
#77810=PLANE('',#77800);
#77820=ORIENTED_EDGE('',*,*,#74200,.T.);
#77830=CARTESIAN_POINT('',(38.735,57.2798126169906,0.180199999999999));
#77840=DIRECTION('',(-1.,0.,0.));
#77850=VECTOR('',#77840,1.);
#77860=LINE('',#77830,#77850);
#77870=EDGE_CURVE('',#75990,#74110,#77860,.T.);
#77880=ORIENTED_EDGE('',*,*,#77870,.T.);
#77890=ORIENTED_EDGE('',*,*,#76000,.F.);
#77900=ORIENTED_EDGE('',*,*,#77700,.T.);
#77910=EDGE_LOOP('',(#77900,#77890,#77880,#77820));
#77920=FACE_OUTER_BOUND('',#77910,.T.);
#77930=ADVANCED_FACE('',(#77920),#77810,.F.);
#77940=CARTESIAN_POINT('',(38.7470024,57.2798126169906,0.180199999999999
));
#77950=DIRECTION('',(0.,-1.,2.03012210217183E-14));
#77960=DIRECTION('',(0.,-2.03012210217183E-14,-1.));
#77970=AXIS2_PLACEMENT_3D('',#77940,#77950,#77960);
#77980=PLANE('',#77970);
#77990=ORIENTED_EDGE('',*,*,#77870,.F.);
#78000=ORIENTED_EDGE('',*,*,#74120,.T.);
#78010=CARTESIAN_POINT('',(38.615,57.2798126169906,-0.0197999999999894))
;
#78020=DIRECTION('',(1.,0.,0.));
#78030=VECTOR('',#78020,1.);
#78040=LINE('',#78010,#78030);
#78050=EDGE_CURVE('',#74030,#76070,#78040,.T.);
#78060=ORIENTED_EDGE('',*,*,#78050,.F.);
#78070=ORIENTED_EDGE('',*,*,#76080,.F.);
#78080=EDGE_LOOP('',(#78070,#78060,#78000,#77990));
#78090=FACE_OUTER_BOUND('',#78080,.T.);
#78100=ADVANCED_FACE('',(#78090),#77980,.F.);
#78110=CARTESIAN_POINT('',(38.7470024,57.4798126169906,
-0.0197999999999965));
#78120=DIRECTION('',(1.,0.,0.));
#78130=DIRECTION('',(0.,0.,-1.));
#78140=AXIS2_PLACEMENT_3D('',#78110,#78120,#78130);
#78150=CYLINDRICAL_SURFACE('',#78140,0.2);
#78160=CARTESIAN_POINT('',(38.735,57.4798126169906,-0.219799999999997));
#78170=DIRECTION('',(-1.,0.,0.));
#78180=VECTOR('',#78170,1.);
#78190=LINE('',#78160,#78180);
#78200=EDGE_CURVE('',#76160,#73940,#78190,.T.);
#78210=ORIENTED_EDGE('',*,*,#78200,.T.);
#78220=ORIENTED_EDGE('',*,*,#76170,.F.);
#78230=ORIENTED_EDGE('',*,*,#78050,.T.);
#78240=ORIENTED_EDGE('',*,*,#74040,.F.);
#78250=EDGE_LOOP('',(#78240,#78230,#78220,#78210));
#78260=FACE_OUTER_BOUND('',#78250,.T.);
#78270=ADVANCED_FACE('',(#78260),#78150,.F.);
#78280=CARTESIAN_POINT('',(38.7470024,57.4798126169906,
-0.219799999999999));
#78290=DIRECTION('',(0.,0.,-1.));
#78300=DIRECTION('',(0.,1.,0.));
#78310=AXIS2_PLACEMENT_3D('',#78280,#78290,#78300);
#78320=PLANE('',#78310);
#78330=CARTESIAN_POINT('',(38.615,57.5898126169906,-0.219799999999999));
#78340=DIRECTION('',(1.,0.,0.));
#78350=VECTOR('',#78340,1.);
#78360=LINE('',#78330,#78350);
#78370=EDGE_CURVE('',#73860,#76240,#78360,.T.);
#78380=ORIENTED_EDGE('',*,*,#78370,.F.);
#78390=ORIENTED_EDGE('',*,*,#76250,.F.);
#78400=ORIENTED_EDGE('',*,*,#78200,.F.);
#78410=ORIENTED_EDGE('',*,*,#73950,.T.);
#78420=EDGE_LOOP('',(#78410,#78400,#78390,#78380));
#78430=FACE_OUTER_BOUND('',#78420,.T.);
#78440=ADVANCED_FACE('',(#78430),#78320,.F.);
#78450=CARTESIAN_POINT('',(38.615,57.5898126169906,-0.169800000000002));
#78460=DIRECTION('',(-1.,0.,0.));
#78470=DIRECTION('',(0.,0.,1.));
#78480=AXIS2_PLACEMENT_3D('',#78450,#78460,#78470);
#78490=CYLINDRICAL_SURFACE('',#78480,0.0499999999999972);
#78500=ORIENTED_EDGE('',*,*,#73870,.F.);
#78510=CARTESIAN_POINT('',(38.735,57.6398126169906,-0.169800000000002));
#78520=DIRECTION('',(-1.,0.,0.));
#78530=VECTOR('',#78520,1.);
#78540=LINE('',#78510,#78530);
#78550=EDGE_CURVE('',#76330,#73770,#78540,.T.);
#78560=ORIENTED_EDGE('',*,*,#78550,.T.);
#78570=ORIENTED_EDGE('',*,*,#76340,.F.);
#78580=ORIENTED_EDGE('',*,*,#78370,.T.);
#78590=EDGE_LOOP('',(#78580,#78570,#78560,#78500));
#78600=FACE_OUTER_BOUND('',#78590,.T.);
#78610=ADVANCED_FACE('',(#78600),#78490,.F.);
#78620=CARTESIAN_POINT('',(38.615,57.8898126169906,-0.169800000000002));
#78630=DIRECTION('',(0.,0.,-1.));
#78640=DIRECTION('',(0.,1.,0.));
#78650=AXIS2_PLACEMENT_3D('',#78620,#78630,#78640);
#78660=PLANE('',#78650);
#78670=ORIENTED_EDGE('',*,*,#73780,.F.);
#78680=CARTESIAN_POINT('',(38.615,57.8398126169906,-0.169800000000002));
#78690=DIRECTION('',(1.,0.,0.));
#78700=VECTOR('',#78690,1.);
#78710=LINE('',#78680,#78700);
#78720=EDGE_CURVE('',#73690,#76410,#78710,.T.);
#78730=ORIENTED_EDGE('',*,*,#78720,.F.);
#78740=ORIENTED_EDGE('',*,*,#76420,.T.);
#78750=ORIENTED_EDGE('',*,*,#78550,.F.);
#78760=EDGE_LOOP('',(#78750,#78740,#78730,#78670));
#78770=FACE_OUTER_BOUND('',#78760,.T.);
#78780=ADVANCED_FACE('',(#78770),#78660,.F.);
#78790=CARTESIAN_POINT('',(38.615,57.8398126169906,-0.369799999999998));
#78800=DIRECTION('',(0.,-1.,0.));
#78810=DIRECTION('',(0.,0.,-1.));
#78820=AXIS2_PLACEMENT_3D('',#78790,#78800,#78810);
#78830=PLANE('',#78820);
#78840=ORIENTED_EDGE('',*,*,#76500,.T.);
#78850=ORIENTED_EDGE('',*,*,#78720,.T.);
#78860=ORIENTED_EDGE('',*,*,#73700,.F.);
#78870=CARTESIAN_POINT('',(38.615,57.8398126169906,-0.369799999999998));
#78880=DIRECTION('',(1.,0.,0.));
#78890=VECTOR('',#78880,1.);
#78900=LINE('',#78870,#78890);
#78910=EDGE_CURVE('',#73610,#76490,#78900,.T.);
#78920=ORIENTED_EDGE('',*,*,#78910,.F.);
#78930=EDGE_LOOP('',(#78920,#78860,#78850,#78840));
#78940=FACE_OUTER_BOUND('',#78930,.T.);
#78950=ADVANCED_FACE('',(#78940),#78830,.F.);
#78960=CARTESIAN_POINT('',(38.735,57.9398126169906,-0.369799999999998));
#78970=DIRECTION('',(1.,0.,0.));
#78980=DIRECTION('',(0.,0.,-1.));
#78990=AXIS2_PLACEMENT_3D('',#78960,#78970,#78980);
#79000=CYLINDRICAL_SURFACE('',#78990,0.1);
#79010=ORIENTED_EDGE('',*,*,#73620,.F.);
#79020=ORIENTED_EDGE('',*,*,#75240,.T.);
#79030=ORIENTED_EDGE('',*,*,#76570,.F.);
#79040=ORIENTED_EDGE('',*,*,#78910,.T.);
#79050=EDGE_LOOP('',(#79040,#79030,#79020,#79010));
#79060=FACE_OUTER_BOUND('',#79050,.T.);
#79070=ADVANCED_FACE('',(#79060),#79000,.F.);
#79080=CARTESIAN_POINT('',(38.115,57.3198126169906,-0.569800000000001));
#79090=DIRECTION('',(0.,1.,0.));
#79100=DIRECTION('',(0.,0.,1.));
#79110=AXIS2_PLACEMENT_3D('',#79080,#79090,#79100);
#79120=PLANE('',#79110);
#79130=ORIENTED_EDGE('',*,*,#72100,.T.);
#79140=ORIENTED_EDGE('',*,*,#12740,.T.);
#79150=ORIENTED_EDGE('',*,*,#71280,.F.);
#79160=CARTESIAN_POINT('',(38.115,57.3198126169906,-0.543961984870968));
#79170=DIRECTION('',(1.,0.,0.));
#79180=VECTOR('',#79170,1.);
#79190=LINE('',#79160,#79180);
#79200=EDGE_CURVE('',#71210,#72090,#79190,.T.);
#79210=ORIENTED_EDGE('',*,*,#79200,.F.);
#79220=EDGE_LOOP('',(#79210,#79150,#79140,#79130));
#79230=FACE_OUTER_BOUND('',#79220,.T.);
#79240=ADVANCED_FACE('',(#79230),#79120,.F.);
#79250=CARTESIAN_POINT('',(38.115,57.3498126169906,-0.543961984870968));
#79260=DIRECTION('',(-1.,0.,0.));
#79270=DIRECTION('',(0.,0.,1.));
#79280=AXIS2_PLACEMENT_3D('',#79250,#79260,#79270);
#79290=CYLINDRICAL_SURFACE('',#79280,0.03);
#79300=ORIENTED_EDGE('',*,*,#71220,.F.);
#79310=CARTESIAN_POINT('',(38.235,57.3385626169906,-0.516151240544359));
#79320=DIRECTION('',(-1.,0.,0.));
#79330=VECTOR('',#79320,1.);
#79340=LINE('',#79310,#79330);
#79350=EDGE_CURVE('',#72180,#71120,#79340,.T.);
#79360=ORIENTED_EDGE('',*,*,#79350,.T.);
#79370=ORIENTED_EDGE('',*,*,#72190,.F.);
#79380=ORIENTED_EDGE('',*,*,#79200,.T.);
#79390=EDGE_LOOP('',(#79380,#79370,#79360,#79300));
#79400=FACE_OUTER_BOUND('',#79390,.T.);
#79410=ADVANCED_FACE('',(#79400),#79290,.T.);
#79420=CARTESIAN_POINT('',(38.115,57.3198126169906,-0.469800000000014));
#79430=DIRECTION('',(-1.,0.,0.));
#79440=DIRECTION('',(0.,0.,1.));
#79450=AXIS2_PLACEMENT_3D('',#79420,#79430,#79440);
#79460=CYLINDRICAL_SURFACE('',#79450,0.05);
#79470=ORIENTED_EDGE('',*,*,#71130,.F.);
#79480=CARTESIAN_POINT('',(38.235,57.3483611442582,-0.428751472732263));
#79490=DIRECTION('',(-1.,0.,0.));
#79500=VECTOR('',#79490,1.);
#79510=LINE('',#79480,#79500);
#79520=EDGE_CURVE('',#72270,#71030,#79510,.T.);
#79530=ORIENTED_EDGE('',*,*,#79520,.T.);
#79540=ORIENTED_EDGE('',*,*,#72280,.F.);
#79550=ORIENTED_EDGE('',*,*,#79350,.F.);
#79560=EDGE_LOOP('',(#79550,#79540,#79530,#79470));
#79570=FACE_OUTER_BOUND('',#79560,.T.);
#79580=ADVANCED_FACE('',(#79570),#79460,.F.);
#79590=CARTESIAN_POINT('',(38.2470024,57.3483611442582,-0.42875147273233
));
#79600=DIRECTION('',(0.,0.570970545353777,0.820970545353736));
#79610=DIRECTION('',(0.,-0.820970545353736,0.570970545353777));
#79620=AXIS2_PLACEMENT_3D('',#79590,#79600,#79610);
#79630=PLANE('',#79620);
#79640=ORIENTED_EDGE('',*,*,#79520,.F.);
#79650=ORIENTED_EDGE('',*,*,#71040,.F.);
#79660=CARTESIAN_POINT('',(38.235,57.1198126169906,-0.269800000000069));
#79670=DIRECTION('',(-1.,0.,0.));
#79680=VECTOR('',#79670,1.);
#79690=LINE('',#79660,#79680);
#79700=EDGE_CURVE('',#72350,#70950,#79690,.T.);
#79710=ORIENTED_EDGE('',*,*,#79700,.T.);
#79720=ORIENTED_EDGE('',*,*,#72360,.F.);
#79730=EDGE_LOOP('',(#79720,#79710,#79650,#79640));
#79740=FACE_OUTER_BOUND('',#79730,.T.);
#79750=ADVANCED_FACE('',(#79740),#79630,.F.);
#79760=CARTESIAN_POINT('',(38.115,57.1198126169906,0.0801999999999694));
#79770=DIRECTION('',(0.,1.,-1.57898385724466E-14));
#79780=DIRECTION('',(0.,1.57898385724466E-14,1.));
#79790=AXIS2_PLACEMENT_3D('',#79760,#79770,#79780);
#79800=PLANE('',#79790);
#79810=ORIENTED_EDGE('',*,*,#70960,.T.);
#79820=CARTESIAN_POINT('',(38.115,57.1198126169906,0.0801999999999903));
#79830=DIRECTION('',(1.,0.,0.));
#79840=VECTOR('',#79830,1.);
#79850=LINE('',#79820,#79840);
#79860=EDGE_CURVE('',#70870,#72430,#79850,.T.);
#79870=ORIENTED_EDGE('',*,*,#79860,.F.);
#79880=ORIENTED_EDGE('',*,*,#72440,.F.);
#79890=ORIENTED_EDGE('',*,*,#79700,.F.);
#79900=EDGE_LOOP('',(#79890,#79880,#79870,#79810));
#79910=FACE_OUTER_BOUND('',#79900,.T.);
#79920=ADVANCED_FACE('',(#79910),#79800,.F.);
#79930=CARTESIAN_POINT('',(38.115,57.1698126169906,0.180199999999999));
#79940=DIRECTION('',(0.,0.894427190999929,-0.447213595499933));
#79950=DIRECTION('',(0.,0.447213595499933,0.894427190999929));
#79960=AXIS2_PLACEMENT_3D('',#79930,#79940,#79950);
#79970=PLANE('',#79960);
#79980=ORIENTED_EDGE('',*,*,#70880,.F.);
#79990=CARTESIAN_POINT('',(38.115,57.1698126169906,0.180199999999999));
#80000=DIRECTION('',(1.,0.,0.));
#80010=VECTOR('',#80000,1.);
#80020=LINE('',#79990,#80010);
#80030=EDGE_CURVE('',#70790,#72510,#80020,.T.);
#80040=ORIENTED_EDGE('',*,*,#80030,.F.);
#80050=ORIENTED_EDGE('',*,*,#72520,.F.);
#80060=ORIENTED_EDGE('',*,*,#79860,.T.);
#80070=EDGE_LOOP('',(#80060,#80050,#80040,#79980));
#80080=FACE_OUTER_BOUND('',#80070,.T.);
#80090=ADVANCED_FACE('',(#80080),#79970,.F.);
#80100=CARTESIAN_POINT('',(38.115,57.4398126169906,0.180199999999999));
#80110=DIRECTION('',(0.,0.,-1.));
#80120=DIRECTION('',(0.,1.,0.));
#80130=AXIS2_PLACEMENT_3D('',#80100,#80110,#80120);
#80140=PLANE('',#80130);
#80150=ORIENTED_EDGE('',*,*,#70800,.T.);
#80160=CARTESIAN_POINT('',(38.235,57.2798126169906,0.180199999999999));
#80170=DIRECTION('',(-1.,0.,0.));
#80180=VECTOR('',#80170,1.);
#80190=LINE('',#80160,#80180);
#80200=EDGE_CURVE('',#72590,#70710,#80190,.T.);
#80210=ORIENTED_EDGE('',*,*,#80200,.T.);
#80220=ORIENTED_EDGE('',*,*,#72600,.F.);
#80230=ORIENTED_EDGE('',*,*,#80030,.T.);
#80240=EDGE_LOOP('',(#80230,#80220,#80210,#80150));
#80250=FACE_OUTER_BOUND('',#80240,.T.);
#80260=ADVANCED_FACE('',(#80250),#80140,.F.);
#80270=CARTESIAN_POINT('',(38.2470024,57.2798126169906,0.180199999999999
));
#80280=DIRECTION('',(0.,-1.,2.03012210217183E-14));
#80290=DIRECTION('',(0.,-2.03012210217183E-14,-1.));
#80300=AXIS2_PLACEMENT_3D('',#80270,#80280,#80290);
#80310=PLANE('',#80300);
#80320=ORIENTED_EDGE('',*,*,#80200,.F.);
#80330=ORIENTED_EDGE('',*,*,#70720,.T.);
#80340=CARTESIAN_POINT('',(38.115,57.2798126169906,-0.0197999999999894))
;
#80350=DIRECTION('',(1.,0.,0.));
#80360=VECTOR('',#80350,1.);
#80370=LINE('',#80340,#80360);
#80380=EDGE_CURVE('',#70630,#72670,#80370,.T.);
#80390=ORIENTED_EDGE('',*,*,#80380,.F.);
#80400=ORIENTED_EDGE('',*,*,#72680,.F.);
#80410=EDGE_LOOP('',(#80400,#80390,#80330,#80320));
#80420=FACE_OUTER_BOUND('',#80410,.T.);
#80430=ADVANCED_FACE('',(#80420),#80310,.F.);
#80440=CARTESIAN_POINT('',(38.2470024,57.4798126169906,
-0.0197999999999965));
#80450=DIRECTION('',(1.,0.,0.));
#80460=DIRECTION('',(0.,0.,-1.));
#80470=AXIS2_PLACEMENT_3D('',#80440,#80450,#80460);
#80480=CYLINDRICAL_SURFACE('',#80470,0.2);
#80490=CARTESIAN_POINT('',(38.235,57.4798126169906,-0.219799999999997));
#80500=DIRECTION('',(-1.,0.,0.));
#80510=VECTOR('',#80500,1.);
#80520=LINE('',#80490,#80510);
#80530=EDGE_CURVE('',#72760,#70540,#80520,.T.);
#80540=ORIENTED_EDGE('',*,*,#80530,.T.);
#80550=ORIENTED_EDGE('',*,*,#72770,.F.);
#80560=ORIENTED_EDGE('',*,*,#80380,.T.);
#80570=ORIENTED_EDGE('',*,*,#70640,.F.);
#80580=EDGE_LOOP('',(#80570,#80560,#80550,#80540));
#80590=FACE_OUTER_BOUND('',#80580,.T.);
#80600=ADVANCED_FACE('',(#80590),#80480,.F.);
#80610=CARTESIAN_POINT('',(38.2470024,57.4798126169906,
-0.219799999999999));
#80620=DIRECTION('',(0.,0.,-1.));
#80630=DIRECTION('',(0.,1.,0.));
#80640=AXIS2_PLACEMENT_3D('',#80610,#80620,#80630);
#80650=PLANE('',#80640);
#80660=CARTESIAN_POINT('',(38.115,57.5898126169906,-0.219799999999999));
#80670=DIRECTION('',(1.,0.,0.));
#80680=VECTOR('',#80670,1.);
#80690=LINE('',#80660,#80680);
#80700=EDGE_CURVE('',#70460,#72840,#80690,.T.);
#80710=ORIENTED_EDGE('',*,*,#80700,.F.);
#80720=ORIENTED_EDGE('',*,*,#72850,.F.);
#80730=ORIENTED_EDGE('',*,*,#80530,.F.);
#80740=ORIENTED_EDGE('',*,*,#70550,.T.);
#80750=EDGE_LOOP('',(#80740,#80730,#80720,#80710));
#80760=FACE_OUTER_BOUND('',#80750,.T.);
#80770=ADVANCED_FACE('',(#80760),#80650,.F.);
#80780=CARTESIAN_POINT('',(38.115,57.5898126169906,-0.169800000000002));
#80790=DIRECTION('',(-1.,0.,0.));
#80800=DIRECTION('',(0.,0.,1.));
#80810=AXIS2_PLACEMENT_3D('',#80780,#80790,#80800);
#80820=CYLINDRICAL_SURFACE('',#80810,0.0499999999999972);
#80830=ORIENTED_EDGE('',*,*,#70470,.F.);
#80840=CARTESIAN_POINT('',(38.235,57.6398126169906,-0.169800000000002));
#80850=DIRECTION('',(-1.,0.,0.));
#80860=VECTOR('',#80850,1.);
#80870=LINE('',#80840,#80860);
#80880=EDGE_CURVE('',#72930,#70370,#80870,.T.);
#80890=ORIENTED_EDGE('',*,*,#80880,.T.);
#80900=ORIENTED_EDGE('',*,*,#72940,.F.);
#80910=ORIENTED_EDGE('',*,*,#80700,.T.);
#80920=EDGE_LOOP('',(#80910,#80900,#80890,#80830));
#80930=FACE_OUTER_BOUND('',#80920,.T.);
#80940=ADVANCED_FACE('',(#80930),#80820,.F.);
#80950=CARTESIAN_POINT('',(38.115,57.8898126169906,-0.169800000000002));
#80960=DIRECTION('',(0.,0.,-1.));
#80970=DIRECTION('',(0.,1.,0.));
#80980=AXIS2_PLACEMENT_3D('',#80950,#80960,#80970);
#80990=PLANE('',#80980);
#81000=ORIENTED_EDGE('',*,*,#70380,.F.);
#81010=CARTESIAN_POINT('',(38.115,57.8398126169906,-0.169800000000002));
#81020=DIRECTION('',(1.,0.,0.));
#81030=VECTOR('',#81020,1.);
#81040=LINE('',#81010,#81030);
#81050=EDGE_CURVE('',#70290,#73010,#81040,.T.);
#81060=ORIENTED_EDGE('',*,*,#81050,.F.);
#81070=ORIENTED_EDGE('',*,*,#73020,.T.);
#81080=ORIENTED_EDGE('',*,*,#80880,.F.);
#81090=EDGE_LOOP('',(#81080,#81070,#81060,#81000));
#81100=FACE_OUTER_BOUND('',#81090,.T.);
#81110=ADVANCED_FACE('',(#81100),#80990,.F.);
#81120=CARTESIAN_POINT('',(38.115,57.8398126169906,-0.369799999999998));
#81130=DIRECTION('',(0.,-1.,0.));
#81140=DIRECTION('',(0.,0.,-1.));
#81150=AXIS2_PLACEMENT_3D('',#81120,#81130,#81140);
#81160=PLANE('',#81150);
#81170=ORIENTED_EDGE('',*,*,#73100,.T.);
#81180=ORIENTED_EDGE('',*,*,#81050,.T.);
#81190=ORIENTED_EDGE('',*,*,#70300,.F.);
#81200=CARTESIAN_POINT('',(38.115,57.8398126169906,-0.369799999999998));
#81210=DIRECTION('',(1.,0.,0.));
#81220=VECTOR('',#81210,1.);
#81230=LINE('',#81200,#81220);
#81240=EDGE_CURVE('',#70210,#73090,#81230,.T.);
#81250=ORIENTED_EDGE('',*,*,#81240,.F.);
#81260=EDGE_LOOP('',(#81250,#81190,#81180,#81170));
#81270=FACE_OUTER_BOUND('',#81260,.T.);
#81280=ADVANCED_FACE('',(#81270),#81160,.F.);
#81290=CARTESIAN_POINT('',(38.235,57.9398126169906,-0.369799999999998));
#81300=DIRECTION('',(1.,0.,0.));
#81310=DIRECTION('',(0.,0.,-1.));
#81320=AXIS2_PLACEMENT_3D('',#81290,#81300,#81310);
#81330=CYLINDRICAL_SURFACE('',#81320,0.1);
#81340=ORIENTED_EDGE('',*,*,#70220,.F.);
#81350=ORIENTED_EDGE('',*,*,#71840,.T.);
#81360=ORIENTED_EDGE('',*,*,#73170,.F.);
#81370=ORIENTED_EDGE('',*,*,#81240,.T.);
#81380=EDGE_LOOP('',(#81370,#81360,#81350,#81340));
#81390=FACE_OUTER_BOUND('',#81380,.T.);
#81400=ADVANCED_FACE('',(#81390),#81330,.F.);
#81410=CARTESIAN_POINT('',(37.615,57.3198126169906,-0.569800000000001));
#81420=DIRECTION('',(0.,1.,0.));
#81430=DIRECTION('',(0.,0.,1.));
#81440=AXIS2_PLACEMENT_3D('',#81410,#81420,#81430);
#81450=PLANE('',#81440);
#81460=ORIENTED_EDGE('',*,*,#68700,.T.);
#81470=ORIENTED_EDGE('',*,*,#12420,.T.);
#81480=ORIENTED_EDGE('',*,*,#67880,.F.);
#81490=CARTESIAN_POINT('',(37.615,57.3198126169906,-0.543961984870968));
#81500=DIRECTION('',(1.,0.,0.));
#81510=VECTOR('',#81500,1.);
#81520=LINE('',#81490,#81510);
#81530=EDGE_CURVE('',#67810,#68690,#81520,.T.);
#81540=ORIENTED_EDGE('',*,*,#81530,.F.);
#81550=EDGE_LOOP('',(#81540,#81480,#81470,#81460));
#81560=FACE_OUTER_BOUND('',#81550,.T.);
#81570=ADVANCED_FACE('',(#81560),#81450,.F.);
#81580=CARTESIAN_POINT('',(37.615,57.3498126169906,-0.543961984870968));
#81590=DIRECTION('',(-1.,0.,0.));
#81600=DIRECTION('',(0.,0.,1.));
#81610=AXIS2_PLACEMENT_3D('',#81580,#81590,#81600);
#81620=CYLINDRICAL_SURFACE('',#81610,0.03);
#81630=ORIENTED_EDGE('',*,*,#67820,.F.);
#81640=CARTESIAN_POINT('',(37.735,57.3385626169906,-0.516151240544359));
#81650=DIRECTION('',(-1.,0.,0.));
#81660=VECTOR('',#81650,1.);
#81670=LINE('',#81640,#81660);
#81680=EDGE_CURVE('',#68780,#67720,#81670,.T.);
#81690=ORIENTED_EDGE('',*,*,#81680,.T.);
#81700=ORIENTED_EDGE('',*,*,#68790,.F.);
#81710=ORIENTED_EDGE('',*,*,#81530,.T.);
#81720=EDGE_LOOP('',(#81710,#81700,#81690,#81630));
#81730=FACE_OUTER_BOUND('',#81720,.T.);
#81740=ADVANCED_FACE('',(#81730),#81620,.T.);
#81750=CARTESIAN_POINT('',(37.615,57.3198126169906,-0.469800000000014));
#81760=DIRECTION('',(-1.,0.,0.));
#81770=DIRECTION('',(0.,0.,1.));
#81780=AXIS2_PLACEMENT_3D('',#81750,#81760,#81770);
#81790=CYLINDRICAL_SURFACE('',#81780,0.05);
#81800=ORIENTED_EDGE('',*,*,#67730,.F.);
#81810=CARTESIAN_POINT('',(37.735,57.3483611442582,-0.428751472732263));
#81820=DIRECTION('',(-1.,0.,0.));
#81830=VECTOR('',#81820,1.);
#81840=LINE('',#81810,#81830);
#81850=EDGE_CURVE('',#68870,#67630,#81840,.T.);
#81860=ORIENTED_EDGE('',*,*,#81850,.T.);
#81870=ORIENTED_EDGE('',*,*,#68880,.F.);
#81880=ORIENTED_EDGE('',*,*,#81680,.F.);
#81890=EDGE_LOOP('',(#81880,#81870,#81860,#81800));
#81900=FACE_OUTER_BOUND('',#81890,.T.);
#81910=ADVANCED_FACE('',(#81900),#81790,.F.);
#81920=CARTESIAN_POINT('',(37.7470024,57.3483611442582,-0.42875147273233
));
#81930=DIRECTION('',(0.,0.570970545353777,0.820970545353736));
#81940=DIRECTION('',(0.,-0.820970545353736,0.570970545353777));
#81950=AXIS2_PLACEMENT_3D('',#81920,#81930,#81940);
#81960=PLANE('',#81950);
#81970=ORIENTED_EDGE('',*,*,#81850,.F.);
#81980=ORIENTED_EDGE('',*,*,#67640,.F.);
#81990=CARTESIAN_POINT('',(37.735,57.1198126169906,-0.269800000000069));
#82000=DIRECTION('',(-1.,0.,0.));
#82010=VECTOR('',#82000,1.);
#82020=LINE('',#81990,#82010);
#82030=EDGE_CURVE('',#68950,#67550,#82020,.T.);
#82040=ORIENTED_EDGE('',*,*,#82030,.T.);
#82050=ORIENTED_EDGE('',*,*,#68960,.F.);
#82060=EDGE_LOOP('',(#82050,#82040,#81980,#81970));
#82070=FACE_OUTER_BOUND('',#82060,.T.);
#82080=ADVANCED_FACE('',(#82070),#81960,.F.);
#82090=CARTESIAN_POINT('',(37.615,57.1198126169906,0.0801999999999694));
#82100=DIRECTION('',(0.,1.,-1.57898385724466E-14));
#82110=DIRECTION('',(0.,1.57898385724466E-14,1.));
#82120=AXIS2_PLACEMENT_3D('',#82090,#82100,#82110);
#82130=PLANE('',#82120);
#82140=ORIENTED_EDGE('',*,*,#67560,.T.);
#82150=CARTESIAN_POINT('',(37.615,57.1198126169906,0.0801999999999903));
#82160=DIRECTION('',(1.,0.,0.));
#82170=VECTOR('',#82160,1.);
#82180=LINE('',#82150,#82170);
#82190=EDGE_CURVE('',#67470,#69030,#82180,.T.);
#82200=ORIENTED_EDGE('',*,*,#82190,.F.);
#82210=ORIENTED_EDGE('',*,*,#69040,.F.);
#82220=ORIENTED_EDGE('',*,*,#82030,.F.);
#82230=EDGE_LOOP('',(#82220,#82210,#82200,#82140));
#82240=FACE_OUTER_BOUND('',#82230,.T.);
#82250=ADVANCED_FACE('',(#82240),#82130,.F.);
#82260=CARTESIAN_POINT('',(37.615,57.1698126169906,0.180199999999999));
#82270=DIRECTION('',(0.,0.894427190999929,-0.447213595499933));
#82280=DIRECTION('',(0.,0.447213595499933,0.894427190999929));
#82290=AXIS2_PLACEMENT_3D('',#82260,#82270,#82280);
#82300=PLANE('',#82290);
#82310=ORIENTED_EDGE('',*,*,#67480,.F.);
#82320=CARTESIAN_POINT('',(37.615,57.1698126169906,0.180199999999999));
#82330=DIRECTION('',(1.,0.,0.));
#82340=VECTOR('',#82330,1.);
#82350=LINE('',#82320,#82340);
#82360=EDGE_CURVE('',#67390,#69110,#82350,.T.);
#82370=ORIENTED_EDGE('',*,*,#82360,.F.);
#82380=ORIENTED_EDGE('',*,*,#69120,.F.);
#82390=ORIENTED_EDGE('',*,*,#82190,.T.);
#82400=EDGE_LOOP('',(#82390,#82380,#82370,#82310));
#82410=FACE_OUTER_BOUND('',#82400,.T.);
#82420=ADVANCED_FACE('',(#82410),#82300,.F.);
#82430=CARTESIAN_POINT('',(37.615,57.4398126169906,0.180199999999999));
#82440=DIRECTION('',(0.,0.,-1.));
#82450=DIRECTION('',(0.,1.,0.));
#82460=AXIS2_PLACEMENT_3D('',#82430,#82440,#82450);
#82470=PLANE('',#82460);
#82480=ORIENTED_EDGE('',*,*,#67400,.T.);
#82490=CARTESIAN_POINT('',(37.735,57.2798126169906,0.180199999999999));
#82500=DIRECTION('',(-1.,0.,0.));
#82510=VECTOR('',#82500,1.);
#82520=LINE('',#82490,#82510);
#82530=EDGE_CURVE('',#69190,#67310,#82520,.T.);
#82540=ORIENTED_EDGE('',*,*,#82530,.T.);
#82550=ORIENTED_EDGE('',*,*,#69200,.F.);
#82560=ORIENTED_EDGE('',*,*,#82360,.T.);
#82570=EDGE_LOOP('',(#82560,#82550,#82540,#82480));
#82580=FACE_OUTER_BOUND('',#82570,.T.);
#82590=ADVANCED_FACE('',(#82580),#82470,.F.);
#82600=CARTESIAN_POINT('',(37.7470024,57.2798126169906,0.180199999999999
));
#82610=DIRECTION('',(0.,-1.,2.03012210217183E-14));
#82620=DIRECTION('',(0.,-2.03012210217183E-14,-1.));
#82630=AXIS2_PLACEMENT_3D('',#82600,#82610,#82620);
#82640=PLANE('',#82630);
#82650=ORIENTED_EDGE('',*,*,#82530,.F.);
#82660=ORIENTED_EDGE('',*,*,#67320,.T.);
#82670=CARTESIAN_POINT('',(37.615,57.2798126169906,-0.0197999999999894))
;
#82680=DIRECTION('',(1.,0.,0.));
#82690=VECTOR('',#82680,1.);
#82700=LINE('',#82670,#82690);
#82710=EDGE_CURVE('',#67230,#69270,#82700,.T.);
#82720=ORIENTED_EDGE('',*,*,#82710,.F.);
#82730=ORIENTED_EDGE('',*,*,#69280,.F.);
#82740=EDGE_LOOP('',(#82730,#82720,#82660,#82650));
#82750=FACE_OUTER_BOUND('',#82740,.T.);
#82760=ADVANCED_FACE('',(#82750),#82640,.F.);
#82770=CARTESIAN_POINT('',(37.7470024,57.4798126169906,
-0.0197999999999965));
#82780=DIRECTION('',(1.,0.,0.));
#82790=DIRECTION('',(0.,0.,-1.));
#82800=AXIS2_PLACEMENT_3D('',#82770,#82780,#82790);
#82810=CYLINDRICAL_SURFACE('',#82800,0.2);
#82820=CARTESIAN_POINT('',(37.735,57.4798126169906,-0.219799999999997));
#82830=DIRECTION('',(-1.,0.,0.));
#82840=VECTOR('',#82830,1.);
#82850=LINE('',#82820,#82840);
#82860=EDGE_CURVE('',#69360,#67140,#82850,.T.);
#82870=ORIENTED_EDGE('',*,*,#82860,.T.);
#82880=ORIENTED_EDGE('',*,*,#69370,.F.);
#82890=ORIENTED_EDGE('',*,*,#82710,.T.);
#82900=ORIENTED_EDGE('',*,*,#67240,.F.);
#82910=EDGE_LOOP('',(#82900,#82890,#82880,#82870));
#82920=FACE_OUTER_BOUND('',#82910,.T.);
#82930=ADVANCED_FACE('',(#82920),#82810,.F.);
#82940=CARTESIAN_POINT('',(37.7470024,57.4798126169906,
-0.219799999999999));
#82950=DIRECTION('',(0.,0.,-1.));
#82960=DIRECTION('',(0.,1.,0.));
#82970=AXIS2_PLACEMENT_3D('',#82940,#82950,#82960);
#82980=PLANE('',#82970);
#82990=CARTESIAN_POINT('',(37.615,57.5898126169906,-0.219799999999999));
#83000=DIRECTION('',(1.,0.,0.));
#83010=VECTOR('',#83000,1.);
#83020=LINE('',#82990,#83010);
#83030=EDGE_CURVE('',#67060,#69440,#83020,.T.);
#83040=ORIENTED_EDGE('',*,*,#83030,.F.);
#83050=ORIENTED_EDGE('',*,*,#69450,.F.);
#83060=ORIENTED_EDGE('',*,*,#82860,.F.);
#83070=ORIENTED_EDGE('',*,*,#67150,.T.);
#83080=EDGE_LOOP('',(#83070,#83060,#83050,#83040));
#83090=FACE_OUTER_BOUND('',#83080,.T.);
#83100=ADVANCED_FACE('',(#83090),#82980,.F.);
#83110=CARTESIAN_POINT('',(37.615,57.5898126169906,-0.169800000000002));
#83120=DIRECTION('',(-1.,0.,0.));
#83130=DIRECTION('',(0.,0.,1.));
#83140=AXIS2_PLACEMENT_3D('',#83110,#83120,#83130);
#83150=CYLINDRICAL_SURFACE('',#83140,0.0499999999999972);
#83160=ORIENTED_EDGE('',*,*,#67070,.F.);
#83170=CARTESIAN_POINT('',(37.735,57.6398126169906,-0.169800000000002));
#83180=DIRECTION('',(-1.,0.,0.));
#83190=VECTOR('',#83180,1.);
#83200=LINE('',#83170,#83190);
#83210=EDGE_CURVE('',#69530,#66970,#83200,.T.);
#83220=ORIENTED_EDGE('',*,*,#83210,.T.);
#83230=ORIENTED_EDGE('',*,*,#69540,.F.);
#83240=ORIENTED_EDGE('',*,*,#83030,.T.);
#83250=EDGE_LOOP('',(#83240,#83230,#83220,#83160));
#83260=FACE_OUTER_BOUND('',#83250,.T.);
#83270=ADVANCED_FACE('',(#83260),#83150,.F.);
#83280=CARTESIAN_POINT('',(37.615,57.8898126169906,-0.169800000000002));
#83290=DIRECTION('',(0.,0.,-1.));
#83300=DIRECTION('',(0.,1.,0.));
#83310=AXIS2_PLACEMENT_3D('',#83280,#83290,#83300);
#83320=PLANE('',#83310);
#83330=ORIENTED_EDGE('',*,*,#66980,.F.);
#83340=CARTESIAN_POINT('',(37.615,57.8398126169906,-0.169800000000002));
#83350=DIRECTION('',(1.,0.,0.));
#83360=VECTOR('',#83350,1.);
#83370=LINE('',#83340,#83360);
#83380=EDGE_CURVE('',#66890,#69610,#83370,.T.);
#83390=ORIENTED_EDGE('',*,*,#83380,.F.);
#83400=ORIENTED_EDGE('',*,*,#69620,.T.);
#83410=ORIENTED_EDGE('',*,*,#83210,.F.);
#83420=EDGE_LOOP('',(#83410,#83400,#83390,#83330));
#83430=FACE_OUTER_BOUND('',#83420,.T.);
#83440=ADVANCED_FACE('',(#83430),#83320,.F.);
#83450=CARTESIAN_POINT('',(37.615,57.8398126169906,-0.369799999999998));
#83460=DIRECTION('',(0.,-1.,0.));
#83470=DIRECTION('',(0.,0.,-1.));
#83480=AXIS2_PLACEMENT_3D('',#83450,#83460,#83470);
#83490=PLANE('',#83480);
#83500=ORIENTED_EDGE('',*,*,#69700,.T.);
#83510=ORIENTED_EDGE('',*,*,#83380,.T.);
#83520=ORIENTED_EDGE('',*,*,#66900,.F.);
#83530=CARTESIAN_POINT('',(37.615,57.8398126169906,-0.369799999999998));
#83540=DIRECTION('',(1.,0.,0.));
#83550=VECTOR('',#83540,1.);
#83560=LINE('',#83530,#83550);
#83570=EDGE_CURVE('',#66810,#69690,#83560,.T.);
#83580=ORIENTED_EDGE('',*,*,#83570,.F.);
#83590=EDGE_LOOP('',(#83580,#83520,#83510,#83500));
#83600=FACE_OUTER_BOUND('',#83590,.T.);
#83610=ADVANCED_FACE('',(#83600),#83490,.F.);
#83620=CARTESIAN_POINT('',(37.735,57.9398126169906,-0.369799999999998));
#83630=DIRECTION('',(1.,0.,0.));
#83640=DIRECTION('',(0.,0.,-1.));
#83650=AXIS2_PLACEMENT_3D('',#83620,#83630,#83640);
#83660=CYLINDRICAL_SURFACE('',#83650,0.1);
#83670=ORIENTED_EDGE('',*,*,#66820,.F.);
#83680=ORIENTED_EDGE('',*,*,#68440,.T.);
#83690=ORIENTED_EDGE('',*,*,#69770,.F.);
#83700=ORIENTED_EDGE('',*,*,#83570,.T.);
#83710=EDGE_LOOP('',(#83700,#83690,#83680,#83670));
#83720=FACE_OUTER_BOUND('',#83710,.T.);
#83730=ADVANCED_FACE('',(#83720),#83660,.F.);
#83740=CARTESIAN_POINT('',(37.115,57.3198126169906,-0.569800000000001));
#83750=DIRECTION('',(0.,1.,0.));
#83760=DIRECTION('',(0.,0.,1.));
#83770=AXIS2_PLACEMENT_3D('',#83740,#83750,#83760);
#83780=PLANE('',#83770);
#83790=ORIENTED_EDGE('',*,*,#65300,.T.);
#83800=ORIENTED_EDGE('',*,*,#12100,.T.);
#83810=ORIENTED_EDGE('',*,*,#64550,.T.);
#83820=CARTESIAN_POINT('',(37.115,57.3198126169906,-0.543961984870968));
#83830=DIRECTION('',(1.,0.,0.));
#83840=VECTOR('',#83830,1.);
#83850=LINE('',#83820,#83840);
#83860=EDGE_CURVE('',#64480,#65290,#83850,.T.);
#83870=ORIENTED_EDGE('',*,*,#83860,.F.);
#83880=EDGE_LOOP('',(#83870,#83810,#83800,#83790));
#83890=FACE_OUTER_BOUND('',#83880,.T.);
#83900=ADVANCED_FACE('',(#83890),#83780,.F.);
#83910=CARTESIAN_POINT('',(37.115,57.3498126169906,-0.543961984870968));
#83920=DIRECTION('',(-1.,0.,0.));
#83930=DIRECTION('',(0.,0.,1.));
#83940=AXIS2_PLACEMENT_3D('',#83910,#83920,#83930);
#83950=CYLINDRICAL_SURFACE('',#83940,0.03);
#83960=ORIENTED_EDGE('',*,*,#64490,.F.);
#83970=CARTESIAN_POINT('',(37.235,57.3385626169906,-0.516151240544359));
#83980=DIRECTION('',(-1.,0.,0.));
#83990=VECTOR('',#83980,1.);
#84000=LINE('',#83970,#83990);
#84010=EDGE_CURVE('',#65380,#64370,#84000,.T.);
#84020=ORIENTED_EDGE('',*,*,#84010,.T.);
#84030=ORIENTED_EDGE('',*,*,#65390,.F.);
#84040=ORIENTED_EDGE('',*,*,#83860,.T.);
#84050=EDGE_LOOP('',(#84040,#84030,#84020,#83960));
#84060=FACE_OUTER_BOUND('',#84050,.T.);
#84070=ADVANCED_FACE('',(#84060),#83950,.T.);
#84080=CARTESIAN_POINT('',(37.115,57.3198126169906,-0.469800000000014));
#84090=DIRECTION('',(-1.,0.,0.));
#84100=DIRECTION('',(0.,0.,1.));
#84110=AXIS2_PLACEMENT_3D('',#84080,#84090,#84100);
#84120=CYLINDRICAL_SURFACE('',#84110,0.05);
#84130=ORIENTED_EDGE('',*,*,#64380,.F.);
#84140=CARTESIAN_POINT('',(37.235,57.3483611442582,-0.428751472732263));
#84150=DIRECTION('',(-1.,0.,0.));
#84160=VECTOR('',#84150,1.);
#84170=LINE('',#84140,#84160);
#84180=EDGE_CURVE('',#65470,#64230,#84170,.T.);
#84190=ORIENTED_EDGE('',*,*,#84180,.T.);
#84200=ORIENTED_EDGE('',*,*,#65480,.F.);
#84210=ORIENTED_EDGE('',*,*,#84010,.F.);
#84220=EDGE_LOOP('',(#84210,#84200,#84190,#84130));
#84230=FACE_OUTER_BOUND('',#84220,.T.);
#84240=ADVANCED_FACE('',(#84230),#84120,.F.);
#84250=CARTESIAN_POINT('',(37.2470024,57.3483611442582,-0.42875147273233
));
#84260=DIRECTION('',(0.,0.570970545353777,0.820970545353736));
#84270=DIRECTION('',(0.,-0.820970545353736,0.570970545353777));
#84280=AXIS2_PLACEMENT_3D('',#84250,#84260,#84270);
#84290=PLANE('',#84280);
#84300=ORIENTED_EDGE('',*,*,#84180,.F.);
#84310=ORIENTED_EDGE('',*,*,#64240,.F.);
#84320=CARTESIAN_POINT('',(37.235,57.1198126169906,-0.269800000000069));
#84330=DIRECTION('',(-1.,0.,0.));
#84340=VECTOR('',#84330,1.);
#84350=LINE('',#84320,#84340);
#84360=EDGE_CURVE('',#65550,#64150,#84350,.T.);
#84370=ORIENTED_EDGE('',*,*,#84360,.T.);
#84380=ORIENTED_EDGE('',*,*,#65560,.F.);
#84390=EDGE_LOOP('',(#84380,#84370,#84310,#84300));
#84400=FACE_OUTER_BOUND('',#84390,.T.);
#84410=ADVANCED_FACE('',(#84400),#84290,.F.);
#84420=CARTESIAN_POINT('',(37.115,57.1198126169906,0.0801999999999694));
#84430=DIRECTION('',(0.,1.,-1.57898385724466E-14));
#84440=DIRECTION('',(0.,1.57898385724466E-14,1.));
#84450=AXIS2_PLACEMENT_3D('',#84420,#84430,#84440);
#84460=PLANE('',#84450);
#84470=ORIENTED_EDGE('',*,*,#64160,.T.);
#84480=CARTESIAN_POINT('',(37.115,57.1198126169906,0.0801999999999903));
#84490=DIRECTION('',(1.,0.,0.));
#84500=VECTOR('',#84490,1.);
#84510=LINE('',#84480,#84500);
#84520=EDGE_CURVE('',#64070,#65630,#84510,.T.);
#84530=ORIENTED_EDGE('',*,*,#84520,.F.);
#84540=ORIENTED_EDGE('',*,*,#65640,.F.);
#84550=ORIENTED_EDGE('',*,*,#84360,.F.);
#84560=EDGE_LOOP('',(#84550,#84540,#84530,#84470));
#84570=FACE_OUTER_BOUND('',#84560,.T.);
#84580=ADVANCED_FACE('',(#84570),#84460,.F.);
#84590=CARTESIAN_POINT('',(37.115,57.1698126169906,0.180199999999999));
#84600=DIRECTION('',(0.,0.894427190999929,-0.447213595499933));
#84610=DIRECTION('',(0.,0.447213595499933,0.894427190999929));
#84620=AXIS2_PLACEMENT_3D('',#84590,#84600,#84610);
#84630=PLANE('',#84620);
#84640=ORIENTED_EDGE('',*,*,#64080,.F.);
#84650=CARTESIAN_POINT('',(37.115,57.1698126169906,0.180199999999999));
#84660=DIRECTION('',(1.,0.,0.));
#84670=VECTOR('',#84660,1.);
#84680=LINE('',#84650,#84670);
#84690=EDGE_CURVE('',#63990,#65710,#84680,.T.);
#84700=ORIENTED_EDGE('',*,*,#84690,.F.);
#84710=ORIENTED_EDGE('',*,*,#65720,.F.);
#84720=ORIENTED_EDGE('',*,*,#84520,.T.);
#84730=EDGE_LOOP('',(#84720,#84710,#84700,#84640));
#84740=FACE_OUTER_BOUND('',#84730,.T.);
#84750=ADVANCED_FACE('',(#84740),#84630,.F.);
#84760=CARTESIAN_POINT('',(37.115,57.4398126169906,0.180199999999999));
#84770=DIRECTION('',(0.,0.,-1.));
#84780=DIRECTION('',(0.,1.,0.));
#84790=AXIS2_PLACEMENT_3D('',#84760,#84770,#84780);
#84800=PLANE('',#84790);
#84810=ORIENTED_EDGE('',*,*,#64000,.T.);
#84820=CARTESIAN_POINT('',(37.235,57.2798126169906,0.180199999999999));
#84830=DIRECTION('',(-1.,0.,0.));
#84840=VECTOR('',#84830,1.);
#84850=LINE('',#84820,#84840);
#84860=EDGE_CURVE('',#65790,#63910,#84850,.T.);
#84870=ORIENTED_EDGE('',*,*,#84860,.T.);
#84880=ORIENTED_EDGE('',*,*,#65800,.F.);
#84890=ORIENTED_EDGE('',*,*,#84690,.T.);
#84900=EDGE_LOOP('',(#84890,#84880,#84870,#84810));
#84910=FACE_OUTER_BOUND('',#84900,.T.);
#84920=ADVANCED_FACE('',(#84910),#84800,.F.);
#84930=CARTESIAN_POINT('',(37.2470024,57.2798126169906,0.180199999999999
));
#84940=DIRECTION('',(0.,-1.,2.03012210217183E-14));
#84950=DIRECTION('',(0.,-2.03012210217183E-14,-1.));
#84960=AXIS2_PLACEMENT_3D('',#84930,#84940,#84950);
#84970=PLANE('',#84960);
#84980=ORIENTED_EDGE('',*,*,#84860,.F.);
#84990=ORIENTED_EDGE('',*,*,#63920,.T.);
#85000=CARTESIAN_POINT('',(37.115,57.2798126169906,-0.0197999999999894))
;
#85010=DIRECTION('',(1.,0.,0.));
#85020=VECTOR('',#85010,1.);
#85030=LINE('',#85000,#85020);
#85040=EDGE_CURVE('',#63830,#65870,#85030,.T.);
#85050=ORIENTED_EDGE('',*,*,#85040,.F.);
#85060=ORIENTED_EDGE('',*,*,#65880,.F.);
#85070=EDGE_LOOP('',(#85060,#85050,#84990,#84980));
#85080=FACE_OUTER_BOUND('',#85070,.T.);
#85090=ADVANCED_FACE('',(#85080),#84970,.F.);
#85100=CARTESIAN_POINT('',(37.2470024,57.4798126169906,
-0.0197999999999965));
#85110=DIRECTION('',(1.,0.,0.));
#85120=DIRECTION('',(0.,0.,-1.));
#85130=AXIS2_PLACEMENT_3D('',#85100,#85110,#85120);
#85140=CYLINDRICAL_SURFACE('',#85130,0.2);
#85150=CARTESIAN_POINT('',(37.235,57.4798126169906,-0.219799999999997));
#85160=DIRECTION('',(-1.,0.,0.));
#85170=VECTOR('',#85160,1.);
#85180=LINE('',#85150,#85170);
#85190=EDGE_CURVE('',#65960,#63740,#85180,.T.);
#85200=ORIENTED_EDGE('',*,*,#85190,.T.);
#85210=ORIENTED_EDGE('',*,*,#65970,.F.);
#85220=ORIENTED_EDGE('',*,*,#85040,.T.);
#85230=ORIENTED_EDGE('',*,*,#63840,.F.);
#85240=EDGE_LOOP('',(#85230,#85220,#85210,#85200));
#85250=FACE_OUTER_BOUND('',#85240,.T.);
#85260=ADVANCED_FACE('',(#85250),#85140,.F.);
#85270=CARTESIAN_POINT('',(37.2470024,57.4798126169906,
-0.219799999999999));
#85280=DIRECTION('',(0.,0.,-1.));
#85290=DIRECTION('',(0.,1.,0.));
#85300=AXIS2_PLACEMENT_3D('',#85270,#85280,#85290);
#85310=PLANE('',#85300);
#85320=CARTESIAN_POINT('',(37.115,57.5898126169906,-0.219799999999999));
#85330=DIRECTION('',(1.,0.,0.));
#85340=VECTOR('',#85330,1.);
#85350=LINE('',#85320,#85340);
#85360=EDGE_CURVE('',#63660,#66040,#85350,.T.);
#85370=ORIENTED_EDGE('',*,*,#85360,.F.);
#85380=ORIENTED_EDGE('',*,*,#66050,.F.);
#85390=ORIENTED_EDGE('',*,*,#85190,.F.);
#85400=ORIENTED_EDGE('',*,*,#63750,.T.);
#85410=EDGE_LOOP('',(#85400,#85390,#85380,#85370));
#85420=FACE_OUTER_BOUND('',#85410,.T.);
#85430=ADVANCED_FACE('',(#85420),#85310,.F.);
#85440=CARTESIAN_POINT('',(37.115,57.5898126169906,-0.169800000000002));
#85450=DIRECTION('',(-1.,0.,0.));
#85460=DIRECTION('',(0.,0.,1.));
#85470=AXIS2_PLACEMENT_3D('',#85440,#85450,#85460);
#85480=CYLINDRICAL_SURFACE('',#85470,0.0499999999999972);
#85490=ORIENTED_EDGE('',*,*,#63670,.F.);
#85500=CARTESIAN_POINT('',(37.235,57.6398126169906,-0.169800000000002));
#85510=DIRECTION('',(-1.,0.,0.));
#85520=VECTOR('',#85510,1.);
#85530=LINE('',#85500,#85520);
#85540=EDGE_CURVE('',#66130,#63570,#85530,.T.);
#85550=ORIENTED_EDGE('',*,*,#85540,.T.);
#85560=ORIENTED_EDGE('',*,*,#66140,.F.);
#85570=ORIENTED_EDGE('',*,*,#85360,.T.);
#85580=EDGE_LOOP('',(#85570,#85560,#85550,#85490));
#85590=FACE_OUTER_BOUND('',#85580,.T.);
#85600=ADVANCED_FACE('',(#85590),#85480,.F.);
#85610=CARTESIAN_POINT('',(37.115,57.8898126169906,-0.169800000000002));
#85620=DIRECTION('',(0.,0.,-1.));
#85630=DIRECTION('',(0.,1.,0.));
#85640=AXIS2_PLACEMENT_3D('',#85610,#85620,#85630);
#85650=PLANE('',#85640);
#85660=ORIENTED_EDGE('',*,*,#63580,.T.);
#85670=CARTESIAN_POINT('',(37.115,57.8398126169906,-0.169800000000002));
#85680=DIRECTION('',(1.,0.,0.));
#85690=VECTOR('',#85680,1.);
#85700=LINE('',#85670,#85690);
#85710=EDGE_CURVE('',#63490,#66210,#85700,.T.);
#85720=ORIENTED_EDGE('',*,*,#85710,.F.);
#85730=ORIENTED_EDGE('',*,*,#66220,.T.);
#85740=ORIENTED_EDGE('',*,*,#85540,.F.);
#85750=EDGE_LOOP('',(#85740,#85730,#85720,#85660));
#85760=FACE_OUTER_BOUND('',#85750,.T.);
#85770=ADVANCED_FACE('',(#85760),#85650,.F.);
#85780=CARTESIAN_POINT('',(37.115,57.8398126169906,-0.369799999999998));
#85790=DIRECTION('',(0.,-1.,0.));
#85800=DIRECTION('',(0.,0.,-1.));
#85810=AXIS2_PLACEMENT_3D('',#85780,#85790,#85800);
#85820=PLANE('',#85810);
#85830=ORIENTED_EDGE('',*,*,#66300,.T.);
#85840=ORIENTED_EDGE('',*,*,#85710,.T.);
#85850=ORIENTED_EDGE('',*,*,#63500,.T.);
#85860=CARTESIAN_POINT('',(37.115,57.8398126169906,-0.369799999999998));
#85870=DIRECTION('',(1.,0.,0.));
#85880=VECTOR('',#85870,1.);
#85890=LINE('',#85860,#85880);
#85900=EDGE_CURVE('',#63410,#66290,#85890,.T.);
#85910=ORIENTED_EDGE('',*,*,#85900,.F.);
#85920=EDGE_LOOP('',(#85910,#85850,#85840,#85830));
#85930=FACE_OUTER_BOUND('',#85920,.T.);
#85940=ADVANCED_FACE('',(#85930),#85820,.F.);
#85950=CARTESIAN_POINT('',(37.235,57.9398126169906,-0.369799999999998));
#85960=DIRECTION('',(1.,0.,0.));
#85970=DIRECTION('',(0.,0.,-1.));
#85980=AXIS2_PLACEMENT_3D('',#85950,#85960,#85970);
#85990=CYLINDRICAL_SURFACE('',#85980,0.1);
#86000=ORIENTED_EDGE('',*,*,#63420,.F.);
#86010=ORIENTED_EDGE('',*,*,#65040,.T.);
#86020=ORIENTED_EDGE('',*,*,#66370,.F.);
#86030=ORIENTED_EDGE('',*,*,#85900,.T.);
#86040=EDGE_LOOP('',(#86030,#86020,#86010,#86000));
#86050=FACE_OUTER_BOUND('',#86040,.T.);
#86060=ADVANCED_FACE('',(#86050),#85990,.F.);
#86070=CARTESIAN_POINT('',(36.275,57.3598126169906,-0.519800000000004));
#86080=DIRECTION('',(-1.,0.,0.));
#86090=DIRECTION('',(0.,2.77555756156289E-16,1.));
#86100=AXIS2_PLACEMENT_3D('',#86070,#86080,#86090);
#86110=PLANE('',#86100);
#86120=ORIENTED_EDGE('',*,*,#11860,.T.);
#86130=ORIENTED_EDGE('',*,*,#13770,.T.);
#86140=ORIENTED_EDGE('',*,*,#14400,.F.);
#86150=ORIENTED_EDGE('',*,*,#25780,.F.);
#86160=EDGE_LOOP('',(#86150,#86140,#86130,#86120));
#86170=FACE_OUTER_BOUND('',#86160,.T.);
#86180=ADVANCED_FACE('',(#86170),#86110,.T.);
#86190=CARTESIAN_POINT('',(42.075,58.5698126169906,-2.6698));
#86200=DIRECTION('',(0.,1.,1.11022302462516E-16));
#86210=DIRECTION('',(0.,-1.11022302462516E-16,1.));
#86220=AXIS2_PLACEMENT_3D('',#86190,#86200,#86210);
#86230=PLANE('',#86220);
#86240=ORIENTED_EDGE('',*,*,#19690,.F.);
#86250=CARTESIAN_POINT('',(42.075,58.5698126169906,-2.6698));
#86260=DIRECTION('',(-1.,0.,0.));
#86270=VECTOR('',#86260,1.);
#86280=LINE('',#86250,#86270);
#86290=CARTESIAN_POINT('',(41.875,58.5698126169906,-2.6698));
#86300=VERTEX_POINT('',#86290);
#86310=EDGE_CURVE('',#19600,#86300,#86280,.T.);
#86320=ORIENTED_EDGE('',*,*,#86310,.F.);
#86330=CARTESIAN_POINT('',(41.875,58.5698126169906,-1.1698));
#86340=DIRECTION('',(0.,0.,-1.));
#86350=VECTOR('',#86340,1.);
#86360=LINE('',#86330,#86350);
#86370=EDGE_CURVE('',#21230,#86300,#86360,.T.);
#86380=ORIENTED_EDGE('',*,*,#86370,.T.);
#86390=ORIENTED_EDGE('',*,*,#21240,.F.);
#86400=EDGE_LOOP('',(#86390,#86380,#86320,#86240));
#86410=FACE_OUTER_BOUND('',#86400,.T.);
#86420=ADVANCED_FACE('',(#86410),#86230,.F.);
#86430=CARTESIAN_POINT('',(42.075,57.9698126169906,-2.6698));
#86440=DIRECTION('',(0.,0.,-1.));
#86450=DIRECTION('',(0.,1.,0.));
#86460=AXIS2_PLACEMENT_3D('',#86430,#86440,#86450);
#86470=PLANE('',#86460);
#86480=ORIENTED_EDGE('',*,*,#19610,.F.);
#86490=CARTESIAN_POINT('',(42.075,57.9698126169906,-2.6698));
#86500=DIRECTION('',(-1.,0.,0.));
#86510=VECTOR('',#86500,1.);
#86520=LINE('',#86490,#86510);
#86530=CARTESIAN_POINT('',(41.875,57.9698126169906,-2.6698));
#86540=VERTEX_POINT('',#86530);
#86550=EDGE_CURVE('',#19520,#86540,#86520,.T.);
#86560=ORIENTED_EDGE('',*,*,#86550,.F.);
#86570=CARTESIAN_POINT('',(41.875,58.5698126169906,-2.6698));
#86580=DIRECTION('',(0.,-1.,0.));
#86590=VECTOR('',#86580,1.);
#86600=LINE('',#86570,#86590);
#86610=EDGE_CURVE('',#86300,#86540,#86600,.T.);
#86620=ORIENTED_EDGE('',*,*,#86610,.T.);
#86630=ORIENTED_EDGE('',*,*,#86310,.T.);
#86640=EDGE_LOOP('',(#86630,#86620,#86560,#86480));
#86650=FACE_OUTER_BOUND('',#86640,.T.);
#86660=ADVANCED_FACE('',(#86650),#86470,.F.);
#86670=CARTESIAN_POINT('',(42.075,57.9698126169906,-1.1698));
#86680=DIRECTION('',(0.,-1.,2.03540887847945E-16));
#86690=DIRECTION('',(0.,-2.03540887847945E-16,-1.));
#86700=AXIS2_PLACEMENT_3D('',#86670,#86680,#86690);
#86710=PLANE('',#86700);
#86720=ORIENTED_EDGE('',*,*,#19530,.F.);
#86730=ORIENTED_EDGE('',*,*,#21380,.F.);
#86740=CARTESIAN_POINT('',(41.875,57.9698126169906,-2.6698));
#86750=DIRECTION('',(0.,0.,1.));
#86760=VECTOR('',#86750,1.);
#86770=LINE('',#86740,#86760);
#86780=EDGE_CURVE('',#86540,#21310,#86770,.T.);
#86790=ORIENTED_EDGE('',*,*,#86780,.T.);
#86800=ORIENTED_EDGE('',*,*,#86550,.T.);
#86810=EDGE_LOOP('',(#86800,#86790,#86730,#86720));
#86820=FACE_OUTER_BOUND('',#86810,.T.);
#86830=ADVANCED_FACE('',(#86820),#86710,.F.);
#86840=CARTESIAN_POINT('',(41.875,58.1198126169906,-3.2448));
#86850=DIRECTION('',(-1.,0.,0.));
#86860=DIRECTION('',(0.,0.,1.));
#86870=AXIS2_PLACEMENT_3D('',#86840,#86850,#86860);
#86880=PLANE('',#86870);
#86890=ORIENTED_EDGE('',*,*,#86780,.F.);
#86900=ORIENTED_EDGE('',*,*,#21320,.F.);
#86910=ORIENTED_EDGE('',*,*,#86370,.F.);
#86920=ORIENTED_EDGE('',*,*,#86610,.F.);
#86930=EDGE_LOOP('',(#86920,#86910,#86900,#86890));
#86940=FACE_OUTER_BOUND('',#86930,.T.);
#86950=ADVANCED_FACE('',(#86940),#86880,.F.);
#86960=CARTESIAN_POINT('',(41.1849976,57.5698126169906,-3.06480000000003
));
#86970=DIRECTION('',(0.,1.,2.9738116731031E-16));
#86980=DIRECTION('',(0.,2.9738116731031E-16,-1.));
#86990=AXIS2_PLACEMENT_3D('',#86960,#86970,#86980);
#87000=PLANE('',#86990);
#87010=CARTESIAN_POINT('',(41.2,57.5698126169906,-3.34479999999999));
#87020=DIRECTION('',(0.,0.,-1.));
#87030=VECTOR('',#87020,1.);
#87040=LINE('',#87010,#87030);
#87050=CARTESIAN_POINT('',(41.2,57.5698126169906,-3.34480000000001));
#87060=VERTEX_POINT('',#87050);
#87070=EDGE_CURVE('',#87060,#17420,#87040,.T.);
#87080=ORIENTED_EDGE('',*,*,#87070,.F.);
#87090=ORIENTED_EDGE('',*,*,#17430,.T.);
#87100=ORIENTED_EDGE('',*,*,#18620,.F.);
#87110=ORIENTED_EDGE('',*,*,#19090,.F.);
#87120=ORIENTED_EDGE('',*,*,#19900,.T.);
#87130=ORIENTED_EDGE('',*,*,#17750,.T.);
#87140=CARTESIAN_POINT('',(41.35,57.5698126169906,-3.34480000000003));
#87150=DIRECTION('',(0.,0.,-1.));
#87160=VECTOR('',#87150,1.);
#87170=LINE('',#87140,#87160);
#87180=CARTESIAN_POINT('',(41.35,57.5698126169906,-3.34480000000001));
#87190=VERTEX_POINT('',#87180);
#87200=EDGE_CURVE('',#87190,#17660,#87170,.T.);
#87210=ORIENTED_EDGE('',*,*,#87200,.T.);
#87220=CARTESIAN_POINT('',(41.35,57.5698126169906,-3.34480000000003));
#87230=DIRECTION('',(-1.,0.,0.));
#87240=VECTOR('',#87230,1.);
#87250=LINE('',#87220,#87240);
#87260=EDGE_CURVE('',#87190,#87060,#87250,.T.);
#87270=ORIENTED_EDGE('',*,*,#87260,.F.);
#87280=EDGE_LOOP('',(#87270,#87210,#87130,#87120,#87110,#87100,#87090,
#87080));
#87290=FACE_OUTER_BOUND('',#87280,.T.);
#87300=ADVANCED_FACE('',(#87290),#87000,.F.);
#87310=CARTESIAN_POINT('',(41.1849976,57.4648126169906,-3.34480000000003
));
#87320=DIRECTION('',(-1.,0.,0.));
#87330=DIRECTION('',(0.,0.,1.));
#87340=AXIS2_PLACEMENT_3D('',#87310,#87320,#87330);
#87350=CYLINDRICAL_SURFACE('',#87340,0.105);
#87360=ORIENTED_EDGE('',*,*,#87260,.T.);
#87370=CARTESIAN_POINT('',(41.35,57.4648126169906,-3.34480000000003));
#87380=DIRECTION('',(-1.,0.,0.));
#87390=DIRECTION('',(0.,1.,4.2294210461912E-13));
#87400=AXIS2_PLACEMENT_3D('',#87370,#87380,#87390);
#87410=CIRCLE('',#87400,0.105);
#87420=CARTESIAN_POINT('',(41.35,57.3598126169906,-3.34480000000003));
#87430=VERTEX_POINT('',#87420);
#87440=EDGE_CURVE('',#87190,#87430,#87410,.T.);
#87450=ORIENTED_EDGE('',*,*,#87440,.F.);
#87460=CARTESIAN_POINT('',(41.2,57.3598126169906,-3.34480000000003));
#87470=DIRECTION('',(1.,0.,0.));
#87480=VECTOR('',#87470,1.);
#87490=LINE('',#87460,#87480);
#87500=CARTESIAN_POINT('',(41.2,57.3598126169906,-3.34480000000003));
#87510=VERTEX_POINT('',#87500);
#87520=EDGE_CURVE('',#87510,#87430,#87490,.T.);
#87530=ORIENTED_EDGE('',*,*,#87520,.T.);
#87540=CARTESIAN_POINT('',(41.2,57.4648126169906,-3.34480000000003));
#87550=DIRECTION('',(1.,0.,0.));
#87560=DIRECTION('',(0.,-1.,0.));
#87570=AXIS2_PLACEMENT_3D('',#87540,#87550,#87560);
#87580=CIRCLE('',#87570,0.105);
#87590=EDGE_CURVE('',#87510,#87060,#87580,.T.);
#87600=ORIENTED_EDGE('',*,*,#87590,.F.);
#87610=EDGE_LOOP('',(#87600,#87530,#87450,#87360));
#87620=FACE_OUTER_BOUND('',#87610,.T.);
#87630=ADVANCED_FACE('',(#87620),#87350,.F.);
#87640=CARTESIAN_POINT('',(41.2,57.7605209503239,-2.24230000000004));
#87650=DIRECTION('',(1.,0.,0.));
#87660=DIRECTION('',(0.,0.,-1.));
#87670=AXIS2_PLACEMENT_3D('',#87640,#87650,#87660);
#87680=PLANE('',#87670);
#87690=CARTESIAN_POINT('',(41.2,57.3998126169906,-4.0998));
#87700=DIRECTION('',(0.,0.,-1.));
#87710=VECTOR('',#87700,1.);
#87720=LINE('',#87690,#87710);
#87730=CARTESIAN_POINT('',(41.2,57.3998126169906,-4.0998));
#87740=VERTEX_POINT('',#87730);
#87750=CARTESIAN_POINT('',(41.2,57.3998126169906,-4.20980000000004));
#87760=VERTEX_POINT('',#87750);
#87770=EDGE_CURVE('',#87740,#87760,#87720,.T.);
#87780=ORIENTED_EDGE('',*,*,#87770,.F.);
#87790=CARTESIAN_POINT('',(41.2,57.2398126169906,-4.96980000000003));
#87800=DIRECTION('',(0.,0.206010481049849,0.978549784986748));
#87810=VECTOR('',#87800,1.);
#87820=LINE('',#87790,#87810);
#87830=CARTESIAN_POINT('',(41.2,57.2398126169906,-4.96980000000003));
#87840=VERTEX_POINT('',#87830);
#87850=EDGE_CURVE('',#87840,#87760,#87820,.T.);
#87860=ORIENTED_EDGE('',*,*,#87850,.T.);
#87870=CARTESIAN_POINT('',(41.2,57.2398126169906,-5.46980000000053));
#87880=DIRECTION('',(0.,0.,1.));
#87890=VECTOR('',#87880,1.);
#87900=LINE('',#87870,#87890);
#87910=CARTESIAN_POINT('',(41.2,57.2398126169906,-5.46980000000028));
#87920=VERTEX_POINT('',#87910);
#87930=EDGE_CURVE('',#87920,#87840,#87900,.T.);
#87940=ORIENTED_EDGE('',*,*,#87930,.T.);
#87950=CARTESIAN_POINT('',(41.2,57.2898126169906,-5.46980000000003));
#87960=DIRECTION('',(-1.,0.,0.));
#87970=DIRECTION('',(0.,1.16529008664657E-11,-1.));
#87980=AXIS2_PLACEMENT_3D('',#87950,#87960,#87970);
#87990=CIRCLE('',#87980,0.05);
#88000=CARTESIAN_POINT('',(41.2,57.2898126169909,-5.51980000000004));
#88010=VERTEX_POINT('',#88000);
#88020=EDGE_CURVE('',#88010,#87920,#87990,.T.);
#88030=ORIENTED_EDGE('',*,*,#88020,.T.);
#88040=CARTESIAN_POINT('',(41.2,57.5698126169906,-5.51980000000004));
#88050=DIRECTION('',(0.,-1.,0.));
#88060=VECTOR('',#88050,1.);
#88070=LINE('',#88040,#88060);
#88080=CARTESIAN_POINT('',(41.2,57.5698126169906,-5.51980000000004));
#88090=VERTEX_POINT('',#88080);
#88100=EDGE_CURVE('',#88090,#88010,#88070,.T.);
#88110=ORIENTED_EDGE('',*,*,#88100,.T.);
#88120=CARTESIAN_POINT('',(41.2,57.5698126169906,-5.56980000000004));
#88130=DIRECTION('',(1.,0.,0.));
#88140=DIRECTION('',(0.,1.,0.));
#88150=AXIS2_PLACEMENT_3D('',#88120,#88130,#88140);
#88160=CIRCLE('',#88150,0.05);
#88170=CARTESIAN_POINT('',(41.2,57.6198126169906,-5.56980000000004));
#88180=VERTEX_POINT('',#88170);
#88190=EDGE_CURVE('',#88180,#88090,#88160,.T.);
#88200=ORIENTED_EDGE('',*,*,#88190,.T.);
#88210=CARTESIAN_POINT('',(41.2,57.6198126169906,-5.56980000000004));
#88220=DIRECTION('',(0.,1.,0.));
#88230=VECTOR('',#88220,1.);
#88240=LINE('',#88210,#88230);
#88250=CARTESIAN_POINT('',(41.2,57.8198126169906,-5.56980000000004));
#88260=VERTEX_POINT('',#88250);
#88270=EDGE_CURVE('',#88180,#88260,#88240,.T.);
#88280=ORIENTED_EDGE('',*,*,#88270,.F.);
#88290=CARTESIAN_POINT('',(41.2,57.8698126169906,-5.56980000000004));
#88300=DIRECTION('',(1.,0.,-0.));
#88310=DIRECTION('',(0.,0.,1.));
#88320=AXIS2_PLACEMENT_3D('',#88290,#88300,#88310);
#88330=CIRCLE('',#88320,0.05);
#88340=CARTESIAN_POINT('',(41.2,57.8698126169906,-5.51980000000004));
#88350=VERTEX_POINT('',#88340);
#88360=EDGE_CURVE('',#88350,#88260,#88330,.T.);
#88370=ORIENTED_EDGE('',*,*,#88360,.T.);
#88380=CARTESIAN_POINT('',(41.2,58.1998126169909,-5.51980000000004));
#88390=DIRECTION('',(0.,-1.,0.));
#88400=VECTOR('',#88390,1.);
#88410=LINE('',#88380,#88400);
#88420=CARTESIAN_POINT('',(41.2,58.1998126169908,-5.51980000000003));
#88430=VERTEX_POINT('',#88420);
#88440=EDGE_CURVE('',#88430,#88350,#88410,.T.);
#88450=ORIENTED_EDGE('',*,*,#88440,.T.);
#88460=CARTESIAN_POINT('',(41.2,58.1998126169906,-5.46980000000003));
#88470=DIRECTION('',(-1.,0.,0.));
#88480=DIRECTION('',(0.,1.,8.33111357678765E-12));
#88490=AXIS2_PLACEMENT_3D('',#88460,#88470,#88480);
#88500=CIRCLE('',#88490,0.05);
#88510=CARTESIAN_POINT('',(41.2,58.2498126169906,-5.46979999999982));
#88520=VERTEX_POINT('',#88510);
#88530=EDGE_CURVE('',#88520,#88430,#88500,.T.);
#88540=ORIENTED_EDGE('',*,*,#88530,.T.);
#88550=CARTESIAN_POINT('',(41.2,58.2498126169906,-5.46980000000003));
#88560=DIRECTION('',(0.,0.,1.));
#88570=VECTOR('',#88560,1.);
#88580=LINE('',#88550,#88570);
#88590=EDGE_CURVE('',#88520,#17500,#88580,.T.);
#88600=ORIENTED_EDGE('',*,*,#88590,.F.);
#88610=ORIENTED_EDGE('',*,*,#17510,.F.);
#88620=ORIENTED_EDGE('',*,*,#87070,.T.);
#88630=ORIENTED_EDGE('',*,*,#87590,.T.);
#88640=CARTESIAN_POINT('',(41.2,57.3598126169906,-3.34480000000003));
#88650=DIRECTION('',(0.,0.,1.));
#88660=VECTOR('',#88650,1.);
#88670=LINE('',#88640,#88660);
#88680=CARTESIAN_POINT('',(41.2,57.3598126169906,-2.94980000000009));
#88690=VERTEX_POINT('',#88680);
#88700=EDGE_CURVE('',#87510,#88690,#88670,.T.);
#88710=ORIENTED_EDGE('',*,*,#88700,.F.);
#88720=CARTESIAN_POINT('',(41.2,57.2898126169905,-2.7998));
#88730=DIRECTION('',(0.,0.42288546533111,-0.906183139995272));
#88740=VECTOR('',#88730,1.);
#88750=LINE('',#88720,#88740);
#88760=CARTESIAN_POINT('',(41.2,57.2898126169906,-2.7998));
#88770=VERTEX_POINT('',#88760);
#88780=EDGE_CURVE('',#88770,#88690,#88750,.T.);
#88790=ORIENTED_EDGE('',*,*,#88780,.T.);
#88800=CARTESIAN_POINT('',(41.2,57.2898126169906,-2.7998));
#88810=DIRECTION('',(0.,-1.,0.));
#88820=VECTOR('',#88810,1.);
#88830=LINE('',#88800,#88820);
#88840=CARTESIAN_POINT('',(41.2,57.1698126169906,-2.7998));
#88850=VERTEX_POINT('',#88840);
#88860=EDGE_CURVE('',#88770,#88850,#88830,.T.);
#88870=ORIENTED_EDGE('',*,*,#88860,.F.);
#88880=CARTESIAN_POINT('',(41.2,57.1698126169906,-2.8498));
#88890=DIRECTION('',(-1.,0.,0.));
#88900=DIRECTION('',(0.,-1.,0.));
#88910=AXIS2_PLACEMENT_3D('',#88880,#88890,#88900);
#88920=CIRCLE('',#88910,0.05);
#88930=CARTESIAN_POINT('',(41.2,57.1198126169906,-2.8498));
#88940=VERTEX_POINT('',#88930);
#88950=EDGE_CURVE('',#88940,#88850,#88920,.T.);
#88960=ORIENTED_EDGE('',*,*,#88950,.T.);
#88970=CARTESIAN_POINT('',(41.2,57.1198126169906,-3.9498));
#88980=DIRECTION('',(0.,0.,1.));
#88990=VECTOR('',#88980,1.);
#89000=LINE('',#88970,#88990);
#89010=CARTESIAN_POINT('',(41.2,57.1198126169906,-3.9498));
#89020=VERTEX_POINT('',#89010);
#89030=EDGE_CURVE('',#89020,#88940,#89000,.T.);
#89040=ORIENTED_EDGE('',*,*,#89030,.T.);
#89050=CARTESIAN_POINT('',(41.2,57.1698126169906,-3.9498));
#89060=DIRECTION('',(-1.,0.,0.));
#89070=DIRECTION('',(0.,0.,-1.));
#89080=AXIS2_PLACEMENT_3D('',#89050,#89060,#89070);
#89090=CIRCLE('',#89080,0.05);
#89100=CARTESIAN_POINT('',(41.2,57.1698126169906,-3.9998));
#89110=VERTEX_POINT('',#89100);
#89120=EDGE_CURVE('',#89110,#89020,#89090,.T.);
#89130=ORIENTED_EDGE('',*,*,#89120,.T.);
#89140=CARTESIAN_POINT('',(41.2,57.2998126169906,-3.9998));
#89150=DIRECTION('',(0.,-1.,0.));
#89160=VECTOR('',#89150,1.);
#89170=LINE('',#89140,#89160);
#89180=CARTESIAN_POINT('',(41.2,57.2998126169906,-3.9998));
#89190=VERTEX_POINT('',#89180);
#89200=EDGE_CURVE('',#89190,#89110,#89170,.T.);
#89210=ORIENTED_EDGE('',*,*,#89200,.T.);
#89220=CARTESIAN_POINT('',(41.2,57.2998126169906,-4.0998));
#89230=DIRECTION('',(1.,0.,0.));
#89240=DIRECTION('',(0.,1.,0.));
#89250=AXIS2_PLACEMENT_3D('',#89220,#89230,#89240);
#89260=CIRCLE('',#89250,0.1);
#89270=EDGE_CURVE('',#87740,#89190,#89260,.T.);
#89280=ORIENTED_EDGE('',*,*,#89270,.T.);
#89290=EDGE_LOOP('',(#89280,#89210,#89130,#89040,#88960,#88870,#88790,
#88710,#88630,#88620,#88610,#88600,#88540,#88450,#88370,#88280,#88200,
#88110,#88030,#87940,#87860,#87780));
#89300=FACE_OUTER_BOUND('',#89290,.T.);
#89310=ADVANCED_FACE('',(#89300),#87680,.F.);
#89320=CARTESIAN_POINT('',(41.35,57.2998126169906,-4.0998));
#89330=DIRECTION('',(-1.,0.,0.));
#89340=DIRECTION('',(0.,0.,1.));
#89350=AXIS2_PLACEMENT_3D('',#89320,#89330,#89340);
#89360=CYLINDRICAL_SURFACE('',#89350,0.1);
#89370=CARTESIAN_POINT('',(41.35,57.2998126169906,-4.0998));
#89380=DIRECTION('',(-1.,0.,0.));
#89390=DIRECTION('',(0.,0.,1.));
#89400=AXIS2_PLACEMENT_3D('',#89370,#89380,#89390);
#89410=CIRCLE('',#89400,0.1);
#89420=CARTESIAN_POINT('',(41.35,57.2998126169906,-3.9998));
#89430=VERTEX_POINT('',#89420);
#89440=CARTESIAN_POINT('',(41.35,57.3998126169906,-4.0998));
#89450=VERTEX_POINT('',#89440);
#89460=EDGE_CURVE('',#89430,#89450,#89410,.T.);
#89470=ORIENTED_EDGE('',*,*,#89460,.F.);
#89480=CARTESIAN_POINT('',(41.2,57.3998126169906,-4.0998));
#89490=DIRECTION('',(1.,0.,0.));
#89500=VECTOR('',#89490,1.);
#89510=LINE('',#89480,#89500);
#89520=EDGE_CURVE('',#87740,#89450,#89510,.T.);
#89530=ORIENTED_EDGE('',*,*,#89520,.T.);
#89540=ORIENTED_EDGE('',*,*,#89270,.F.);
#89550=CARTESIAN_POINT('',(41.35,57.2998126169906,-3.9998));
#89560=DIRECTION('',(-1.,0.,0.));
#89570=VECTOR('',#89560,1.);
#89580=LINE('',#89550,#89570);
#89590=EDGE_CURVE('',#89430,#89190,#89580,.T.);
#89600=ORIENTED_EDGE('',*,*,#89590,.T.);
#89610=EDGE_LOOP('',(#89600,#89540,#89530,#89470));
#89620=FACE_OUTER_BOUND('',#89610,.T.);
#89630=ADVANCED_FACE('',(#89620),#89360,.F.);
#89640=CARTESIAN_POINT('',(41.35,57.2998126169906,-3.9998));
#89650=DIRECTION('',(0.,-8.88178419700125E-16,1.));
#89660=DIRECTION('',(0.,1.,8.88178419700125E-16));
#89670=AXIS2_PLACEMENT_3D('',#89640,#89650,#89660);
#89680=PLANE('',#89670);
#89690=CARTESIAN_POINT('',(41.35,57.2998126169906,-3.9998));
#89700=DIRECTION('',(0.,-1.,0.));
#89710=VECTOR('',#89700,1.);
#89720=LINE('',#89690,#89710);
#89730=CARTESIAN_POINT('',(41.35,57.1698126169906,-3.9998));
#89740=VERTEX_POINT('',#89730);
#89750=EDGE_CURVE('',#89430,#89740,#89720,.T.);
#89760=ORIENTED_EDGE('',*,*,#89750,.T.);
#89770=ORIENTED_EDGE('',*,*,#89590,.F.);
#89780=ORIENTED_EDGE('',*,*,#89200,.F.);
#89790=CARTESIAN_POINT('',(41.2,57.1698126169906,-3.9998));
#89800=DIRECTION('',(1.,0.,0.));
#89810=VECTOR('',#89800,1.);
#89820=LINE('',#89790,#89810);
#89830=EDGE_CURVE('',#89110,#89740,#89820,.T.);
#89840=ORIENTED_EDGE('',*,*,#89830,.F.);
#89850=EDGE_LOOP('',(#89840,#89780,#89770,#89760));
#89860=FACE_OUTER_BOUND('',#89850,.T.);
#89870=ADVANCED_FACE('',(#89860),#89680,.F.);
#89880=CARTESIAN_POINT('',(41.35,57.1698126169906,-3.9498));
#89890=DIRECTION('',(-1.,0.,0.));
#89900=DIRECTION('',(0.,0.,1.));
#89910=AXIS2_PLACEMENT_3D('',#89880,#89890,#89900);
#89920=CYLINDRICAL_SURFACE('',#89910,0.05);
#89930=CARTESIAN_POINT('',(41.35,57.1698126169906,-3.9498));
#89940=DIRECTION('',(1.,0.,0.));
#89950=DIRECTION('',(0.,-1.,0.));
#89960=AXIS2_PLACEMENT_3D('',#89930,#89940,#89950);
#89970=CIRCLE('',#89960,0.05);
#89980=CARTESIAN_POINT('',(41.35,57.1198126169906,-3.9498));
#89990=VERTEX_POINT('',#89980);
#90000=EDGE_CURVE('',#89990,#89740,#89970,.T.);
#90010=ORIENTED_EDGE('',*,*,#90000,.F.);
#90020=ORIENTED_EDGE('',*,*,#89830,.T.);
#90030=ORIENTED_EDGE('',*,*,#89120,.F.);
#90040=CARTESIAN_POINT('',(41.35,57.1198126169906,-3.9498));
#90050=DIRECTION('',(-1.,0.,0.));
#90060=VECTOR('',#90050,1.);
#90070=LINE('',#90040,#90060);
#90080=EDGE_CURVE('',#89990,#89020,#90070,.T.);
#90090=ORIENTED_EDGE('',*,*,#90080,.T.);
#90100=EDGE_LOOP('',(#90090,#90030,#90020,#90010));
#90110=FACE_OUTER_BOUND('',#90100,.T.);
#90120=ADVANCED_FACE('',(#90110),#89920,.T.);
#90130=CARTESIAN_POINT('',(41.35,57.1198126169906,-2.56980000000004));
#90140=DIRECTION('',(0.,-1.,0.));
#90150=DIRECTION('',(0.,0.,-1.));
#90160=AXIS2_PLACEMENT_3D('',#90130,#90140,#90150);
#90170=PLANE('',#90160);
#90180=CARTESIAN_POINT('',(41.35,57.1198126169906,-3.9498));
#90190=DIRECTION('',(0.,0.,1.));
#90200=VECTOR('',#90190,1.);
#90210=LINE('',#90180,#90200);
#90220=CARTESIAN_POINT('',(41.35,57.1198126169906,-2.8498));
#90230=VERTEX_POINT('',#90220);
#90240=EDGE_CURVE('',#89990,#90230,#90210,.T.);
#90250=ORIENTED_EDGE('',*,*,#90240,.T.);
#90260=ORIENTED_EDGE('',*,*,#90080,.F.);
#90270=ORIENTED_EDGE('',*,*,#89030,.F.);
#90280=CARTESIAN_POINT('',(41.2,57.1198126169906,-2.8498));
#90290=DIRECTION('',(1.,0.,0.));
#90300=VECTOR('',#90290,1.);
#90310=LINE('',#90280,#90300);
#90320=EDGE_CURVE('',#88940,#90230,#90310,.T.);
#90330=ORIENTED_EDGE('',*,*,#90320,.F.);
#90340=EDGE_LOOP('',(#90330,#90270,#90260,#90250));
#90350=FACE_OUTER_BOUND('',#90340,.T.);
#90360=ADVANCED_FACE('',(#90350),#90170,.T.);
#90370=CARTESIAN_POINT('',(41.1849976,57.1698126169906,-2.8498));
#90380=DIRECTION('',(-1.,0.,0.));
#90390=DIRECTION('',(0.,0.,1.));
#90400=AXIS2_PLACEMENT_3D('',#90370,#90380,#90390);
#90410=CYLINDRICAL_SURFACE('',#90400,0.05);
#90420=ORIENTED_EDGE('',*,*,#90320,.T.);
#90430=ORIENTED_EDGE('',*,*,#88950,.F.);
#90440=CARTESIAN_POINT('',(41.35,57.1698126169906,-2.7998));
#90450=DIRECTION('',(-1.,0.,0.));
#90460=VECTOR('',#90450,1.);
#90470=LINE('',#90440,#90460);
#90480=CARTESIAN_POINT('',(41.35,57.1698126169906,-2.7998));
#90490=VERTEX_POINT('',#90480);
#90500=EDGE_CURVE('',#90490,#88850,#90470,.T.);
#90510=ORIENTED_EDGE('',*,*,#90500,.T.);
#90520=CARTESIAN_POINT('',(41.35,57.1698126169906,-2.8498));
#90530=DIRECTION('',(1.,0.,-0.));
#90540=DIRECTION('',(0.,0.,1.));
#90550=AXIS2_PLACEMENT_3D('',#90520,#90530,#90540);
#90560=CIRCLE('',#90550,0.05);
#90570=EDGE_CURVE('',#90490,#90230,#90560,.T.);
#90580=ORIENTED_EDGE('',*,*,#90570,.F.);
#90590=EDGE_LOOP('',(#90580,#90510,#90430,#90420));
#90600=FACE_OUTER_BOUND('',#90590,.T.);
#90610=ADVANCED_FACE('',(#90600),#90410,.T.);
#90620=CARTESIAN_POINT('',(41.35,57.7908542836572,-2.38230000000004));
#90630=DIRECTION('',(1.,0.,0.));
#90640=DIRECTION('',(0.,0.,-1.));
#90650=AXIS2_PLACEMENT_3D('',#90620,#90630,#90640);
#90660=PLANE('',#90650);
#90670=ORIENTED_EDGE('',*,*,#17670,.T.);
#90680=CARTESIAN_POINT('',(41.35,58.2498126169906,-5.46980000000053));
#90690=DIRECTION('',(0.,0.,1.));
#90700=VECTOR('',#90690,1.);
#90710=LINE('',#90680,#90700);
#90720=CARTESIAN_POINT('',(41.35,58.2498126169906,-5.46980000000028));
#90730=VERTEX_POINT('',#90720);
#90740=EDGE_CURVE('',#90730,#17580,#90710,.T.);
#90750=ORIENTED_EDGE('',*,*,#90740,.T.);
#90760=CARTESIAN_POINT('',(41.35,58.1998126169906,-5.46980000000003));
#90770=DIRECTION('',(1.,0.,0.));
#90780=DIRECTION('',(0.,-1.16529008664657E-11,-1.));
#90790=AXIS2_PLACEMENT_3D('',#90760,#90770,#90780);
#90800=CIRCLE('',#90790,0.05);
#90810=CARTESIAN_POINT('',(41.35,58.1998126169903,-5.51980000000004));
#90820=VERTEX_POINT('',#90810);
#90830=EDGE_CURVE('',#90820,#90730,#90800,.T.);
#90840=ORIENTED_EDGE('',*,*,#90830,.T.);
#90850=CARTESIAN_POINT('',(41.35,58.1998126169906,-5.51980000000004));
#90860=DIRECTION('',(0.,-1.,0.));
#90870=VECTOR('',#90860,1.);
#90880=LINE('',#90850,#90870);
#90890=CARTESIAN_POINT('',(41.35,57.8698126169906,-5.51980000000004));
#90900=VERTEX_POINT('',#90890);
#90910=EDGE_CURVE('',#90820,#90900,#90880,.T.);
#90920=ORIENTED_EDGE('',*,*,#90910,.F.);
#90930=CARTESIAN_POINT('',(41.35,57.8698126169906,-5.56980000000004));
#90940=DIRECTION('',(-1.,0.,0.));
#90950=DIRECTION('',(0.,-1.,0.));
#90960=AXIS2_PLACEMENT_3D('',#90930,#90940,#90950);
#90970=CIRCLE('',#90960,0.05);
#90980=CARTESIAN_POINT('',(41.35,57.8198126169906,-5.56980000000004));
#90990=VERTEX_POINT('',#90980);
#91000=EDGE_CURVE('',#90990,#90900,#90970,.T.);
#91010=ORIENTED_EDGE('',*,*,#91000,.T.);
#91020=CARTESIAN_POINT('',(41.35,57.6198126169906,-5.56980000000004));
#91030=DIRECTION('',(0.,1.,0.));
#91040=VECTOR('',#91030,1.);
#91050=LINE('',#91020,#91040);
#91060=CARTESIAN_POINT('',(41.35,57.6198126169906,-5.56980000000004));
#91070=VERTEX_POINT('',#91060);
#91080=EDGE_CURVE('',#91070,#90990,#91050,.T.);
#91090=ORIENTED_EDGE('',*,*,#91080,.T.);
#91100=CARTESIAN_POINT('',(41.35,57.5698126169906,-5.56980000000004));
#91110=DIRECTION('',(-1.,0.,0.));
#91120=DIRECTION('',(0.,0.,1.));
#91130=AXIS2_PLACEMENT_3D('',#91100,#91110,#91120);
#91140=CIRCLE('',#91130,0.05);
#91150=CARTESIAN_POINT('',(41.35,57.5698126169906,-5.51980000000004));
#91160=VERTEX_POINT('',#91150);
#91170=EDGE_CURVE('',#91160,#91070,#91140,.T.);
#91180=ORIENTED_EDGE('',*,*,#91170,.T.);
#91190=CARTESIAN_POINT('',(41.35,57.5698126169906,-5.51980000000004));
#91200=DIRECTION('',(0.,-1.,0.));
#91210=VECTOR('',#91200,1.);
#91220=LINE('',#91190,#91210);
#91230=CARTESIAN_POINT('',(41.35,57.2898126169904,-5.51980000000003));
#91240=VERTEX_POINT('',#91230);
#91250=EDGE_CURVE('',#91160,#91240,#91220,.T.);
#91260=ORIENTED_EDGE('',*,*,#91250,.F.);
#91270=CARTESIAN_POINT('',(41.35,57.2898126169906,-5.46980000000003));
#91280=DIRECTION('',(1.,0.,0.));
#91290=DIRECTION('',(0.,-1.,8.33111357678765E-12));
#91300=AXIS2_PLACEMENT_3D('',#91270,#91280,#91290);
#91310=CIRCLE('',#91300,0.05);
#91320=CARTESIAN_POINT('',(41.35,57.2398126169906,-5.46979999999982));
#91330=VERTEX_POINT('',#91320);
#91340=EDGE_CURVE('',#91330,#91240,#91310,.T.);
#91350=ORIENTED_EDGE('',*,*,#91340,.T.);
#91360=CARTESIAN_POINT('',(41.35,57.2398126169906,-5.46980000000003));
#91370=DIRECTION('',(0.,0.,1.));
#91380=VECTOR('',#91370,1.);
#91390=LINE('',#91360,#91380);
#91400=CARTESIAN_POINT('',(41.35,57.2398126169906,-4.96980000000003));
#91410=VERTEX_POINT('',#91400);
#91420=EDGE_CURVE('',#91330,#91410,#91390,.T.);
#91430=ORIENTED_EDGE('',*,*,#91420,.F.);
#91440=CARTESIAN_POINT('',(41.35,57.3998126169906,-4.20980000000004));
#91450=DIRECTION('',(0.,-0.206010481049849,-0.978549784986748));
#91460=VECTOR('',#91450,1.);
#91470=LINE('',#91440,#91460);
#91480=CARTESIAN_POINT('',(41.35,57.3998126169906,-4.20980000000004));
#91490=VERTEX_POINT('',#91480);
#91500=EDGE_CURVE('',#91490,#91410,#91470,.T.);
#91510=ORIENTED_EDGE('',*,*,#91500,.T.);
#91520=CARTESIAN_POINT('',(41.35,57.3998126169906,-4.0998));
#91530=DIRECTION('',(0.,0.,-1.));
#91540=VECTOR('',#91530,1.);
#91550=LINE('',#91520,#91540);
#91560=EDGE_CURVE('',#89450,#91490,#91550,.T.);
#91570=ORIENTED_EDGE('',*,*,#91560,.T.);
#91580=ORIENTED_EDGE('',*,*,#89460,.T.);
#91590=ORIENTED_EDGE('',*,*,#89750,.F.);
#91600=ORIENTED_EDGE('',*,*,#90000,.T.);
#91610=ORIENTED_EDGE('',*,*,#90240,.F.);
#91620=ORIENTED_EDGE('',*,*,#90570,.T.);
#91630=CARTESIAN_POINT('',(41.35,57.2898126169905,-2.7998));
#91640=DIRECTION('',(0.,-1.,0.));
#91650=VECTOR('',#91640,1.);
#91660=LINE('',#91630,#91650);
#91670=CARTESIAN_POINT('',(41.35,57.2898126169906,-2.79979999999998));
#91680=VERTEX_POINT('',#91670);
#91690=EDGE_CURVE('',#91680,#90490,#91660,.T.);
#91700=ORIENTED_EDGE('',*,*,#91690,.T.);
#91710=CARTESIAN_POINT('',(41.35,57.3598126169906,-2.94980000000022));
#91720=DIRECTION('',(0.,-0.422885465331144,0.906183139995256));
#91730=VECTOR('',#91720,1.);
#91740=LINE('',#91710,#91730);
#91750=CARTESIAN_POINT('',(41.35,57.3598126169906,-2.9498));
#91760=VERTEX_POINT('',#91750);
#91770=EDGE_CURVE('',#91760,#91680,#91740,.T.);
#91780=ORIENTED_EDGE('',*,*,#91770,.T.);
#91790=CARTESIAN_POINT('',(41.35,57.3598126169906,-3.34480000000003));
#91800=DIRECTION('',(0.,0.,1.));
#91810=VECTOR('',#91800,1.);
#91820=LINE('',#91790,#91810);
#91830=EDGE_CURVE('',#87430,#91760,#91820,.T.);
#91840=ORIENTED_EDGE('',*,*,#91830,.T.);
#91850=ORIENTED_EDGE('',*,*,#87440,.T.);
#91860=ORIENTED_EDGE('',*,*,#87200,.F.);
#91870=EDGE_LOOP('',(#91860,#91850,#91840,#91780,#91700,#91620,#91610,
#91600,#91590,#91580,#91570,#91510,#91430,#91350,#91260,#91180,#91090,
#91010,#90920,#90840,#90750,#90670));
#91880=FACE_OUTER_BOUND('',#91870,.T.);
#91890=ADVANCED_FACE('',(#91880),#90660,.T.);
#91900=CARTESIAN_POINT('',(41.35,58.2498126169906,-5.46980000000003));
#91910=DIRECTION('',(0.,1.,-4.03717463500057E-16));
#91920=DIRECTION('',(0.,4.03717463500057E-16,1.));
#91930=AXIS2_PLACEMENT_3D('',#91900,#91910,#91920);
#91940=PLANE('',#91930);
#91950=ORIENTED_EDGE('',*,*,#88590,.T.);
#91960=CARTESIAN_POINT('',(41.2,58.2498126169906,-5.46980000000003));
#91970=DIRECTION('',(1.,0.,0.));
#91980=VECTOR('',#91970,1.);
#91990=LINE('',#91960,#91980);
#92000=EDGE_CURVE('',#88520,#90730,#91990,.T.);
#92010=ORIENTED_EDGE('',*,*,#92000,.F.);
#92020=ORIENTED_EDGE('',*,*,#90740,.F.);
#92030=ORIENTED_EDGE('',*,*,#17590,.T.);
#92040=EDGE_LOOP('',(#92030,#92020,#92010,#91950));
#92050=FACE_OUTER_BOUND('',#92040,.T.);
#92060=ADVANCED_FACE('',(#92050),#91940,.T.);
#92070=CARTESIAN_POINT('',(41.35,58.1998126169906,-5.46980000000003));
#92080=DIRECTION('',(-1.,0.,0.));
#92090=DIRECTION('',(0.,0.,1.));
#92100=AXIS2_PLACEMENT_3D('',#92070,#92080,#92090);
#92110=CYLINDRICAL_SURFACE('',#92100,0.05);
#92120=ORIENTED_EDGE('',*,*,#92000,.T.);
#92130=ORIENTED_EDGE('',*,*,#88530,.F.);
#92140=CARTESIAN_POINT('',(41.35,58.1998126169906,-5.51980000000003));
#92150=DIRECTION('',(-1.,0.,0.));
#92160=VECTOR('',#92150,1.);
#92170=LINE('',#92140,#92160);
#92180=EDGE_CURVE('',#90820,#88430,#92170,.T.);
#92190=ORIENTED_EDGE('',*,*,#92180,.T.);
#92200=ORIENTED_EDGE('',*,*,#90830,.F.);
#92210=EDGE_LOOP('',(#92200,#92190,#92130,#92120));
#92220=FACE_OUTER_BOUND('',#92210,.T.);
#92230=ADVANCED_FACE('',(#92220),#92110,.T.);
#92240=CARTESIAN_POINT('',(41.35,57.2898126169906,-5.51980000000004));
#92250=DIRECTION('',(0.,-1.26161707343768E-16,-1.));
#92260=DIRECTION('',(0.,1.,-1.26161707343768E-16));
#92270=AXIS2_PLACEMENT_3D('',#92240,#92250,#92260);
#92280=PLANE('',#92270);
#92290=ORIENTED_EDGE('',*,*,#90910,.T.);
#92300=ORIENTED_EDGE('',*,*,#92180,.F.);
#92310=ORIENTED_EDGE('',*,*,#88440,.F.);
#92320=CARTESIAN_POINT('',(41.2,57.8698126169906,-5.51980000000004));
#92330=DIRECTION('',(1.,0.,0.));
#92340=VECTOR('',#92330,1.);
#92350=LINE('',#92320,#92340);
#92360=EDGE_CURVE('',#88350,#90900,#92350,.T.);
#92370=ORIENTED_EDGE('',*,*,#92360,.F.);
#92380=EDGE_LOOP('',(#92370,#92310,#92300,#92290));
#92390=FACE_OUTER_BOUND('',#92380,.T.);
#92400=ADVANCED_FACE('',(#92390),#92280,.T.);
#92410=CARTESIAN_POINT('',(41.35,57.8698126169906,-5.56980000000004));
#92420=DIRECTION('',(-1.,0.,0.));
#92430=DIRECTION('',(0.,0.,1.));
#92440=AXIS2_PLACEMENT_3D('',#92410,#92420,#92430);
#92450=CYLINDRICAL_SURFACE('',#92440,0.05);
#92460=ORIENTED_EDGE('',*,*,#91000,.F.);
#92470=ORIENTED_EDGE('',*,*,#92360,.T.);
#92480=ORIENTED_EDGE('',*,*,#88360,.F.);
#92490=CARTESIAN_POINT('',(41.35,57.8198126169906,-5.56980000000004));
#92500=DIRECTION('',(-1.,0.,0.));
#92510=VECTOR('',#92500,1.);
#92520=LINE('',#92490,#92510);
#92530=EDGE_CURVE('',#90990,#88260,#92520,.T.);
#92540=ORIENTED_EDGE('',*,*,#92530,.T.);
#92550=EDGE_LOOP('',(#92540,#92480,#92470,#92460));
#92560=FACE_OUTER_BOUND('',#92550,.T.);
#92570=ADVANCED_FACE('',(#92560),#92450,.F.);
#92580=CARTESIAN_POINT('',(41.35,57.5698126169906,-5.56980000000004));
#92590=DIRECTION('',(0.,1.10634112593766E-15,-1.));
#92600=DIRECTION('',(0.,1.,1.10634112593766E-15));
#92610=AXIS2_PLACEMENT_3D('',#92580,#92590,#92600);
#92620=PLANE('',#92610);
#92630=ORIENTED_EDGE('',*,*,#92530,.F.);
#92640=ORIENTED_EDGE('',*,*,#88270,.T.);
#92650=CARTESIAN_POINT('',(41.2,57.6198126169906,-5.56980000000004));
#92660=DIRECTION('',(1.,0.,0.));
#92670=VECTOR('',#92660,1.);
#92680=LINE('',#92650,#92670);
#92690=EDGE_CURVE('',#88180,#91070,#92680,.T.);
#92700=ORIENTED_EDGE('',*,*,#92690,.F.);
#92710=ORIENTED_EDGE('',*,*,#91080,.F.);
#92720=EDGE_LOOP('',(#92710,#92700,#92640,#92630));
#92730=FACE_OUTER_BOUND('',#92720,.T.);
#92740=ADVANCED_FACE('',(#92730),#92620,.T.);
#92750=CARTESIAN_POINT('',(41.35,57.5698126169906,-5.56980000000004));
#92760=DIRECTION('',(-1.,0.,0.));
#92770=DIRECTION('',(0.,0.,1.));
#92780=AXIS2_PLACEMENT_3D('',#92750,#92760,#92770);
#92790=CYLINDRICAL_SURFACE('',#92780,0.05);
#92800=ORIENTED_EDGE('',*,*,#88190,.F.);
#92810=CARTESIAN_POINT('',(41.35,57.5698126169906,-5.51980000000004));
#92820=DIRECTION('',(-1.,0.,0.));
#92830=VECTOR('',#92820,1.);
#92840=LINE('',#92810,#92830);
#92850=EDGE_CURVE('',#91160,#88090,#92840,.T.);
#92860=ORIENTED_EDGE('',*,*,#92850,.T.);
#92870=ORIENTED_EDGE('',*,*,#91170,.F.);
#92880=ORIENTED_EDGE('',*,*,#92690,.T.);
#92890=EDGE_LOOP('',(#92880,#92870,#92860,#92800));
#92900=FACE_OUTER_BOUND('',#92890,.T.);
#92910=ADVANCED_FACE('',(#92900),#92790,.F.);
#92920=CARTESIAN_POINT('',(41.35,57.2898126169906,-5.51980000000004));
#92930=DIRECTION('',(0.,-1.26161707343768E-16,-1.));
#92940=DIRECTION('',(0.,1.,-1.26161707343768E-16));
#92950=AXIS2_PLACEMENT_3D('',#92920,#92930,#92940);
#92960=PLANE('',#92950);
#92970=ORIENTED_EDGE('',*,*,#92850,.F.);
#92980=ORIENTED_EDGE('',*,*,#88100,.F.);
#92990=CARTESIAN_POINT('',(41.2,57.2898126169906,-5.51980000000003));
#93000=DIRECTION('',(1.,0.,0.));
#93010=VECTOR('',#93000,1.);
#93020=LINE('',#92990,#93010);
#93030=EDGE_CURVE('',#88010,#91240,#93020,.T.);
#93040=ORIENTED_EDGE('',*,*,#93030,.F.);
#93050=ORIENTED_EDGE('',*,*,#91250,.T.);
#93060=EDGE_LOOP('',(#93050,#93040,#92980,#92970));
#93070=FACE_OUTER_BOUND('',#93060,.T.);
#93080=ADVANCED_FACE('',(#93070),#92960,.T.);
#93090=CARTESIAN_POINT('',(41.35,57.2898126169906,-5.46980000000003));
#93100=DIRECTION('',(-1.,0.,0.));
#93110=DIRECTION('',(0.,0.,1.));
#93120=AXIS2_PLACEMENT_3D('',#93090,#93100,#93110);
#93130=CYLINDRICAL_SURFACE('',#93120,0.05);
#93140=ORIENTED_EDGE('',*,*,#93030,.T.);
#93150=ORIENTED_EDGE('',*,*,#88020,.F.);
#93160=CARTESIAN_POINT('',(41.35,57.2398126169906,-5.46980000000003));
#93170=DIRECTION('',(-1.,0.,0.));
#93180=VECTOR('',#93170,1.);
#93190=LINE('',#93160,#93180);
#93200=EDGE_CURVE('',#91330,#87920,#93190,.T.);
#93210=ORIENTED_EDGE('',*,*,#93200,.T.);
#93220=ORIENTED_EDGE('',*,*,#91340,.F.);
#93230=EDGE_LOOP('',(#93220,#93210,#93150,#93140));
#93240=FACE_OUTER_BOUND('',#93230,.T.);
#93250=ADVANCED_FACE('',(#93240),#93130,.T.);
#93260=CARTESIAN_POINT('',(41.35,57.2398126169906,-4.96980000000003));
#93270=DIRECTION('',(0.,-1.,2.77555756156289E-16));
#93280=DIRECTION('',(0.,-2.77555756156289E-16,-1.));
#93290=AXIS2_PLACEMENT_3D('',#93260,#93270,#93280);
#93300=PLANE('',#93290);
#93310=ORIENTED_EDGE('',*,*,#93200,.F.);
#93320=ORIENTED_EDGE('',*,*,#87930,.F.);
#93330=CARTESIAN_POINT('',(41.35,57.2398126169906,-4.96980000000003));
#93340=DIRECTION('',(-1.,0.,0.));
#93350=VECTOR('',#93340,1.);
#93360=LINE('',#93330,#93350);
#93370=EDGE_CURVE('',#91410,#87840,#93360,.T.);
#93380=ORIENTED_EDGE('',*,*,#93370,.T.);
#93390=ORIENTED_EDGE('',*,*,#91420,.T.);
#93400=EDGE_LOOP('',(#93390,#93380,#93320,#93310));
#93410=FACE_OUTER_BOUND('',#93400,.T.);
#93420=ADVANCED_FACE('',(#93410),#93300,.T.);
#93430=CARTESIAN_POINT('',(41.35,57.3998126169906,-4.20980000000004));
#93440=DIRECTION('',(0.,-0.978549784986749,0.206010481049842));
#93450=DIRECTION('',(0.,-0.206010481049842,-0.978549784986749));
#93460=AXIS2_PLACEMENT_3D('',#93430,#93440,#93450);
#93470=PLANE('',#93460);
#93480=ORIENTED_EDGE('',*,*,#93370,.F.);
#93490=ORIENTED_EDGE('',*,*,#87850,.F.);
#93500=CARTESIAN_POINT('',(41.35,57.3998126169906,-4.20980000000004));
#93510=DIRECTION('',(-1.,0.,0.));
#93520=VECTOR('',#93510,1.);
#93530=LINE('',#93500,#93520);
#93540=EDGE_CURVE('',#91490,#87760,#93530,.T.);
#93550=ORIENTED_EDGE('',*,*,#93540,.T.);
#93560=ORIENTED_EDGE('',*,*,#91500,.F.);
#93570=EDGE_LOOP('',(#93560,#93550,#93490,#93480));
#93580=FACE_OUTER_BOUND('',#93570,.T.);
#93590=ADVANCED_FACE('',(#93580),#93470,.T.);
#93600=CARTESIAN_POINT('',(41.35,57.3998126169906,-4.01980000000004));
#93610=DIRECTION('',(0.,-1.,0.));
#93620=DIRECTION('',(0.,0.,-1.));
#93630=AXIS2_PLACEMENT_3D('',#93600,#93610,#93620);
#93640=PLANE('',#93630);
#93650=ORIENTED_EDGE('',*,*,#93540,.F.);
#93660=ORIENTED_EDGE('',*,*,#87770,.T.);
#93670=ORIENTED_EDGE('',*,*,#89520,.F.);
#93680=ORIENTED_EDGE('',*,*,#91560,.F.);
#93690=EDGE_LOOP('',(#93680,#93670,#93660,#93650));
#93700=FACE_OUTER_BOUND('',#93690,.T.);
#93710=ADVANCED_FACE('',(#93700),#93640,.T.);
#93720=CARTESIAN_POINT('',(41.1849976,57.2898126169906,-2.7998));
#93730=DIRECTION('',(0.,8.88178419700125E-16,-1.));
#93740=DIRECTION('',(0.,-1.,-8.88178419700125E-16));
#93750=AXIS2_PLACEMENT_3D('',#93720,#93730,#93740);
#93760=PLANE('',#93750);
#93770=CARTESIAN_POINT('',(41.2,57.2898126169906,-2.7998));
#93780=DIRECTION('',(1.,0.,0.));
#93790=VECTOR('',#93780,1.);
#93800=LINE('',#93770,#93790);
#93810=EDGE_CURVE('',#88770,#91680,#93800,.T.);
#93820=ORIENTED_EDGE('',*,*,#93810,.F.);
#93830=ORIENTED_EDGE('',*,*,#91690,.F.);
#93840=ORIENTED_EDGE('',*,*,#90500,.F.);
#93850=ORIENTED_EDGE('',*,*,#88860,.T.);
#93860=EDGE_LOOP('',(#93850,#93840,#93830,#93820));
#93870=FACE_OUTER_BOUND('',#93860,.T.);
#93880=ADVANCED_FACE('',(#93870),#93760,.F.);
#93890=CARTESIAN_POINT('',(41.1849976,57.3598126169906,-2.9498));
#93900=DIRECTION('',(0.,-0.906183139995265,-0.422885465331125));
#93910=DIRECTION('',(0.,-0.422885465331125,0.906183139995265));
#93920=AXIS2_PLACEMENT_3D('',#93890,#93900,#93910);
#93930=PLANE('',#93920);
#93940=ORIENTED_EDGE('',*,*,#93810,.T.);
#93950=ORIENTED_EDGE('',*,*,#88780,.F.);
#93960=CARTESIAN_POINT('',(41.35,57.3598126169906,-2.9498));
#93970=DIRECTION('',(-1.,0.,0.));
#93980=VECTOR('',#93970,1.);
#93990=LINE('',#93960,#93980);
#94000=EDGE_CURVE('',#91760,#88690,#93990,.T.);
#94010=ORIENTED_EDGE('',*,*,#94000,.T.);
#94020=ORIENTED_EDGE('',*,*,#91770,.F.);
#94030=EDGE_LOOP('',(#94020,#94010,#93950,#93940));
#94040=FACE_OUTER_BOUND('',#94030,.T.);
#94050=ADVANCED_FACE('',(#94040),#93930,.F.);
#94060=CARTESIAN_POINT('',(41.35,57.3598126169906,-3.06480000000003));
#94070=DIRECTION('',(0.,1.,0.));
#94080=DIRECTION('',(0.,0.,1.));
#94090=AXIS2_PLACEMENT_3D('',#94060,#94070,#94080);
#94100=PLANE('',#94090);
#94110=ORIENTED_EDGE('',*,*,#94000,.F.);
#94120=ORIENTED_EDGE('',*,*,#88700,.T.);
#94130=ORIENTED_EDGE('',*,*,#87520,.F.);
#94140=ORIENTED_EDGE('',*,*,#91830,.F.);
#94150=EDGE_LOOP('',(#94140,#94130,#94120,#94110));
#94160=FACE_OUTER_BOUND('',#94150,.T.);
#94170=ADVANCED_FACE('',(#94160),#94100,.T.);
#94180=CARTESIAN_POINT('',(40.575,57.3598126169906,-0.519800000000004));
#94190=DIRECTION('',(-1.,0.,0.));
#94200=DIRECTION('',(0.,2.77555756156289E-16,1.));
#94210=AXIS2_PLACEMENT_3D('',#94180,#94190,#94200);
#94220=PLANE('',#94210);
#94230=ORIENTED_EDGE('',*,*,#5770,.T.);
#94240=ORIENTED_EDGE('',*,*,#14470,.T.);
#94250=ORIENTED_EDGE('',*,*,#13860,.F.);
#94260=ORIENTED_EDGE('',*,*,#13550,.F.);
#94270=EDGE_LOOP('',(#94260,#94250,#94240,#94230));
#94280=FACE_OUTER_BOUND('',#94270,.T.);
#94290=ADVANCED_FACE('',(#94280),#94220,.F.);
#94300=CARTESIAN_POINT('',(39.115,57.3198126169906,-0.569800000000001));
#94310=DIRECTION('',(0.,1.,0.));
#94320=DIRECTION('',(0.,0.,1.));
#94330=AXIS2_PLACEMENT_3D('',#94300,#94310,#94320);
#94340=PLANE('',#94330);
#94350=CARTESIAN_POINT('',(39.235,57.3198126169906,-0.669800000000002));
#94360=DIRECTION('',(0.,0.,1.));
#94370=VECTOR('',#94360,1.);
#94380=LINE('',#94350,#94370);
#94390=CARTESIAN_POINT('',(39.235,57.3198126169906,-0.543961984870933));
#94400=VERTEX_POINT('',#94390);
#94410=EDGE_CURVE('',#13280,#94400,#94380,.T.);
#94420=ORIENTED_EDGE('',*,*,#94410,.T.);
#94430=ORIENTED_EDGE('',*,*,#13290,.T.);
#94440=ORIENTED_EDGE('',*,*,#1620,.F.);
#94450=CARTESIAN_POINT('',(39.115,57.3198126169906,-0.543961984870968));
#94460=DIRECTION('',(1.,0.,0.));
#94470=VECTOR('',#94460,1.);
#94480=LINE('',#94450,#94470);
#94490=EDGE_CURVE('',#1530,#94400,#94480,.T.);
#94500=ORIENTED_EDGE('',*,*,#94490,.F.);
#94510=EDGE_LOOP('',(#94500,#94440,#94430,#94420));
#94520=FACE_OUTER_BOUND('',#94510,.T.);
#94530=ADVANCED_FACE('',(#94520),#94340,.F.);
#94540=CARTESIAN_POINT('',(39.115,57.3498126169906,-0.543961984870968));
#94550=DIRECTION('',(-1.,0.,0.));
#94560=DIRECTION('',(0.,0.,1.));
#94570=AXIS2_PLACEMENT_3D('',#94540,#94550,#94560);
#94580=CYLINDRICAL_SURFACE('',#94570,0.03);
#94590=ORIENTED_EDGE('',*,*,#1540,.F.);
#94600=CARTESIAN_POINT('',(39.235,57.3385626169906,-0.516151240544359));
#94610=DIRECTION('',(-1.,0.,0.));
#94620=VECTOR('',#94610,1.);
#94630=LINE('',#94600,#94620);
#94640=CARTESIAN_POINT('',(39.235,57.3385680619991,-0.516149038550167));
#94650=VERTEX_POINT('',#94640);
#94660=EDGE_CURVE('',#94650,#1440,#94630,.T.);
#94670=ORIENTED_EDGE('',*,*,#94660,.T.);
#94680=CARTESIAN_POINT('',(39.235,57.3498126169906,-0.543961984870968));
#94690=DIRECTION('',(1.,0.,0.));
#94700=DIRECTION('',(0.,-0.374637008760708,0.927171565389507));
#94710=AXIS2_PLACEMENT_3D('',#94680,#94690,#94700);
#94720=CIRCLE('',#94710,0.03);
#94730=EDGE_CURVE('',#94650,#94400,#94720,.T.);
#94740=ORIENTED_EDGE('',*,*,#94730,.F.);
#94750=ORIENTED_EDGE('',*,*,#94490,.T.);
#94760=EDGE_LOOP('',(#94750,#94740,#94670,#94590));
#94770=FACE_OUTER_BOUND('',#94760,.T.);
#94780=ADVANCED_FACE('',(#94770),#94580,.T.);
#94790=CARTESIAN_POINT('',(39.115,57.3198126169906,-0.469800000000014));
#94800=DIRECTION('',(-1.,0.,0.));
#94810=DIRECTION('',(0.,0.,1.));
#94820=AXIS2_PLACEMENT_3D('',#94790,#94800,#94810);
#94830=CYLINDRICAL_SURFACE('',#94820,0.05);
#94840=ORIENTED_EDGE('',*,*,#1450,.F.);
#94850=CARTESIAN_POINT('',(39.235,57.3483611442582,-0.428751472732263));
#94860=DIRECTION('',(-1.,0.,0.));
#94870=VECTOR('',#94860,1.);
#94880=LINE('',#94850,#94870);
#94890=CARTESIAN_POINT('',(39.235,57.3483611442548,-0.428751472729927));
#94900=VERTEX_POINT('',#94890);
#94910=EDGE_CURVE('',#94900,#1350,#94880,.T.);
#94920=ORIENTED_EDGE('',*,*,#94910,.T.);
#94930=CARTESIAN_POINT('',(39.235,57.3198126169906,-0.469800000000014));
#94940=DIRECTION('',(-1.,0.,0.));
#94950=DIRECTION('',(0.,0.570970545217487,0.820970545448523));
#94960=AXIS2_PLACEMENT_3D('',#94930,#94940,#94950);
#94970=CIRCLE('',#94960,0.05);
#94980=EDGE_CURVE('',#94900,#94650,#94970,.T.);
#94990=ORIENTED_EDGE('',*,*,#94980,.F.);
#95000=ORIENTED_EDGE('',*,*,#94660,.F.);
#95010=EDGE_LOOP('',(#95000,#94990,#94920,#94840));
#95020=FACE_OUTER_BOUND('',#95010,.T.);
#95030=ADVANCED_FACE('',(#95020),#94830,.F.);
#95040=CARTESIAN_POINT('',(39.2470024,57.3483611442582,-0.42875147273233
));
#95050=DIRECTION('',(0.,0.570970545353777,0.820970545353736));
#95060=DIRECTION('',(0.,-0.820970545353736,0.570970545353777));
#95070=AXIS2_PLACEMENT_3D('',#95040,#95050,#95060);
#95080=PLANE('',#95070);
#95090=ORIENTED_EDGE('',*,*,#94910,.F.);
#95100=ORIENTED_EDGE('',*,*,#1360,.F.);
#95110=CARTESIAN_POINT('',(39.235,57.1198126169906,-0.269800000000069));
#95120=DIRECTION('',(-1.,0.,0.));
#95130=VECTOR('',#95120,1.);
#95140=LINE('',#95110,#95130);
#95150=CARTESIAN_POINT('',(39.235,57.1198126169906,-0.26979999999996));
#95160=VERTEX_POINT('',#95150);
#95170=EDGE_CURVE('',#95160,#1270,#95140,.T.);
#95180=ORIENTED_EDGE('',*,*,#95170,.T.);
#95190=CARTESIAN_POINT('',(39.235,57.1198126169906,-0.26979999999985));
#95200=DIRECTION('',(0.,0.820970545353756,-0.570970545353748));
#95210=VECTOR('',#95200,1.);
#95220=LINE('',#95190,#95210);
#95230=EDGE_CURVE('',#95160,#94900,#95220,.T.);
#95240=ORIENTED_EDGE('',*,*,#95230,.F.);
#95250=EDGE_LOOP('',(#95240,#95180,#95100,#95090));
#95260=FACE_OUTER_BOUND('',#95250,.T.);
#95270=ADVANCED_FACE('',(#95260),#95080,.F.);
#95280=CARTESIAN_POINT('',(39.235,57.5510425259597,-1.96345794057089));
#95290=DIRECTION('',(-1.,0.,0.));
#95300=DIRECTION('',(0.,0.,1.));
#95310=AXIS2_PLACEMENT_3D('',#95280,#95290,#95300);
#95320=PLANE('',#95310);
#95330=ORIENTED_EDGE('',*,*,#2150,.T.);
#95340=ORIENTED_EDGE('',*,*,#2640,.T.);
#95350=CARTESIAN_POINT('',(39.235,57.3698126169906,-0.669800000000002));
#95360=DIRECTION('',(0.,0.,1.));
#95370=VECTOR('',#95360,1.);
#95380=LINE('',#95350,#95370);
#95390=EDGE_CURVE('',#13360,#2570,#95380,.T.);
#95400=ORIENTED_EDGE('',*,*,#95390,.T.);
#95410=ORIENTED_EDGE('',*,*,#13370,.T.);
#95420=ORIENTED_EDGE('',*,*,#94410,.F.);
#95430=ORIENTED_EDGE('',*,*,#94730,.T.);
#95440=ORIENTED_EDGE('',*,*,#94980,.T.);
#95450=ORIENTED_EDGE('',*,*,#95230,.T.);
#95460=CARTESIAN_POINT('',(39.235,57.1198126169906,0.0802000000000027));
#95470=DIRECTION('',(0.,0.,-1.));
#95480=VECTOR('',#95470,1.);
#95490=LINE('',#95460,#95480);
#95500=CARTESIAN_POINT('',(39.235,57.1198126169906,0.0801999999999983));
#95510=VERTEX_POINT('',#95500);
#95520=EDGE_CURVE('',#95510,#95160,#95490,.T.);
#95530=ORIENTED_EDGE('',*,*,#95520,.T.);
#95540=CARTESIAN_POINT('',(39.235,57.1698126169906,0.180199999999999));
#95550=DIRECTION('',(0.,-0.447213595499952,-0.894427190999919));
#95560=VECTOR('',#95550,1.);
#95570=LINE('',#95540,#95560);
#95580=CARTESIAN_POINT('',(39.235,57.1698126169906,0.180199999999999));
#95590=VERTEX_POINT('',#95580);
#95600=EDGE_CURVE('',#95590,#95510,#95570,.T.);
#95610=ORIENTED_EDGE('',*,*,#95600,.T.);
#95620=CARTESIAN_POINT('',(39.235,57.2798126169906,0.180199999999999));
#95630=DIRECTION('',(0.,-1.,0.));
#95640=VECTOR('',#95630,1.);
#95650=LINE('',#95620,#95640);
#95660=CARTESIAN_POINT('',(39.235,57.2798126169906,0.180199999999999));
#95670=VERTEX_POINT('',#95660);
#95680=EDGE_CURVE('',#95670,#95590,#95650,.T.);
#95690=ORIENTED_EDGE('',*,*,#95680,.T.);
#95700=CARTESIAN_POINT('',(39.235,57.2798126169906,-0.0197999999999534))
;
#95710=DIRECTION('',(0.,0.,1.));
#95720=VECTOR('',#95710,1.);
#95730=LINE('',#95700,#95720);
#95740=CARTESIAN_POINT('',(39.235,57.2798126169906,-0.0197999999999714))
;
#95750=VERTEX_POINT('',#95740);
#95760=EDGE_CURVE('',#95750,#95670,#95730,.T.);
#95770=ORIENTED_EDGE('',*,*,#95760,.T.);
#95780=CARTESIAN_POINT('',(39.235,57.4798126169906,-0.0197999999999965))
;
#95790=DIRECTION('',(-1.,0.,-0.));
#95800=DIRECTION('',(0.,1.20792265079217E-12,-1.));
#95810=AXIS2_PLACEMENT_3D('',#95780,#95790,#95800);
#95820=CIRCLE('',#95810,0.2);
#95830=CARTESIAN_POINT('',(39.235,57.4798126169907,-0.219799999999999));
#95840=VERTEX_POINT('',#95830);
#95850=EDGE_CURVE('',#95840,#95750,#95820,.T.);
#95860=ORIENTED_EDGE('',*,*,#95850,.T.);
#95870=CARTESIAN_POINT('',(39.235,57.5898126169906,-0.219799999999999));
#95880=DIRECTION('',(0.,-1.,0.));
#95890=VECTOR('',#95880,1.);
#95900=LINE('',#95870,#95890);
#95910=CARTESIAN_POINT('',(39.235,57.5898126169906,-0.219799999999999));
#95920=VERTEX_POINT('',#95910);
#95930=EDGE_CURVE('',#95920,#95840,#95900,.T.);
#95940=ORIENTED_EDGE('',*,*,#95930,.T.);
#95950=CARTESIAN_POINT('',(39.235,57.5898126169906,-0.169800000000002));
#95960=DIRECTION('',(-1.,0.,0.));
#95970=DIRECTION('',(0.,1.,1.11022302462522E-15));
#95980=AXIS2_PLACEMENT_3D('',#95950,#95960,#95970);
#95990=CIRCLE('',#95980,0.0499999999999972);
#96000=CARTESIAN_POINT('',(39.235,57.6398126169906,-0.169800000000002));
#96010=VERTEX_POINT('',#96000);
#96020=EDGE_CURVE('',#96010,#95920,#95990,.T.);
#96030=ORIENTED_EDGE('',*,*,#96020,.T.);
#96040=CARTESIAN_POINT('',(39.235,57.6398126169906,-0.169800000000002));
#96050=DIRECTION('',(0.,1.,0.));
#96060=VECTOR('',#96050,1.);
#96070=LINE('',#96040,#96060);
#96080=CARTESIAN_POINT('',(39.235,57.8398126169906,-0.169800000000002));
#96090=VERTEX_POINT('',#96080);
#96100=EDGE_CURVE('',#96010,#96090,#96070,.T.);
#96110=ORIENTED_EDGE('',*,*,#96100,.F.);
#96120=CARTESIAN_POINT('',(39.235,57.8398126169906,-0.169800000000002));
#96130=DIRECTION('',(0.,0.,-1.));
#96140=VECTOR('',#96130,1.);
#96150=LINE('',#96120,#96140);
#96160=CARTESIAN_POINT('',(39.235,57.8398126169906,-0.369799999999998));
#96170=VERTEX_POINT('',#96160);
#96180=EDGE_CURVE('',#96090,#96170,#96150,.T.);
#96190=ORIENTED_EDGE('',*,*,#96180,.F.);
#96200=CARTESIAN_POINT('',(39.235,57.9398126169906,-0.369799999999998));
#96210=DIRECTION('',(-1.,0.,-0.));
#96220=DIRECTION('',(0.,8.5265128291212E-13,-1.));
#96230=AXIS2_PLACEMENT_3D('',#96200,#96210,#96220);
#96240=CIRCLE('',#96230,0.1);
#96250=EDGE_CURVE('',#210,#96170,#96240,.T.);
#96260=ORIENTED_EDGE('',*,*,#96250,.T.);
#96270=ORIENTED_EDGE('',*,*,#220,.T.);
#96280=EDGE_LOOP('',(#96270,#96260,#96190,#96110,#96030,#95940,#95860,
#95770,#95690,#95610,#95530,#95450,#95440,#95430,#95420,#95410,#95400,
#95340,#95330));
#96290=FACE_OUTER_BOUND('',#96280,.T.);
#96300=ADVANCED_FACE('',(#96290),#95320,.F.);
#96310=CARTESIAN_POINT('',(14.68875,57.3698126169906,-0.594799999999999)
);
#96320=DIRECTION('',(0.,-1.,2.77555756156289E-16));
#96330=DIRECTION('',(1.,0.,0.));
#96340=AXIS2_PLACEMENT_3D('',#96310,#96320,#96330);
#96350=PLANE('',#96340);
#96360=ORIENTED_EDGE('',*,*,#13430,.F.);
#96370=ORIENTED_EDGE('',*,*,#95390,.F.);
#96380=ORIENTED_EDGE('',*,*,#2580,.F.);
#96390=ORIENTED_EDGE('',*,*,#9110,.T.);
#96400=EDGE_LOOP('',(#96390,#96380,#96370,#96360));
#96410=FACE_OUTER_BOUND('',#96400,.T.);
#96420=ADVANCED_FACE('',(#96410),#96350,.T.);
#96430=CARTESIAN_POINT('',(39.115,57.1198126169906,0.0801999999999694));
#96440=DIRECTION('',(0.,1.,-1.57898385724466E-14));
#96450=DIRECTION('',(0.,1.57898385724466E-14,1.));
#96460=AXIS2_PLACEMENT_3D('',#96430,#96440,#96450);
#96470=PLANE('',#96460);
#96480=ORIENTED_EDGE('',*,*,#1280,.T.);
#96490=CARTESIAN_POINT('',(39.115,57.1198126169906,0.0801999999999903));
#96500=DIRECTION('',(1.,0.,0.));
#96510=VECTOR('',#96500,1.);
#96520=LINE('',#96490,#96510);
#96530=EDGE_CURVE('',#1190,#95510,#96520,.T.);
#96540=ORIENTED_EDGE('',*,*,#96530,.F.);
#96550=ORIENTED_EDGE('',*,*,#95520,.F.);
#96560=ORIENTED_EDGE('',*,*,#95170,.F.);
#96570=EDGE_LOOP('',(#96560,#96550,#96540,#96480));
#96580=FACE_OUTER_BOUND('',#96570,.T.);
#96590=ADVANCED_FACE('',(#96580),#96470,.F.);
#96600=CARTESIAN_POINT('',(39.115,57.1698126169906,0.180199999999999));
#96610=DIRECTION('',(0.,0.894427190999929,-0.447213595499933));
#96620=DIRECTION('',(0.,0.447213595499933,0.894427190999929));
#96630=AXIS2_PLACEMENT_3D('',#96600,#96610,#96620);
#96640=PLANE('',#96630);
#96650=ORIENTED_EDGE('',*,*,#1200,.F.);
#96660=CARTESIAN_POINT('',(39.115,57.1698126169906,0.180199999999999));
#96670=DIRECTION('',(1.,0.,0.));
#96680=VECTOR('',#96670,1.);
#96690=LINE('',#96660,#96680);
#96700=EDGE_CURVE('',#1110,#95590,#96690,.T.);
#96710=ORIENTED_EDGE('',*,*,#96700,.F.);
#96720=ORIENTED_EDGE('',*,*,#95600,.F.);
#96730=ORIENTED_EDGE('',*,*,#96530,.T.);
#96740=EDGE_LOOP('',(#96730,#96720,#96710,#96650));
#96750=FACE_OUTER_BOUND('',#96740,.T.);
#96760=ADVANCED_FACE('',(#96750),#96640,.F.);
#96770=CARTESIAN_POINT('',(39.115,57.4398126169906,0.180199999999999));
#96780=DIRECTION('',(0.,0.,-1.));
#96790=DIRECTION('',(0.,1.,0.));
#96800=AXIS2_PLACEMENT_3D('',#96770,#96780,#96790);
#96810=PLANE('',#96800);
#96820=ORIENTED_EDGE('',*,*,#1120,.T.);
#96830=CARTESIAN_POINT('',(39.235,57.2798126169906,0.180199999999999));
#96840=DIRECTION('',(-1.,0.,0.));
#96850=VECTOR('',#96840,1.);
#96860=LINE('',#96830,#96850);
#96870=EDGE_CURVE('',#95670,#1030,#96860,.T.);
#96880=ORIENTED_EDGE('',*,*,#96870,.T.);
#96890=ORIENTED_EDGE('',*,*,#95680,.F.);
#96900=ORIENTED_EDGE('',*,*,#96700,.T.);
#96910=EDGE_LOOP('',(#96900,#96890,#96880,#96820));
#96920=FACE_OUTER_BOUND('',#96910,.T.);
#96930=ADVANCED_FACE('',(#96920),#96810,.F.);
#96940=CARTESIAN_POINT('',(39.2470024,57.2798126169906,0.180199999999999
));
#96950=DIRECTION('',(0.,-1.,2.03012210217183E-14));
#96960=DIRECTION('',(0.,-2.03012210217183E-14,-1.));
#96970=AXIS2_PLACEMENT_3D('',#96940,#96950,#96960);
#96980=PLANE('',#96970);
#96990=ORIENTED_EDGE('',*,*,#96870,.F.);
#97000=ORIENTED_EDGE('',*,*,#1040,.T.);
#97010=CARTESIAN_POINT('',(39.115,57.2798126169906,-0.0197999999999894))
;
#97020=DIRECTION('',(1.,0.,0.));
#97030=VECTOR('',#97020,1.);
#97040=LINE('',#97010,#97030);
#97050=EDGE_CURVE('',#950,#95750,#97040,.T.);
#97060=ORIENTED_EDGE('',*,*,#97050,.F.);
#97070=ORIENTED_EDGE('',*,*,#95760,.F.);
#97080=EDGE_LOOP('',(#97070,#97060,#97000,#96990));
#97090=FACE_OUTER_BOUND('',#97080,.T.);
#97100=ADVANCED_FACE('',(#97090),#96980,.F.);
#97110=CARTESIAN_POINT('',(39.2470024,57.4798126169906,
-0.0197999999999965));
#97120=DIRECTION('',(1.,0.,0.));
#97130=DIRECTION('',(0.,0.,-1.));
#97140=AXIS2_PLACEMENT_3D('',#97110,#97120,#97130);
#97150=CYLINDRICAL_SURFACE('',#97140,0.2);
#97160=CARTESIAN_POINT('',(39.235,57.4798126169906,-0.219799999999997));
#97170=DIRECTION('',(-1.,0.,0.));
#97180=VECTOR('',#97170,1.);
#97190=LINE('',#97160,#97180);
#97200=EDGE_CURVE('',#95840,#860,#97190,.T.);
#97210=ORIENTED_EDGE('',*,*,#97200,.T.);
#97220=ORIENTED_EDGE('',*,*,#95850,.F.);
#97230=ORIENTED_EDGE('',*,*,#97050,.T.);
#97240=ORIENTED_EDGE('',*,*,#960,.F.);
#97250=EDGE_LOOP('',(#97240,#97230,#97220,#97210));
#97260=FACE_OUTER_BOUND('',#97250,.T.);
#97270=ADVANCED_FACE('',(#97260),#97150,.F.);
#97280=CARTESIAN_POINT('',(39.2470024,57.4798126169906,
-0.219799999999999));
#97290=DIRECTION('',(0.,0.,-1.));
#97300=DIRECTION('',(0.,1.,0.));
#97310=AXIS2_PLACEMENT_3D('',#97280,#97290,#97300);
#97320=PLANE('',#97310);
#97330=CARTESIAN_POINT('',(39.115,57.5898126169906,-0.219799999999999));
#97340=DIRECTION('',(1.,0.,0.));
#97350=VECTOR('',#97340,1.);
#97360=LINE('',#97330,#97350);
#97370=EDGE_CURVE('',#780,#95920,#97360,.T.);
#97380=ORIENTED_EDGE('',*,*,#97370,.F.);
#97390=ORIENTED_EDGE('',*,*,#95930,.F.);
#97400=ORIENTED_EDGE('',*,*,#97200,.F.);
#97410=ORIENTED_EDGE('',*,*,#870,.T.);
#97420=EDGE_LOOP('',(#97410,#97400,#97390,#97380));
#97430=FACE_OUTER_BOUND('',#97420,.T.);
#97440=ADVANCED_FACE('',(#97430),#97320,.F.);
#97450=CARTESIAN_POINT('',(39.115,57.5898126169906,-0.169800000000002));
#97460=DIRECTION('',(-1.,0.,0.));
#97470=DIRECTION('',(0.,0.,1.));
#97480=AXIS2_PLACEMENT_3D('',#97450,#97460,#97470);
#97490=CYLINDRICAL_SURFACE('',#97480,0.0499999999999972);
#97500=ORIENTED_EDGE('',*,*,#790,.F.);
#97510=CARTESIAN_POINT('',(39.235,57.6398126169906,-0.169800000000002));
#97520=DIRECTION('',(-1.,0.,0.));
#97530=VECTOR('',#97520,1.);
#97540=LINE('',#97510,#97530);
#97550=EDGE_CURVE('',#96010,#690,#97540,.T.);
#97560=ORIENTED_EDGE('',*,*,#97550,.T.);
#97570=ORIENTED_EDGE('',*,*,#96020,.F.);
#97580=ORIENTED_EDGE('',*,*,#97370,.T.);
#97590=EDGE_LOOP('',(#97580,#97570,#97560,#97500));
#97600=FACE_OUTER_BOUND('',#97590,.T.);
#97610=ADVANCED_FACE('',(#97600),#97490,.F.);
#97620=CARTESIAN_POINT('',(39.115,57.8898126169906,-0.169800000000002));
#97630=DIRECTION('',(0.,0.,-1.));
#97640=DIRECTION('',(0.,1.,0.));
#97650=AXIS2_PLACEMENT_3D('',#97620,#97630,#97640);
#97660=PLANE('',#97650);
#97670=ORIENTED_EDGE('',*,*,#700,.F.);
#97680=CARTESIAN_POINT('',(39.115,57.8398126169906,-0.169800000000002));
#97690=DIRECTION('',(1.,0.,0.));
#97700=VECTOR('',#97690,1.);
#97710=LINE('',#97680,#97700);
#97720=EDGE_CURVE('',#610,#96090,#97710,.T.);
#97730=ORIENTED_EDGE('',*,*,#97720,.F.);
#97740=ORIENTED_EDGE('',*,*,#96100,.T.);
#97750=ORIENTED_EDGE('',*,*,#97550,.F.);
#97760=EDGE_LOOP('',(#97750,#97740,#97730,#97670));
#97770=FACE_OUTER_BOUND('',#97760,.T.);
#97780=ADVANCED_FACE('',(#97770),#97660,.F.);
#97790=CARTESIAN_POINT('',(39.115,57.8398126169906,-0.369799999999998));
#97800=DIRECTION('',(0.,-1.,0.));
#97810=DIRECTION('',(0.,0.,-1.));
#97820=AXIS2_PLACEMENT_3D('',#97790,#97800,#97810);
#97830=PLANE('',#97820);
#97840=ORIENTED_EDGE('',*,*,#96180,.T.);
#97850=ORIENTED_EDGE('',*,*,#97720,.T.);
#97860=ORIENTED_EDGE('',*,*,#620,.F.);
#97870=CARTESIAN_POINT('',(39.115,57.8398126169906,-0.369799999999998));
#97880=DIRECTION('',(1.,0.,0.));
#97890=VECTOR('',#97880,1.);
#97900=LINE('',#97870,#97890);
#97910=EDGE_CURVE('',#530,#96170,#97900,.T.);
#97920=ORIENTED_EDGE('',*,*,#97910,.F.);
#97930=EDGE_LOOP('',(#97920,#97860,#97850,#97840));
#97940=FACE_OUTER_BOUND('',#97930,.T.);
#97950=ADVANCED_FACE('',(#97940),#97830,.F.);
#97960=CARTESIAN_POINT('',(39.235,57.9398126169906,-0.369799999999998));
#97970=DIRECTION('',(1.,0.,0.));
#97980=DIRECTION('',(0.,0.,-1.));
#97990=AXIS2_PLACEMENT_3D('',#97960,#97970,#97980);
#98000=CYLINDRICAL_SURFACE('',#97990,0.1);
#98010=ORIENTED_EDGE('',*,*,#540,.F.);
#98020=ORIENTED_EDGE('',*,*,#300,.T.);
#98030=ORIENTED_EDGE('',*,*,#96250,.F.);
#98040=ORIENTED_EDGE('',*,*,#97910,.T.);
#98050=EDGE_LOOP('',(#98040,#98030,#98020,#98010));
#98060=FACE_OUTER_BOUND('',#98050,.T.);
#98070=ADVANCED_FACE('',(#98060),#98000,.F.);
#98080=CLOSED_SHELL('',(#400,#1960,#2200,#4360,#5950,#7440,#7750,#9220,
#9340,#9510,#9680,#9850,#10020,#10190,#10360,#10530,#10700,#10870,#11040
,#11210,#11380,#11550,#11720,#13650,#13960,#14820,#15130,#15440,#15750,
#16060,#17050,#17290,#18330,#18670,#18910,#19150,#19950,#20190,#20430,
#21430,#21550,#21790,#22030,#22200,#22320,#22560,#22800,#22970,#23090,
#23260,#24250,#24490,#25830,#26310,#27330,#27500,#28350,#28520,#28690,
#28860,#29030,#29520,#29760,#30160,#30330,#30500,#30840,#31420,#31730,
#31980,#32540,#32870,#35100,#35570,#37420,#37660,#38040,#38400,#38810,
#39050,#39290,#39460,#39650,#39980,#40310,#40620,#40930,#41050,#41180,
#41310,#41440,#41610,#41730,#42130,#42370,#42610,#42850,#43020,#43160,
#43560,#43800,#44130,#44300,#44470,#44590,#44990,#45230,#45560,#45730,
#45900,#46020,#46420,#46660,#46990,#47160,#47330,#47450,#47850,#48090,
#48420,#48590,#48760,#48880,#49280,#49450,#49620,#49790,#49910,#50090,
#50440,#50610,#50780,#50900,#51770,#51940,#52110,#52460,#52790,#54470,
#54790,#55030,#55280,#55520,#55770,#57050,#57220,#57390,#57560,#57730,
#57900,#58070,#58240,#58410,#58580,#58750,#58870,#59040,#59210,#59330,
#60280,#60520,#60690,#60810,#61050,#61290,#61460,#61580,#61820,#62060,
#62230,#62350,#62590,#62830,#63000,#63120,#64610,#64850,#65090,#66420,
#66590,#68010,#68250,#68490,#69820,#69990,#71410,#71650,#71890,#73220,
#73390,#74810,#75050,#75290,#76620,#76740,#76910,#77080,#77250,#77420,
#77590,#77760,#77930,#78100,#78270,#78440,#78610,#78780,#78950,#79070,
#79240,#79410,#79580,#79750,#79920,#80090,#80260,#80430,#80600,#80770,
#80940,#81110,#81280,#81400,#81570,#81740,#81910,#82080,#82250,#82420,
#82590,#82760,#82930,#83100,#83270,#83440,#83610,#83730,#83900,#84070,
#84240,#84410,#84580,#84750,#84920,#85090,#85260,#85430,#85600,#85770,
#85940,#86060,#86180,#86420,#86660,#86830,#86950,#87300,#87630,#89310,
#89630,#89870,#90120,#90360,#90610,#91890,#92060,#92230,#92400,#92570,
#92740,#92910,#93080,#93250,#93420,#93590,#93710,#93880,#94050,#94170,
#94290,#94530,#94780,#95030,#95270,#96300,#96420,#96590,#96760,#96930,
#97100,#97270,#97440,#97610,#97780,#97950,#98070));
#98090=MANIFOLD_SOLID_BREP('',#98080);
#98100=CARTESIAN_POINT('',(0.,0.,0.));
#98110=DIRECTION('',(0.,0.,1.));
#98120=DIRECTION('',(1.,0.,0.));
#98130=AXIS2_PLACEMENT_3D('',#98100,#98110,#98120);
#98140=APPLICATION_CONTEXT(' ');
#98150=APPLICATION_PROTOCOL_DEFINITION(' ','automotive_design',1998,
#98140);
#98160=PRODUCT_CONTEXT('',#98140,'mechanical');
#98170=PRODUCT_DEFINITION_CONTEXT('part definition',#98140,'design');
#98180=PRODUCT('TF31-6S-0_5SH-98190.PRT','TF31-6S-0_5SH-98190.PRT','',(
#98160));
#98190=PRODUCT_RELATED_PRODUCT_CATEGORY('part',' ',(#98180));
#98200=PRODUCT_DEFINITION_FORMATION_WITH_SPECIFIED_SOURCE('','',#98180,
.BOUGHT.);
#98210=PRODUCT_DEFINITION('',' ',#98200,#98170);
#98220=PRODUCT_DEFINITION_SHAPE('','',#98210);
#98230=DIMENSIONAL_EXPONENTS(1.,0.,0.,0.,0.,0.,0.);
#98240=DIMENSIONAL_EXPONENTS(0.,0.,0.,0.,0.,0.,0.);
#98250=DIMENSIONAL_EXPONENTS(0.,0.,0.,0.,0.,0.,0.);
#98260=(LENGTH_UNIT() NAMED_UNIT(*) SI_UNIT(.MILLI.,.METRE.));
#98270=(NAMED_UNIT(*) PLANE_ANGLE_UNIT() SI_UNIT($,.RADIAN.));
#98280=(NAMED_UNIT(*) SI_UNIT($,.STERADIAN.) SOLID_ANGLE_UNIT());
#98290=(GEOMETRIC_REPRESENTATION_CONTEXT(3) 
GLOBAL_UNCERTAINTY_ASSIGNED_CONTEXT((#98300)) 
GLOBAL_UNIT_ASSIGNED_CONTEXT((#98260,#98270,#98280)) 
REPRESENTATION_CONTEXT('',''));
#98300=UNCERTAINTY_MEASURE_WITH_UNIT(LENGTH_MEASURE(0.00095),#98260,
'distance_accuracy_value','maximum gap value');
#98310=ADVANCED_BREP_SHAPE_REPRESENTATION('',(#98130,#98090),#98290);
#98320=SHAPE_DEFINITION_REPRESENTATION(#98220,#98310);
#98330=COLOUR_RGB('',0.600000023841858,0.600000023841858,
0.600000023841858);
#98340=FILL_AREA_STYLE_COLOUR('',#98330);
#98350=FILL_AREA_STYLE('',(#98340));
#98360=SURFACE_STYLE_FILL_AREA(#98350);
#98370=SURFACE_SIDE_STYLE('',(#98360));
#98380=SURFACE_STYLE_USAGE(.BOTH.,#98370);
#98390=PRESENTATION_STYLE_ASSIGNMENT((#98380));
#98400=STYLED_ITEM('',(#98390),#98090);
#98410=DRAUGHTING_MODEL('',(#98400),#98290);
#98420=CARTESIAN_POINT('',(0.,55.3000126169906,-60.6896126169906));
#98430=DIRECTION('',(0.,-1.,0.));
#98440=DIRECTION('',(1.,0.,0.));
#98450=AXIS2_PLACEMENT_3D('',#98420,#98430,#98440);
#98460=ITEM_DEFINED_TRANSFORMATION('TF31-6S-0_5SH-98190.PRT','',#98130,
#98450);
#98470=APPLICATION_CONTEXT(' ');
#98480=APPLICATION_PROTOCOL_DEFINITION(' ','automotive_design',1998,
#98470);
#98490=PRODUCT_CONTEXT('',#98470,'mechanical');
#98500=PRODUCT_DEFINITION_CONTEXT('part definition',#98470,'design');
#98510=PRODUCT('TF31-6S-0_5SH-98520.ASM','TF31-6S-0_5SH-98520.ASM','',(
#98490));
#98520=PRODUCT_RELATED_PRODUCT_CATEGORY('part',' ',(#98510));
#98530=PRODUCT_DEFINITION_FORMATION_WITH_SPECIFIED_SOURCE('','',#98510,
.BOUGHT.);
#98540=PRODUCT_DEFINITION('',' ',#98530,#98500);
#98550=PRODUCT_DEFINITION_SHAPE('','',#98540);
#98560=DIMENSIONAL_EXPONENTS(1.,0.,0.,0.,0.,0.,0.);
#98570=DIMENSIONAL_EXPONENTS(0.,0.,0.,0.,0.,0.,0.);
#98580=DIMENSIONAL_EXPONENTS(0.,0.,0.,0.,0.,0.,0.);
#98590=(LENGTH_UNIT() NAMED_UNIT(*) SI_UNIT(.MILLI.,.METRE.));
#98600=(NAMED_UNIT(*) PLANE_ANGLE_UNIT() SI_UNIT($,.RADIAN.));
#98610=(NAMED_UNIT(*) SI_UNIT($,.STERADIAN.) SOLID_ANGLE_UNIT());
#98620=(GEOMETRIC_REPRESENTATION_CONTEXT(3) 
GLOBAL_UNCERTAINTY_ASSIGNED_CONTEXT((#98630)) 
GLOBAL_UNIT_ASSIGNED_CONTEXT((#98590,#98600,#98610)) 
REPRESENTATION_CONTEXT('',''));
#98630=UNCERTAINTY_MEASURE_WITH_UNIT(LENGTH_MEASURE(0.00095),#98590,
'distance_accuracy_value','maximum gap value');
#98640=SHAPE_REPRESENTATION('',(#98130,#98450),#98620);
#98650=SHAPE_DEFINITION_REPRESENTATION(#98550,#98640);
#98660=(REPRESENTATION_RELATIONSHIP('','',#98310,#98640) 
REPRESENTATION_RELATIONSHIP_WITH_TRANSFORMATION(#98460) 
SHAPE_REPRESENTATION_RELATIONSHIP());
#98670=NEXT_ASSEMBLY_USAGE_OCCURRENCE('1','','TF31-6S-0_5SH-98190.PRT',
#98540,#98210,'');
#98680=PRODUCT_DEFINITION_SHAPE('','',#98670);
#98690=CONTEXT_DEPENDENT_SHAPE_REPRESENTATION(#98660,#98680);
#98700=CARTESIAN_POINT('',(0.,0.,0.));
#98710=DIRECTION('',(0.,0.,1.));
#98720=DIRECTION('',(1.,0.,0.));
#98730=AXIS2_PLACEMENT_3D('',#98700,#98710,#98720);
#98740=ITEM_DEFINED_TRANSFORMATION('TF31-6S-0_5SH-98520.ASM','',#98130,
#98730);
#98750=APPLICATION_CONTEXT(' ');
#98760=APPLICATION_PROTOCOL_DEFINITION(' ','automotive_design',1998,
#98750);
#98770=PRODUCT_CONTEXT('',#98750,'mechanical');
#98780=PRODUCT_DEFINITION_CONTEXT('part definition',#98750,'design');
#98790=PRODUCT('TF31-6S-0_5SH.stp','TF31-6S-0_5SH.stp','',(#98770));
#98800=PRODUCT_RELATED_PRODUCT_CATEGORY('part',' ',(#98790));
#98810=PRODUCT_DEFINITION_FORMATION_WITH_SPECIFIED_SOURCE('','',#98790,
.BOUGHT.);
#98820=PRODUCT_DEFINITION('',' ',#98810,#98780);
#98830=PRODUCT_DEFINITION_SHAPE('','',#98820);
#98840=DIMENSIONAL_EXPONENTS(1.,0.,0.,0.,0.,0.,0.);
#98850=DIMENSIONAL_EXPONENTS(0.,0.,0.,0.,0.,0.,0.);
#98860=DIMENSIONAL_EXPONENTS(0.,0.,0.,0.,0.,0.,0.);
#98870=(LENGTH_UNIT() NAMED_UNIT(*) SI_UNIT(.MILLI.,.METRE.));
#98880=(NAMED_UNIT(*) PLANE_ANGLE_UNIT() SI_UNIT($,.RADIAN.));
#98890=(NAMED_UNIT(*) SI_UNIT($,.STERADIAN.) SOLID_ANGLE_UNIT());
#98900=(GEOMETRIC_REPRESENTATION_CONTEXT(3) 
GLOBAL_UNCERTAINTY_ASSIGNED_CONTEXT((#98910)) 
GLOBAL_UNIT_ASSIGNED_CONTEXT((#98870,#98880,#98890)) 
REPRESENTATION_CONTEXT('',''));
#98910=UNCERTAINTY_MEASURE_WITH_UNIT(LENGTH_MEASURE(0.00095),#98870,
'distance_accuracy_value','maximum gap value');
#98920=SHAPE_REPRESENTATION('',(#98130,#98730),#98900);
#98930=SHAPE_DEFINITION_REPRESENTATION(#98830,#98920);
#98940=(REPRESENTATION_RELATIONSHIP('','',#98640,#98920) 
REPRESENTATION_RELATIONSHIP_WITH_TRANSFORMATION(#98740) 
SHAPE_REPRESENTATION_RELATIONSHIP());
#98950=NEXT_ASSEMBLY_USAGE_OCCURRENCE('2','','TF31-6S-0_5SH-98520.ASM',
#98820,#98540,'');
#98960=PRODUCT_DEFINITION_SHAPE('','',#98950);
#98970=CONTEXT_DEPENDENT_SHAPE_REPRESENTATION(#98940,#98960);
ENDSEC;
END-ISO-10303-21;

