ISO-10303-21;
HEADER;
FILE_DESCRIPTION(('KiCad electronic assembly'),'2;1');
FILE_NAME('pcb_right.step','2026-05-27T16:06:48',('Pcbnew'),('Kicad'),
  'Open CASCADE STEP processor 7.8','KiCad to STEP converter','Unknown'
  );
FILE_SCHEMA(('AUTOMOTIVE_DESIGN { 1 0 10303 214 1 1 1 1 }'));
ENDSEC;
DATA;
#1 = APPLICATION_PROTOCOL_DEFINITION('international standard',
  'automotive_design',2000,#2);
#2 = APPLICATION_CONTEXT(
  'core data for automotive mechanical design processes');
#3 = SHAPE_DEFINITION_REPRESENTATION(#4,#10);
#4 = PRODUCT_DEFINITION_SHAPE('','',#5);
#5 = PRODUCT_DEFINITION('design','',#6,#9);
#6 = PRODUCT_DEFINITION_FORMATION('','',#7);
#7 = PRODUCT('pcb_right 1','pcb_right 1','',(#8));
#8 = PRODUCT_CONTEXT('',#2,'mechanical');
#9 = PRODUCT_DEFINITION_CONTEXT('part definition',#2,'design');
#10 = SHAPE_REPRESENTATION('',(#11,#15,#19,#23,#27,#31,#35,#39,#43,#47,
    #51,#55,#59),#63);
#11 = AXIS2_PLACEMENT_3D('',#12,#13,#14);
#12 = CARTESIAN_POINT('',(0.,0.,0.));
#13 = DIRECTION('',(0.,0.,1.));
#14 = DIRECTION('',(1.,0.,-0.));
#15 = AXIS2_PLACEMENT_3D('',#16,#17,#18);
#16 = CARTESIAN_POINT('',(131.025,-59.1,1.595));
#17 = DIRECTION('',(0.,0.,1.));
#18 = DIRECTION('',(1.,0.,0.));
#19 = AXIS2_PLACEMENT_3D('',#20,#21,#22);
#20 = CARTESIAN_POINT('',(134.0125,-52.2,1.595));
#21 = DIRECTION('',(0.,-0.,1.));
#22 = DIRECTION('',(1.110223024625E-16,1.,0.));
#23 = AXIS2_PLACEMENT_3D('',#24,#25,#26);
#24 = CARTESIAN_POINT('',(124.3,-68.,1.595));
#25 = DIRECTION('',(0.,-0.,1.));
#26 = DIRECTION('',(1.110223024625E-16,1.,0.));
#27 = AXIS2_PLACEMENT_3D('',#28,#29,#30);
#28 = CARTESIAN_POINT('',(136.9625,-51.1,1.595));
#29 = DIRECTION('',(0.,0.,1.));
#30 = DIRECTION('',(-1.,1.224646799147E-16,0.));
#31 = AXIS2_PLACEMENT_3D('',#32,#33,#34);
#32 = CARTESIAN_POINT('',(133.9625,-56.4,1.595));
#33 = DIRECTION('',(-0.,0.,1.));
#34 = DIRECTION('',(1.110223024625E-16,-1.,0.));
#35 = AXIS2_PLACEMENT_3D('',#36,#37,#38);
#36 = CARTESIAN_POINT('',(131.025,-56.9,1.595));
#37 = DIRECTION('',(0.,0.,1.));
#38 = DIRECTION('',(1.,0.,0.));
#39 = AXIS2_PLACEMENT_3D('',#40,#41,#42);
#40 = CARTESIAN_POINT('',(134.9625,-59.4,1.595));
#41 = DIRECTION('',(0.,0.,1.));
#42 = DIRECTION('',(1.,0.,0.));
#43 = AXIS2_PLACEMENT_3D('',#44,#45,#46);
#44 = CARTESIAN_POINT('',(126.9,-68.4,1.595));
#45 = DIRECTION('',(0.,-0.,1.));
#46 = DIRECTION('',(1.110223024625E-16,1.,0.));
#47 = AXIS2_PLACEMENT_3D('',#48,#49,#50);
#48 = CARTESIAN_POINT('',(125.6125,-56.8,1.595));
#49 = DIRECTION('',(-0.,0.,1.));
#50 = DIRECTION('',(1.110223024625E-16,-1.,0.));
#51 = AXIS2_PLACEMENT_3D('',#52,#53,#54);
#52 = CARTESIAN_POINT('',(127.6625,-56.85,1.595));
#53 = DIRECTION('',(-0.,0.,1.));
#54 = DIRECTION('',(1.110223024625E-16,-1.,0.));
#55 = AXIS2_PLACEMENT_3D('',#56,#57,#58);
#56 = CARTESIAN_POINT('',(136.8625,-56.5,1.595));
#57 = DIRECTION('',(0.,0.,1.));
#58 = DIRECTION('',(-1.,1.224646799147E-16,0.));
#59 = AXIS2_PLACEMENT_3D('',#60,#61,#62);
#60 = CARTESIAN_POINT('',(0.,0.,0.));
#61 = DIRECTION('',(0.,0.,1.));
#62 = DIRECTION('',(1.,0.,-0.));
#63 = ( GEOMETRIC_REPRESENTATION_CONTEXT(3) 
GLOBAL_UNCERTAINTY_ASSIGNED_CONTEXT((#67)) GLOBAL_UNIT_ASSIGNED_CONTEXT(
(#64,#65,#66)) REPRESENTATION_CONTEXT('Context #1',
  '3D Context with UNIT and UNCERTAINTY') );
#64 = ( LENGTH_UNIT() NAMED_UNIT(*) SI_UNIT(.MILLI.,.METRE.) );
#65 = ( NAMED_UNIT(*) PLANE_ANGLE_UNIT() SI_UNIT($,.RADIAN.) );
#66 = ( NAMED_UNIT(*) SI_UNIT($,.STERADIAN.) SOLID_ANGLE_UNIT() );
#67 = UNCERTAINTY_MEASURE_WITH_UNIT(LENGTH_MEASURE(1.E-07),#64,
  'distance_accuracy_value','confusion accuracy');
#68 = PRODUCT_RELATED_PRODUCT_CATEGORY('part',$,(#7));
#69 = SHAPE_DEFINITION_REPRESENTATION(#70,#76);
#70 = PRODUCT_DEFINITION_SHAPE('','',#71);
#71 = PRODUCT_DEFINITION('design','',#72,#75);
#72 = PRODUCT_DEFINITION_FORMATION('','',#73);
#73 = PRODUCT('C_0805_2012Metric','C_0805_2012Metric','',(#74));
#74 = PRODUCT_CONTEXT('',#2,'mechanical');
#75 = PRODUCT_DEFINITION_CONTEXT('part definition',#2,'design');
#76 = ADVANCED_BREP_SHAPE_REPRESENTATION('',(#11,#77),#931);
#77 = MANIFOLD_SOLID_BREP('',#78);
#78 = CLOSED_SHELL('',(#79,#155,#186,#211,#236,#260,#284,#309,#334,#351,
    #437,#469,#493,#518,#542,#567,#591,#616,#633,#719,#750,#775,#800,
    #824,#848,#873,#898,#915));
#79 = ADVANCED_FACE('',(#80),#150,.F.);
#80 = FACE_BOUND('',#81,.F.);
#81 = EDGE_LOOP('',(#82,#92,#101,#109,#118,#126,#135,#143));
#82 = ORIENTED_EDGE('',*,*,#83,.F.);
#83 = EDGE_CURVE('',#84,#86,#88,.T.);
#84 = VERTEX_POINT('',#85);
#85 = CARTESIAN_POINT('',(-1.,-0.625,4.E-02));
#86 = VERTEX_POINT('',#87);
#87 = CARTESIAN_POINT('',(-1.,-0.625,1.21));
#88 = LINE('',#89,#90);
#89 = CARTESIAN_POINT('',(-1.,-0.625,0.));
#90 = VECTOR('',#91,1.);
#91 = DIRECTION('',(0.,0.,1.));
#92 = ORIENTED_EDGE('',*,*,#93,.T.);
#93 = EDGE_CURVE('',#84,#94,#96,.T.);
#94 = VERTEX_POINT('',#95);
#95 = CARTESIAN_POINT('',(-1.,-0.585,0.));
#96 = CIRCLE('',#97,4.E-02);
#97 = AXIS2_PLACEMENT_3D('',#98,#99,#100);
#98 = CARTESIAN_POINT('',(-1.,-0.585,4.E-02));
#99 = DIRECTION('',(1.,0.,-0.));
#100 = DIRECTION('',(0.,0.,1.));
#101 = ORIENTED_EDGE('',*,*,#102,.T.);
#102 = EDGE_CURVE('',#94,#103,#105,.T.);
#103 = VERTEX_POINT('',#104);
#104 = CARTESIAN_POINT('',(-1.,0.585,0.));
#105 = LINE('',#106,#107);
#106 = CARTESIAN_POINT('',(-1.,-0.625,0.));
#107 = VECTOR('',#108,1.);
#108 = DIRECTION('',(0.,1.,0.));
#109 = ORIENTED_EDGE('',*,*,#110,.F.);
#110 = EDGE_CURVE('',#111,#103,#113,.T.);
#111 = VERTEX_POINT('',#112);
#112 = CARTESIAN_POINT('',(-1.,0.625,4.E-02));
#113 = CIRCLE('',#114,4.E-02);
#114 = AXIS2_PLACEMENT_3D('',#115,#116,#117);
#115 = CARTESIAN_POINT('',(-1.,0.585,4.E-02));
#116 = DIRECTION('',(-1.,0.,0.));
#117 = DIRECTION('',(0.,0.,1.));
#118 = ORIENTED_EDGE('',*,*,#119,.T.);
#119 = EDGE_CURVE('',#111,#120,#122,.T.);
#120 = VERTEX_POINT('',#121);
#121 = CARTESIAN_POINT('',(-1.,0.625,1.21));
#122 = LINE('',#123,#124);
#123 = CARTESIAN_POINT('',(-1.,0.625,0.));
#124 = VECTOR('',#125,1.);
#125 = DIRECTION('',(0.,0.,1.));
#126 = ORIENTED_EDGE('',*,*,#127,.T.);
#127 = EDGE_CURVE('',#120,#128,#130,.T.);
#128 = VERTEX_POINT('',#129);
#129 = CARTESIAN_POINT('',(-1.,0.585,1.25));
#130 = CIRCLE('',#131,4.E-02);
#131 = AXIS2_PLACEMENT_3D('',#132,#133,#134);
#132 = CARTESIAN_POINT('',(-1.,0.585,1.21));
#133 = DIRECTION('',(1.,0.,-0.));
#134 = DIRECTION('',(0.,0.,1.));
#135 = ORIENTED_EDGE('',*,*,#136,.F.);
#136 = EDGE_CURVE('',#137,#128,#139,.T.);
#137 = VERTEX_POINT('',#138);
#138 = CARTESIAN_POINT('',(-1.,-0.585,1.25));
#139 = LINE('',#140,#141);
#140 = CARTESIAN_POINT('',(-1.,-0.625,1.25));
#141 = VECTOR('',#142,1.);
#142 = DIRECTION('',(0.,1.,0.));
#143 = ORIENTED_EDGE('',*,*,#144,.F.);
#144 = EDGE_CURVE('',#86,#137,#145,.T.);
#145 = CIRCLE('',#146,4.E-02);
#146 = AXIS2_PLACEMENT_3D('',#147,#148,#149);
#147 = CARTESIAN_POINT('',(-1.,-0.585,1.21));
#148 = DIRECTION('',(-1.,0.,0.));
#149 = DIRECTION('',(0.,0.,1.));
#150 = PLANE('',#151);
#151 = AXIS2_PLACEMENT_3D('',#152,#153,#154);
#152 = CARTESIAN_POINT('',(-1.,-0.625,0.));
#153 = DIRECTION('',(1.,0.,0.));
#154 = DIRECTION('',(0.,0.,1.));
#155 = ADVANCED_FACE('',(#156),#181,.F.);
#156 = FACE_BOUND('',#157,.F.);
#157 = EDGE_LOOP('',(#158,#168,#174,#175));
#158 = ORIENTED_EDGE('',*,*,#159,.F.);
#159 = EDGE_CURVE('',#160,#162,#164,.T.);
#160 = VERTEX_POINT('',#161);
#161 = CARTESIAN_POINT('',(-0.6,-0.625,4.E-02));
#162 = VERTEX_POINT('',#163);
#163 = CARTESIAN_POINT('',(-0.6,-0.625,1.21));
#164 = LINE('',#165,#166);
#165 = CARTESIAN_POINT('',(-0.6,-0.625,0.));
#166 = VECTOR('',#167,1.);
#167 = DIRECTION('',(0.,0.,1.));
#168 = ORIENTED_EDGE('',*,*,#169,.F.);
#169 = EDGE_CURVE('',#84,#160,#170,.T.);
#170 = LINE('',#171,#172);
#171 = CARTESIAN_POINT('',(-1.,-0.625,4.E-02));
#172 = VECTOR('',#173,1.);
#173 = DIRECTION('',(1.,0.,0.));
#174 = ORIENTED_EDGE('',*,*,#83,.T.);
#175 = ORIENTED_EDGE('',*,*,#176,.T.);
#176 = EDGE_CURVE('',#86,#162,#177,.T.);
#177 = LINE('',#178,#179);
#178 = CARTESIAN_POINT('',(-1.,-0.625,1.21));
#179 = VECTOR('',#180,1.);
#180 = DIRECTION('',(1.,0.,0.));
#181 = PLANE('',#182);
#182 = AXIS2_PLACEMENT_3D('',#183,#184,#185);
#183 = CARTESIAN_POINT('',(-1.,-0.625,0.));
#184 = DIRECTION('',(0.,1.,0.));
#185 = DIRECTION('',(0.,-0.,1.));
#186 = ADVANCED_FACE('',(#187),#206,.T.);
#187 = FACE_BOUND('',#188,.T.);
#188 = EDGE_LOOP('',(#189,#190,#198,#205));
#189 = ORIENTED_EDGE('',*,*,#93,.T.);
#190 = ORIENTED_EDGE('',*,*,#191,.T.);
#191 = EDGE_CURVE('',#94,#192,#194,.T.);
#192 = VERTEX_POINT('',#193);
#193 = CARTESIAN_POINT('',(-0.6,-0.585,0.));
#194 = LINE('',#195,#196);
#195 = CARTESIAN_POINT('',(-1.,-0.585,0.));
#196 = VECTOR('',#197,1.);
#197 = DIRECTION('',(1.,0.,0.));
#198 = ORIENTED_EDGE('',*,*,#199,.F.);
#199 = EDGE_CURVE('',#160,#192,#200,.T.);
#200 = CIRCLE('',#201,4.E-02);
#201 = AXIS2_PLACEMENT_3D('',#202,#203,#204);
#202 = CARTESIAN_POINT('',(-0.6,-0.585,4.E-02));
#203 = DIRECTION('',(1.,0.,-0.));
#204 = DIRECTION('',(0.,0.,1.));
#205 = ORIENTED_EDGE('',*,*,#169,.F.);
#206 = CYLINDRICAL_SURFACE('',#207,4.E-02);
#207 = AXIS2_PLACEMENT_3D('',#208,#209,#210);
#208 = CARTESIAN_POINT('',(-1.,-0.585,4.E-02));
#209 = DIRECTION('',(1.,0.,0.));
#210 = DIRECTION('',(0.,-1.,0.));
#211 = ADVANCED_FACE('',(#212),#231,.T.);
#212 = FACE_BOUND('',#213,.T.);
#213 = EDGE_LOOP('',(#214,#215,#224,#230));
#214 = ORIENTED_EDGE('',*,*,#176,.T.);
#215 = ORIENTED_EDGE('',*,*,#216,.T.);
#216 = EDGE_CURVE('',#162,#217,#219,.T.);
#217 = VERTEX_POINT('',#218);
#218 = CARTESIAN_POINT('',(-0.6,-0.585,1.25));
#219 = CIRCLE('',#220,4.E-02);
#220 = AXIS2_PLACEMENT_3D('',#221,#222,#223);
#221 = CARTESIAN_POINT('',(-0.6,-0.585,1.21));
#222 = DIRECTION('',(-1.,0.,0.));
#223 = DIRECTION('',(0.,0.,1.));
#224 = ORIENTED_EDGE('',*,*,#225,.F.);
#225 = EDGE_CURVE('',#137,#217,#226,.T.);
#226 = LINE('',#227,#228);
#227 = CARTESIAN_POINT('',(-1.,-0.585,1.25));
#228 = VECTOR('',#229,1.);
#229 = DIRECTION('',(1.,0.,0.));
#230 = ORIENTED_EDGE('',*,*,#144,.F.);
#231 = CYLINDRICAL_SURFACE('',#232,4.E-02);
#232 = AXIS2_PLACEMENT_3D('',#233,#234,#235);
#233 = CARTESIAN_POINT('',(-1.,-0.585,1.21));
#234 = DIRECTION('',(1.,0.,0.));
#235 = DIRECTION('',(0.,-1.,0.));
#236 = ADVANCED_FACE('',(#237),#255,.F.);
#237 = FACE_BOUND('',#238,.F.);
#238 = EDGE_LOOP('',(#239,#240,#241,#249));
#239 = ORIENTED_EDGE('',*,*,#102,.F.);
#240 = ORIENTED_EDGE('',*,*,#191,.T.);
#241 = ORIENTED_EDGE('',*,*,#242,.T.);
#242 = EDGE_CURVE('',#192,#243,#245,.T.);
#243 = VERTEX_POINT('',#244);
#244 = CARTESIAN_POINT('',(-0.6,0.585,0.));
#245 = LINE('',#246,#247);
#246 = CARTESIAN_POINT('',(-0.6,-0.625,0.));
#247 = VECTOR('',#248,1.);
#248 = DIRECTION('',(0.,1.,0.));
#249 = ORIENTED_EDGE('',*,*,#250,.F.);
#250 = EDGE_CURVE('',#103,#243,#251,.T.);
#251 = LINE('',#252,#253);
#252 = CARTESIAN_POINT('',(-1.,0.585,0.));
#253 = VECTOR('',#254,1.);
#254 = DIRECTION('',(1.,0.,0.));
#255 = PLANE('',#256);
#256 = AXIS2_PLACEMENT_3D('',#257,#258,#259);
#257 = CARTESIAN_POINT('',(-1.,-0.625,0.));
#258 = DIRECTION('',(0.,0.,1.));
#259 = DIRECTION('',(1.,0.,-0.));
#260 = ADVANCED_FACE('',(#261),#279,.T.);
#261 = FACE_BOUND('',#262,.T.);
#262 = EDGE_LOOP('',(#263,#264,#265,#273));
#263 = ORIENTED_EDGE('',*,*,#136,.F.);
#264 = ORIENTED_EDGE('',*,*,#225,.T.);
#265 = ORIENTED_EDGE('',*,*,#266,.T.);
#266 = EDGE_CURVE('',#217,#267,#269,.T.);
#267 = VERTEX_POINT('',#268);
#268 = CARTESIAN_POINT('',(-0.6,0.585,1.25));
#269 = LINE('',#270,#271);
#270 = CARTESIAN_POINT('',(-0.6,-0.625,1.25));
#271 = VECTOR('',#272,1.);
#272 = DIRECTION('',(0.,1.,0.));
#273 = ORIENTED_EDGE('',*,*,#274,.F.);
#274 = EDGE_CURVE('',#128,#267,#275,.T.);
#275 = LINE('',#276,#277);
#276 = CARTESIAN_POINT('',(-1.,0.585,1.25));
#277 = VECTOR('',#278,1.);
#278 = DIRECTION('',(1.,0.,0.));
#279 = PLANE('',#280);
#280 = AXIS2_PLACEMENT_3D('',#281,#282,#283);
#281 = CARTESIAN_POINT('',(-1.,-0.625,1.25));
#282 = DIRECTION('',(0.,0.,1.));
#283 = DIRECTION('',(1.,0.,-0.));
#284 = ADVANCED_FACE('',(#285),#304,.T.);
#285 = FACE_BOUND('',#286,.T.);
#286 = EDGE_LOOP('',(#287,#295,#302,#303));
#287 = ORIENTED_EDGE('',*,*,#288,.T.);
#288 = EDGE_CURVE('',#111,#289,#291,.T.);
#289 = VERTEX_POINT('',#290);
#290 = CARTESIAN_POINT('',(-0.6,0.625,4.E-02));
#291 = LINE('',#292,#293);
#292 = CARTESIAN_POINT('',(-1.,0.625,4.E-02));
#293 = VECTOR('',#294,1.);
#294 = DIRECTION('',(1.,0.,0.));
#295 = ORIENTED_EDGE('',*,*,#296,.T.);
#296 = EDGE_CURVE('',#289,#243,#297,.T.);
#297 = CIRCLE('',#298,4.E-02);
#298 = AXIS2_PLACEMENT_3D('',#299,#300,#301);
#299 = CARTESIAN_POINT('',(-0.6,0.585,4.E-02));
#300 = DIRECTION('',(-1.,0.,0.));
#301 = DIRECTION('',(0.,0.,1.));
#302 = ORIENTED_EDGE('',*,*,#250,.F.);
#303 = ORIENTED_EDGE('',*,*,#110,.F.);
#304 = CYLINDRICAL_SURFACE('',#305,4.E-02);
#305 = AXIS2_PLACEMENT_3D('',#306,#307,#308);
#306 = CARTESIAN_POINT('',(-1.,0.585,4.E-02));
#307 = DIRECTION('',(1.,0.,0.));
#308 = DIRECTION('',(-0.,1.,0.));
#309 = ADVANCED_FACE('',(#310),#329,.T.);
#310 = FACE_BOUND('',#311,.T.);
#311 = EDGE_LOOP('',(#312,#313,#314,#323));
#312 = ORIENTED_EDGE('',*,*,#127,.T.);
#313 = ORIENTED_EDGE('',*,*,#274,.T.);
#314 = ORIENTED_EDGE('',*,*,#315,.F.);
#315 = EDGE_CURVE('',#316,#267,#318,.T.);
#316 = VERTEX_POINT('',#317);
#317 = CARTESIAN_POINT('',(-0.6,0.625,1.21));
#318 = CIRCLE('',#319,4.E-02);
#319 = AXIS2_PLACEMENT_3D('',#320,#321,#322);
#320 = CARTESIAN_POINT('',(-0.6,0.585,1.21));
#321 = DIRECTION('',(1.,0.,-0.));
#322 = DIRECTION('',(0.,0.,1.));
#323 = ORIENTED_EDGE('',*,*,#324,.F.);
#324 = EDGE_CURVE('',#120,#316,#325,.T.);
#325 = LINE('',#326,#327);
#326 = CARTESIAN_POINT('',(-1.,0.625,1.21));
#327 = VECTOR('',#328,1.);
#328 = DIRECTION('',(1.,0.,0.));
#329 = CYLINDRICAL_SURFACE('',#330,4.E-02);
#330 = AXIS2_PLACEMENT_3D('',#331,#332,#333);
#331 = CARTESIAN_POINT('',(-1.,0.585,1.21));
#332 = DIRECTION('',(1.,0.,0.));
#333 = DIRECTION('',(-0.,1.,0.));
#334 = ADVANCED_FACE('',(#335),#346,.T.);
#335 = FACE_BOUND('',#336,.T.);
#336 = EDGE_LOOP('',(#337,#343,#344,#345));
#337 = ORIENTED_EDGE('',*,*,#338,.F.);
#338 = EDGE_CURVE('',#289,#316,#339,.T.);
#339 = LINE('',#340,#341);
#340 = CARTESIAN_POINT('',(-0.6,0.625,0.));
#341 = VECTOR('',#342,1.);
#342 = DIRECTION('',(0.,0.,1.));
#343 = ORIENTED_EDGE('',*,*,#288,.F.);
#344 = ORIENTED_EDGE('',*,*,#119,.T.);
#345 = ORIENTED_EDGE('',*,*,#324,.T.);
#346 = PLANE('',#347);
#347 = AXIS2_PLACEMENT_3D('',#348,#349,#350);
#348 = CARTESIAN_POINT('',(-1.,0.625,0.));
#349 = DIRECTION('',(0.,1.,0.));
#350 = DIRECTION('',(0.,-0.,1.));
#351 = ADVANCED_FACE('',(#352,#362),#432,.T.);
#352 = FACE_BOUND('',#353,.T.);
#353 = EDGE_LOOP('',(#354,#355,#356,#357,#358,#359,#360,#361));
#354 = ORIENTED_EDGE('',*,*,#159,.F.);
#355 = ORIENTED_EDGE('',*,*,#199,.T.);
#356 = ORIENTED_EDGE('',*,*,#242,.T.);
#357 = ORIENTED_EDGE('',*,*,#296,.F.);
#358 = ORIENTED_EDGE('',*,*,#338,.T.);
#359 = ORIENTED_EDGE('',*,*,#315,.T.);
#360 = ORIENTED_EDGE('',*,*,#266,.F.);
#361 = ORIENTED_EDGE('',*,*,#216,.F.);
#362 = FACE_BOUND('',#363,.T.);
#363 = EDGE_LOOP('',(#364,#375,#383,#392,#400,#409,#417,#426));
#364 = ORIENTED_EDGE('',*,*,#365,.F.);
#365 = EDGE_CURVE('',#366,#368,#370,.T.);
#366 = VERTEX_POINT('',#367);
#367 = CARTESIAN_POINT('',(-0.6,-0.585,8.E-02));
#368 = VERTEX_POINT('',#369);
#369 = CARTESIAN_POINT('',(-0.6,-0.545,4.E-02));
#370 = CIRCLE('',#371,4.E-02);
#371 = AXIS2_PLACEMENT_3D('',#372,#373,#374);
#372 = CARTESIAN_POINT('',(-0.6,-0.545,8.E-02));
#373 = DIRECTION('',(1.,0.,-0.));
#374 = DIRECTION('',(0.,0.,1.));
#375 = ORIENTED_EDGE('',*,*,#376,.T.);
#376 = EDGE_CURVE('',#366,#377,#379,.T.);
#377 = VERTEX_POINT('',#378);
#378 = CARTESIAN_POINT('',(-0.6,-0.585,1.17));
#379 = LINE('',#380,#381);
#380 = CARTESIAN_POINT('',(-0.6,-0.585,4.E-02));
#381 = VECTOR('',#382,1.);
#382 = DIRECTION('',(0.,0.,1.));
#383 = ORIENTED_EDGE('',*,*,#384,.T.);
#384 = EDGE_CURVE('',#377,#385,#387,.T.);
#385 = VERTEX_POINT('',#386);
#386 = CARTESIAN_POINT('',(-0.6,-0.545,1.21));
#387 = CIRCLE('',#388,4.E-02);
#388 = AXIS2_PLACEMENT_3D('',#389,#390,#391);
#389 = CARTESIAN_POINT('',(-0.6,-0.545,1.17));
#390 = DIRECTION('',(-1.,0.,0.));
#391 = DIRECTION('',(0.,0.,1.));
#392 = ORIENTED_EDGE('',*,*,#393,.T.);
#393 = EDGE_CURVE('',#385,#394,#396,.T.);
#394 = VERTEX_POINT('',#395);
#395 = CARTESIAN_POINT('',(-0.6,0.545,1.21));
#396 = LINE('',#397,#398);
#397 = CARTESIAN_POINT('',(-0.6,-0.585,1.21));
#398 = VECTOR('',#399,1.);
#399 = DIRECTION('',(0.,1.,0.));
#400 = ORIENTED_EDGE('',*,*,#401,.F.);
#401 = EDGE_CURVE('',#402,#394,#404,.T.);
#402 = VERTEX_POINT('',#403);
#403 = CARTESIAN_POINT('',(-0.6,0.585,1.17));
#404 = CIRCLE('',#405,4.E-02);
#405 = AXIS2_PLACEMENT_3D('',#406,#407,#408);
#406 = CARTESIAN_POINT('',(-0.6,0.545,1.17));
#407 = DIRECTION('',(1.,0.,-0.));
#408 = DIRECTION('',(0.,0.,1.));
#409 = ORIENTED_EDGE('',*,*,#410,.F.);
#410 = EDGE_CURVE('',#411,#402,#413,.T.);
#411 = VERTEX_POINT('',#412);
#412 = CARTESIAN_POINT('',(-0.6,0.585,8.E-02));
#413 = LINE('',#414,#415);
#414 = CARTESIAN_POINT('',(-0.6,0.585,4.E-02));
#415 = VECTOR('',#416,1.);
#416 = DIRECTION('',(0.,0.,1.));
#417 = ORIENTED_EDGE('',*,*,#418,.T.);
#418 = EDGE_CURVE('',#411,#419,#421,.T.);
#419 = VERTEX_POINT('',#420);
#420 = CARTESIAN_POINT('',(-0.6,0.545,4.E-02));
#421 = CIRCLE('',#422,4.E-02);
#422 = AXIS2_PLACEMENT_3D('',#423,#424,#425);
#423 = CARTESIAN_POINT('',(-0.6,0.545,8.E-02));
#424 = DIRECTION('',(-1.,0.,0.));
#425 = DIRECTION('',(0.,0.,1.));
#426 = ORIENTED_EDGE('',*,*,#427,.F.);
#427 = EDGE_CURVE('',#368,#419,#428,.T.);
#428 = LINE('',#429,#430);
#429 = CARTESIAN_POINT('',(-0.6,-0.585,4.E-02));
#430 = VECTOR('',#431,1.);
#431 = DIRECTION('',(0.,1.,0.));
#432 = PLANE('',#433);
#433 = AXIS2_PLACEMENT_3D('',#434,#435,#436);
#434 = CARTESIAN_POINT('',(-0.6,-0.625,0.));
#435 = DIRECTION('',(1.,0.,0.));
#436 = DIRECTION('',(0.,0.,1.));
#437 = ADVANCED_FACE('',(#438),#464,.T.);
#438 = FACE_BOUND('',#439,.T.);
#439 = EDGE_LOOP('',(#440,#441,#449,#458));
#440 = ORIENTED_EDGE('',*,*,#365,.T.);
#441 = ORIENTED_EDGE('',*,*,#442,.T.);
#442 = EDGE_CURVE('',#368,#443,#445,.T.);
#443 = VERTEX_POINT('',#444);
#444 = CARTESIAN_POINT('',(0.6,-0.545,4.E-02));
#445 = LINE('',#446,#447);
#446 = CARTESIAN_POINT('',(-0.6,-0.545,4.E-02));
#447 = VECTOR('',#448,1.);
#448 = DIRECTION('',(1.,0.,0.));
#449 = ORIENTED_EDGE('',*,*,#450,.F.);
#450 = EDGE_CURVE('',#451,#443,#453,.T.);
#451 = VERTEX_POINT('',#452);
#452 = CARTESIAN_POINT('',(0.6,-0.585,8.E-02));
#453 = CIRCLE('',#454,4.E-02);
#454 = AXIS2_PLACEMENT_3D('',#455,#456,#457);
#455 = CARTESIAN_POINT('',(0.6,-0.545,8.E-02));
#456 = DIRECTION('',(1.,0.,-0.));
#457 = DIRECTION('',(0.,0.,1.));
#458 = ORIENTED_EDGE('',*,*,#459,.F.);
#459 = EDGE_CURVE('',#366,#451,#460,.T.);
#460 = LINE('',#461,#462);
#461 = CARTESIAN_POINT('',(-0.6,-0.585,8.E-02));
#462 = VECTOR('',#463,1.);
#463 = DIRECTION('',(1.,0.,0.));
#464 = CYLINDRICAL_SURFACE('',#465,4.E-02);
#465 = AXIS2_PLACEMENT_3D('',#466,#467,#468);
#466 = CARTESIAN_POINT('',(-0.6,-0.545,8.E-02));
#467 = DIRECTION('',(1.,0.,0.));
#468 = DIRECTION('',(0.,-1.,0.));
#469 = ADVANCED_FACE('',(#470),#488,.F.);
#470 = FACE_BOUND('',#471,.F.);
#471 = EDGE_LOOP('',(#472,#473,#474,#482));
#472 = ORIENTED_EDGE('',*,*,#427,.F.);
#473 = ORIENTED_EDGE('',*,*,#442,.T.);
#474 = ORIENTED_EDGE('',*,*,#475,.T.);
#475 = EDGE_CURVE('',#443,#476,#478,.T.);
#476 = VERTEX_POINT('',#477);
#477 = CARTESIAN_POINT('',(0.6,0.545,4.E-02));
#478 = LINE('',#479,#480);
#479 = CARTESIAN_POINT('',(0.6,-0.585,4.E-02));
#480 = VECTOR('',#481,1.);
#481 = DIRECTION('',(0.,1.,0.));
#482 = ORIENTED_EDGE('',*,*,#483,.F.);
#483 = EDGE_CURVE('',#419,#476,#484,.T.);
#484 = LINE('',#485,#486);
#485 = CARTESIAN_POINT('',(-0.6,0.545,4.E-02));
#486 = VECTOR('',#487,1.);
#487 = DIRECTION('',(1.,0.,0.));
#488 = PLANE('',#489);
#489 = AXIS2_PLACEMENT_3D('',#490,#491,#492);
#490 = CARTESIAN_POINT('',(-0.6,-0.585,4.E-02));
#491 = DIRECTION('',(0.,0.,1.));
#492 = DIRECTION('',(1.,0.,-0.));
#493 = ADVANCED_FACE('',(#494),#513,.T.);
#494 = FACE_BOUND('',#495,.T.);
#495 = EDGE_LOOP('',(#496,#504,#511,#512));
#496 = ORIENTED_EDGE('',*,*,#497,.T.);
#497 = EDGE_CURVE('',#411,#498,#500,.T.);
#498 = VERTEX_POINT('',#499);
#499 = CARTESIAN_POINT('',(0.6,0.585,8.E-02));
#500 = LINE('',#501,#502);
#501 = CARTESIAN_POINT('',(-0.6,0.585,8.E-02));
#502 = VECTOR('',#503,1.);
#503 = DIRECTION('',(1.,0.,0.));
#504 = ORIENTED_EDGE('',*,*,#505,.T.);
#505 = EDGE_CURVE('',#498,#476,#506,.T.);
#506 = CIRCLE('',#507,4.E-02);
#507 = AXIS2_PLACEMENT_3D('',#508,#509,#510);
#508 = CARTESIAN_POINT('',(0.6,0.545,8.E-02));
#509 = DIRECTION('',(-1.,0.,0.));
#510 = DIRECTION('',(0.,0.,1.));
#511 = ORIENTED_EDGE('',*,*,#483,.F.);
#512 = ORIENTED_EDGE('',*,*,#418,.F.);
#513 = CYLINDRICAL_SURFACE('',#514,4.E-02);
#514 = AXIS2_PLACEMENT_3D('',#515,#516,#517);
#515 = CARTESIAN_POINT('',(-0.6,0.545,8.E-02));
#516 = DIRECTION('',(1.,0.,0.));
#517 = DIRECTION('',(-0.,1.,0.));
#518 = ADVANCED_FACE('',(#519),#537,.T.);
#519 = FACE_BOUND('',#520,.T.);
#520 = EDGE_LOOP('',(#521,#529,#530,#531));
#521 = ORIENTED_EDGE('',*,*,#522,.F.);
#522 = EDGE_CURVE('',#498,#523,#525,.T.);
#523 = VERTEX_POINT('',#524);
#524 = CARTESIAN_POINT('',(0.6,0.585,1.17));
#525 = LINE('',#526,#527);
#526 = CARTESIAN_POINT('',(0.6,0.585,4.E-02));
#527 = VECTOR('',#528,1.);
#528 = DIRECTION('',(0.,0.,1.));
#529 = ORIENTED_EDGE('',*,*,#497,.F.);
#530 = ORIENTED_EDGE('',*,*,#410,.T.);
#531 = ORIENTED_EDGE('',*,*,#532,.T.);
#532 = EDGE_CURVE('',#402,#523,#533,.T.);
#533 = LINE('',#534,#535);
#534 = CARTESIAN_POINT('',(-0.6,0.585,1.17));
#535 = VECTOR('',#536,1.);
#536 = DIRECTION('',(1.,0.,0.));
#537 = PLANE('',#538);
#538 = AXIS2_PLACEMENT_3D('',#539,#540,#541);
#539 = CARTESIAN_POINT('',(-0.6,0.585,4.E-02));
#540 = DIRECTION('',(0.,1.,0.));
#541 = DIRECTION('',(0.,-0.,1.));
#542 = ADVANCED_FACE('',(#543),#562,.T.);
#543 = FACE_BOUND('',#544,.T.);
#544 = EDGE_LOOP('',(#545,#546,#554,#561));
#545 = ORIENTED_EDGE('',*,*,#401,.T.);
#546 = ORIENTED_EDGE('',*,*,#547,.T.);
#547 = EDGE_CURVE('',#394,#548,#550,.T.);
#548 = VERTEX_POINT('',#549);
#549 = CARTESIAN_POINT('',(0.6,0.545,1.21));
#550 = LINE('',#551,#552);
#551 = CARTESIAN_POINT('',(-0.6,0.545,1.21));
#552 = VECTOR('',#553,1.);
#553 = DIRECTION('',(1.,0.,0.));
#554 = ORIENTED_EDGE('',*,*,#555,.F.);
#555 = EDGE_CURVE('',#523,#548,#556,.T.);
#556 = CIRCLE('',#557,4.E-02);
#557 = AXIS2_PLACEMENT_3D('',#558,#559,#560);
#558 = CARTESIAN_POINT('',(0.6,0.545,1.17));
#559 = DIRECTION('',(1.,0.,-0.));
#560 = DIRECTION('',(0.,0.,1.));
#561 = ORIENTED_EDGE('',*,*,#532,.F.);
#562 = CYLINDRICAL_SURFACE('',#563,4.E-02);
#563 = AXIS2_PLACEMENT_3D('',#564,#565,#566);
#564 = CARTESIAN_POINT('',(-0.6,0.545,1.17));
#565 = DIRECTION('',(1.,0.,0.));
#566 = DIRECTION('',(-0.,1.,0.));
#567 = ADVANCED_FACE('',(#568),#586,.T.);
#568 = FACE_BOUND('',#569,.T.);
#569 = EDGE_LOOP('',(#570,#571,#579,#585));
#570 = ORIENTED_EDGE('',*,*,#393,.F.);
#571 = ORIENTED_EDGE('',*,*,#572,.T.);
#572 = EDGE_CURVE('',#385,#573,#575,.T.);
#573 = VERTEX_POINT('',#574);
#574 = CARTESIAN_POINT('',(0.6,-0.545,1.21));
#575 = LINE('',#576,#577);
#576 = CARTESIAN_POINT('',(-0.6,-0.545,1.21));
#577 = VECTOR('',#578,1.);
#578 = DIRECTION('',(1.,0.,0.));
#579 = ORIENTED_EDGE('',*,*,#580,.T.);
#580 = EDGE_CURVE('',#573,#548,#581,.T.);
#581 = LINE('',#582,#583);
#582 = CARTESIAN_POINT('',(0.6,-0.585,1.21));
#583 = VECTOR('',#584,1.);
#584 = DIRECTION('',(0.,1.,0.));
#585 = ORIENTED_EDGE('',*,*,#547,.F.);
#586 = PLANE('',#587);
#587 = AXIS2_PLACEMENT_3D('',#588,#589,#590);
#588 = CARTESIAN_POINT('',(-0.6,-0.585,1.21));
#589 = DIRECTION('',(0.,0.,1.));
#590 = DIRECTION('',(1.,0.,-0.));
#591 = ADVANCED_FACE('',(#592),#611,.T.);
#592 = FACE_BOUND('',#593,.T.);
#593 = EDGE_LOOP('',(#594,#602,#609,#610));
#594 = ORIENTED_EDGE('',*,*,#595,.T.);
#595 = EDGE_CURVE('',#377,#596,#598,.T.);
#596 = VERTEX_POINT('',#597);
#597 = CARTESIAN_POINT('',(0.6,-0.585,1.17));
#598 = LINE('',#599,#600);
#599 = CARTESIAN_POINT('',(-0.6,-0.585,1.17));
#600 = VECTOR('',#601,1.);
#601 = DIRECTION('',(1.,0.,0.));
#602 = ORIENTED_EDGE('',*,*,#603,.T.);
#603 = EDGE_CURVE('',#596,#573,#604,.T.);
#604 = CIRCLE('',#605,4.E-02);
#605 = AXIS2_PLACEMENT_3D('',#606,#607,#608);
#606 = CARTESIAN_POINT('',(0.6,-0.545,1.17));
#607 = DIRECTION('',(-1.,0.,0.));
#608 = DIRECTION('',(0.,0.,1.));
#609 = ORIENTED_EDGE('',*,*,#572,.F.);
#610 = ORIENTED_EDGE('',*,*,#384,.F.);
#611 = CYLINDRICAL_SURFACE('',#612,4.E-02);
#612 = AXIS2_PLACEMENT_3D('',#613,#614,#615);
#613 = CARTESIAN_POINT('',(-0.6,-0.545,1.17));
#614 = DIRECTION('',(1.,0.,0.));
#615 = DIRECTION('',(0.,-1.,0.));
#616 = ADVANCED_FACE('',(#617),#628,.F.);
#617 = FACE_BOUND('',#618,.F.);
#618 = EDGE_LOOP('',(#619,#625,#626,#627));
#619 = ORIENTED_EDGE('',*,*,#620,.F.);
#620 = EDGE_CURVE('',#451,#596,#621,.T.);
#621 = LINE('',#622,#623);
#622 = CARTESIAN_POINT('',(0.6,-0.585,4.E-02));
#623 = VECTOR('',#624,1.);
#624 = DIRECTION('',(0.,0.,1.));
#625 = ORIENTED_EDGE('',*,*,#459,.F.);
#626 = ORIENTED_EDGE('',*,*,#376,.T.);
#627 = ORIENTED_EDGE('',*,*,#595,.T.);
#628 = PLANE('',#629);
#629 = AXIS2_PLACEMENT_3D('',#630,#631,#632);
#630 = CARTESIAN_POINT('',(-0.6,-0.585,4.E-02));
#631 = DIRECTION('',(0.,1.,0.));
#632 = DIRECTION('',(0.,-0.,1.));
#633 = ADVANCED_FACE('',(#634,#704),#714,.F.);
#634 = FACE_BOUND('',#635,.F.);
#635 = EDGE_LOOP('',(#636,#646,#655,#663,#672,#680,#689,#697));
#636 = ORIENTED_EDGE('',*,*,#637,.F.);
#637 = EDGE_CURVE('',#638,#640,#642,.T.);
#638 = VERTEX_POINT('',#639);
#639 = CARTESIAN_POINT('',(0.6,-0.625,4.E-02));
#640 = VERTEX_POINT('',#641);
#641 = CARTESIAN_POINT('',(0.6,-0.625,1.21));
#642 = LINE('',#643,#644);
#643 = CARTESIAN_POINT('',(0.6,-0.625,0.));
#644 = VECTOR('',#645,1.);
#645 = DIRECTION('',(0.,0.,1.));
#646 = ORIENTED_EDGE('',*,*,#647,.T.);
#647 = EDGE_CURVE('',#638,#648,#650,.T.);
#648 = VERTEX_POINT('',#649);
#649 = CARTESIAN_POINT('',(0.6,-0.585,0.));
#650 = CIRCLE('',#651,4.E-02);
#651 = AXIS2_PLACEMENT_3D('',#652,#653,#654);
#652 = CARTESIAN_POINT('',(0.6,-0.585,4.E-02));
#653 = DIRECTION('',(1.,0.,-0.));
#654 = DIRECTION('',(0.,0.,1.));
#655 = ORIENTED_EDGE('',*,*,#656,.T.);
#656 = EDGE_CURVE('',#648,#657,#659,.T.);
#657 = VERTEX_POINT('',#658);
#658 = CARTESIAN_POINT('',(0.6,0.585,0.));
#659 = LINE('',#660,#661);
#660 = CARTESIAN_POINT('',(0.6,-0.625,0.));
#661 = VECTOR('',#662,1.);
#662 = DIRECTION('',(0.,1.,0.));
#663 = ORIENTED_EDGE('',*,*,#664,.F.);
#664 = EDGE_CURVE('',#665,#657,#667,.T.);
#665 = VERTEX_POINT('',#666);
#666 = CARTESIAN_POINT('',(0.6,0.625,4.E-02));
#667 = CIRCLE('',#668,4.E-02);
#668 = AXIS2_PLACEMENT_3D('',#669,#670,#671);
#669 = CARTESIAN_POINT('',(0.6,0.585,4.E-02));
#670 = DIRECTION('',(-1.,0.,0.));
#671 = DIRECTION('',(0.,0.,1.));
#672 = ORIENTED_EDGE('',*,*,#673,.T.);
#673 = EDGE_CURVE('',#665,#674,#676,.T.);
#674 = VERTEX_POINT('',#675);
#675 = CARTESIAN_POINT('',(0.6,0.625,1.21));
#676 = LINE('',#677,#678);
#677 = CARTESIAN_POINT('',(0.6,0.625,0.));
#678 = VECTOR('',#679,1.);
#679 = DIRECTION('',(0.,0.,1.));
#680 = ORIENTED_EDGE('',*,*,#681,.T.);
#681 = EDGE_CURVE('',#674,#682,#684,.T.);
#682 = VERTEX_POINT('',#683);
#683 = CARTESIAN_POINT('',(0.6,0.585,1.25));
#684 = CIRCLE('',#685,4.E-02);
#685 = AXIS2_PLACEMENT_3D('',#686,#687,#688);
#686 = CARTESIAN_POINT('',(0.6,0.585,1.21));
#687 = DIRECTION('',(1.,0.,-0.));
#688 = DIRECTION('',(0.,0.,1.));
#689 = ORIENTED_EDGE('',*,*,#690,.F.);
#690 = EDGE_CURVE('',#691,#682,#693,.T.);
#691 = VERTEX_POINT('',#692);
#692 = CARTESIAN_POINT('',(0.6,-0.585,1.25));
#693 = LINE('',#694,#695);
#694 = CARTESIAN_POINT('',(0.6,-0.625,1.25));
#695 = VECTOR('',#696,1.);
#696 = DIRECTION('',(0.,1.,0.));
#697 = ORIENTED_EDGE('',*,*,#698,.F.);
#698 = EDGE_CURVE('',#640,#691,#699,.T.);
#699 = CIRCLE('',#700,4.E-02);
#700 = AXIS2_PLACEMENT_3D('',#701,#702,#703);
#701 = CARTESIAN_POINT('',(0.6,-0.585,1.21));
#702 = DIRECTION('',(-1.,0.,0.));
#703 = DIRECTION('',(0.,0.,1.));
#704 = FACE_BOUND('',#705,.F.);
#705 = EDGE_LOOP('',(#706,#707,#708,#709,#710,#711,#712,#713));
#706 = ORIENTED_EDGE('',*,*,#450,.F.);
#707 = ORIENTED_EDGE('',*,*,#620,.T.);
#708 = ORIENTED_EDGE('',*,*,#603,.T.);
#709 = ORIENTED_EDGE('',*,*,#580,.T.);
#710 = ORIENTED_EDGE('',*,*,#555,.F.);
#711 = ORIENTED_EDGE('',*,*,#522,.F.);
#712 = ORIENTED_EDGE('',*,*,#505,.T.);
#713 = ORIENTED_EDGE('',*,*,#475,.F.);
#714 = PLANE('',#715);
#715 = AXIS2_PLACEMENT_3D('',#716,#717,#718);
#716 = CARTESIAN_POINT('',(0.6,-0.625,0.));
#717 = DIRECTION('',(1.,0.,0.));
#718 = DIRECTION('',(0.,0.,1.));
#719 = ADVANCED_FACE('',(#720),#745,.F.);
#720 = FACE_BOUND('',#721,.F.);
#721 = EDGE_LOOP('',(#722,#732,#738,#739));
#722 = ORIENTED_EDGE('',*,*,#723,.F.);
#723 = EDGE_CURVE('',#724,#726,#728,.T.);
#724 = VERTEX_POINT('',#725);
#725 = CARTESIAN_POINT('',(1.,-0.625,4.E-02));
#726 = VERTEX_POINT('',#727);
#727 = CARTESIAN_POINT('',(1.,-0.625,1.21));
#728 = LINE('',#729,#730);
#729 = CARTESIAN_POINT('',(1.,-0.625,0.));
#730 = VECTOR('',#731,1.);
#731 = DIRECTION('',(0.,0.,1.));
#732 = ORIENTED_EDGE('',*,*,#733,.F.);
#733 = EDGE_CURVE('',#638,#724,#734,.T.);
#734 = LINE('',#735,#736);
#735 = CARTESIAN_POINT('',(0.6,-0.625,4.E-02));
#736 = VECTOR('',#737,1.);
#737 = DIRECTION('',(1.,0.,0.));
#738 = ORIENTED_EDGE('',*,*,#637,.T.);
#739 = ORIENTED_EDGE('',*,*,#740,.T.);
#740 = EDGE_CURVE('',#640,#726,#741,.T.);
#741 = LINE('',#742,#743);
#742 = CARTESIAN_POINT('',(0.6,-0.625,1.21));
#743 = VECTOR('',#744,1.);
#744 = DIRECTION('',(1.,0.,0.));
#745 = PLANE('',#746);
#746 = AXIS2_PLACEMENT_3D('',#747,#748,#749);
#747 = CARTESIAN_POINT('',(0.6,-0.625,0.));
#748 = DIRECTION('',(0.,1.,0.));
#749 = DIRECTION('',(0.,-0.,1.));
#750 = ADVANCED_FACE('',(#751),#770,.T.);
#751 = FACE_BOUND('',#752,.T.);
#752 = EDGE_LOOP('',(#753,#754,#762,#769));
#753 = ORIENTED_EDGE('',*,*,#647,.T.);
#754 = ORIENTED_EDGE('',*,*,#755,.T.);
#755 = EDGE_CURVE('',#648,#756,#758,.T.);
#756 = VERTEX_POINT('',#757);
#757 = CARTESIAN_POINT('',(1.,-0.585,0.));
#758 = LINE('',#759,#760);
#759 = CARTESIAN_POINT('',(0.6,-0.585,0.));
#760 = VECTOR('',#761,1.);
#761 = DIRECTION('',(1.,0.,0.));
#762 = ORIENTED_EDGE('',*,*,#763,.F.);
#763 = EDGE_CURVE('',#724,#756,#764,.T.);
#764 = CIRCLE('',#765,4.E-02);
#765 = AXIS2_PLACEMENT_3D('',#766,#767,#768);
#766 = CARTESIAN_POINT('',(1.,-0.585,4.E-02));
#767 = DIRECTION('',(1.,0.,-0.));
#768 = DIRECTION('',(0.,0.,1.));
#769 = ORIENTED_EDGE('',*,*,#733,.F.);
#770 = CYLINDRICAL_SURFACE('',#771,4.E-02);
#771 = AXIS2_PLACEMENT_3D('',#772,#773,#774);
#772 = CARTESIAN_POINT('',(0.6,-0.585,4.E-02));
#773 = DIRECTION('',(1.,0.,0.));
#774 = DIRECTION('',(0.,-1.,0.));
#775 = ADVANCED_FACE('',(#776),#795,.T.);
#776 = FACE_BOUND('',#777,.T.);
#777 = EDGE_LOOP('',(#778,#779,#788,#794));
#778 = ORIENTED_EDGE('',*,*,#740,.T.);
#779 = ORIENTED_EDGE('',*,*,#780,.T.);
#780 = EDGE_CURVE('',#726,#781,#783,.T.);
#781 = VERTEX_POINT('',#782);
#782 = CARTESIAN_POINT('',(1.,-0.585,1.25));
#783 = CIRCLE('',#784,4.E-02);
#784 = AXIS2_PLACEMENT_3D('',#785,#786,#787);
#785 = CARTESIAN_POINT('',(1.,-0.585,1.21));
#786 = DIRECTION('',(-1.,0.,0.));
#787 = DIRECTION('',(0.,0.,1.));
#788 = ORIENTED_EDGE('',*,*,#789,.F.);
#789 = EDGE_CURVE('',#691,#781,#790,.T.);
#790 = LINE('',#791,#792);
#791 = CARTESIAN_POINT('',(0.6,-0.585,1.25));
#792 = VECTOR('',#793,1.);
#793 = DIRECTION('',(1.,0.,0.));
#794 = ORIENTED_EDGE('',*,*,#698,.F.);
#795 = CYLINDRICAL_SURFACE('',#796,4.E-02);
#796 = AXIS2_PLACEMENT_3D('',#797,#798,#799);
#797 = CARTESIAN_POINT('',(0.6,-0.585,1.21));
#798 = DIRECTION('',(1.,0.,0.));
#799 = DIRECTION('',(0.,-1.,0.));
#800 = ADVANCED_FACE('',(#801),#819,.F.);
#801 = FACE_BOUND('',#802,.F.);
#802 = EDGE_LOOP('',(#803,#804,#805,#813));
#803 = ORIENTED_EDGE('',*,*,#656,.F.);
#804 = ORIENTED_EDGE('',*,*,#755,.T.);
#805 = ORIENTED_EDGE('',*,*,#806,.T.);
#806 = EDGE_CURVE('',#756,#807,#809,.T.);
#807 = VERTEX_POINT('',#808);
#808 = CARTESIAN_POINT('',(1.,0.585,0.));
#809 = LINE('',#810,#811);
#810 = CARTESIAN_POINT('',(1.,-0.625,0.));
#811 = VECTOR('',#812,1.);
#812 = DIRECTION('',(0.,1.,0.));
#813 = ORIENTED_EDGE('',*,*,#814,.F.);
#814 = EDGE_CURVE('',#657,#807,#815,.T.);
#815 = LINE('',#816,#817);
#816 = CARTESIAN_POINT('',(0.6,0.585,0.));
#817 = VECTOR('',#818,1.);
#818 = DIRECTION('',(1.,0.,0.));
#819 = PLANE('',#820);
#820 = AXIS2_PLACEMENT_3D('',#821,#822,#823);
#821 = CARTESIAN_POINT('',(0.6,-0.625,0.));
#822 = DIRECTION('',(0.,0.,1.));
#823 = DIRECTION('',(1.,0.,-0.));
#824 = ADVANCED_FACE('',(#825),#843,.T.);
#825 = FACE_BOUND('',#826,.T.);
#826 = EDGE_LOOP('',(#827,#828,#829,#837));
#827 = ORIENTED_EDGE('',*,*,#690,.F.);
#828 = ORIENTED_EDGE('',*,*,#789,.T.);
#829 = ORIENTED_EDGE('',*,*,#830,.T.);
#830 = EDGE_CURVE('',#781,#831,#833,.T.);
#831 = VERTEX_POINT('',#832);
#832 = CARTESIAN_POINT('',(1.,0.585,1.25));
#833 = LINE('',#834,#835);
#834 = CARTESIAN_POINT('',(1.,-0.625,1.25));
#835 = VECTOR('',#836,1.);
#836 = DIRECTION('',(0.,1.,0.));
#837 = ORIENTED_EDGE('',*,*,#838,.F.);
#838 = EDGE_CURVE('',#682,#831,#839,.T.);
#839 = LINE('',#840,#841);
#840 = CARTESIAN_POINT('',(0.6,0.585,1.25));
#841 = VECTOR('',#842,1.);
#842 = DIRECTION('',(1.,0.,0.));
#843 = PLANE('',#844);
#844 = AXIS2_PLACEMENT_3D('',#845,#846,#847);
#845 = CARTESIAN_POINT('',(0.6,-0.625,1.25));
#846 = DIRECTION('',(0.,0.,1.));
#847 = DIRECTION('',(1.,0.,-0.));
#848 = ADVANCED_FACE('',(#849),#868,.T.);
#849 = FACE_BOUND('',#850,.T.);
#850 = EDGE_LOOP('',(#851,#859,#866,#867));
#851 = ORIENTED_EDGE('',*,*,#852,.T.);
#852 = EDGE_CURVE('',#665,#853,#855,.T.);
#853 = VERTEX_POINT('',#854);
#854 = CARTESIAN_POINT('',(1.,0.625,4.E-02));
#855 = LINE('',#856,#857);
#856 = CARTESIAN_POINT('',(0.6,0.625,4.E-02));
#857 = VECTOR('',#858,1.);
#858 = DIRECTION('',(1.,0.,0.));
#859 = ORIENTED_EDGE('',*,*,#860,.T.);
#860 = EDGE_CURVE('',#853,#807,#861,.T.);
#861 = CIRCLE('',#862,4.E-02);
#862 = AXIS2_PLACEMENT_3D('',#863,#864,#865);
#863 = CARTESIAN_POINT('',(1.,0.585,4.E-02));
#864 = DIRECTION('',(-1.,0.,0.));
#865 = DIRECTION('',(0.,0.,1.));
#866 = ORIENTED_EDGE('',*,*,#814,.F.);
#867 = ORIENTED_EDGE('',*,*,#664,.F.);
#868 = CYLINDRICAL_SURFACE('',#869,4.E-02);
#869 = AXIS2_PLACEMENT_3D('',#870,#871,#872);
#870 = CARTESIAN_POINT('',(0.6,0.585,4.E-02));
#871 = DIRECTION('',(1.,0.,0.));
#872 = DIRECTION('',(-0.,1.,0.));
#873 = ADVANCED_FACE('',(#874),#893,.T.);
#874 = FACE_BOUND('',#875,.T.);
#875 = EDGE_LOOP('',(#876,#877,#878,#887));
#876 = ORIENTED_EDGE('',*,*,#681,.T.);
#877 = ORIENTED_EDGE('',*,*,#838,.T.);
#878 = ORIENTED_EDGE('',*,*,#879,.F.);
#879 = EDGE_CURVE('',#880,#831,#882,.T.);
#880 = VERTEX_POINT('',#881);
#881 = CARTESIAN_POINT('',(1.,0.625,1.21));
#882 = CIRCLE('',#883,4.E-02);
#883 = AXIS2_PLACEMENT_3D('',#884,#885,#886);
#884 = CARTESIAN_POINT('',(1.,0.585,1.21));
#885 = DIRECTION('',(1.,0.,-0.));
#886 = DIRECTION('',(0.,0.,1.));
#887 = ORIENTED_EDGE('',*,*,#888,.F.);
#888 = EDGE_CURVE('',#674,#880,#889,.T.);
#889 = LINE('',#890,#891);
#890 = CARTESIAN_POINT('',(0.6,0.625,1.21));
#891 = VECTOR('',#892,1.);
#892 = DIRECTION('',(1.,0.,0.));
#893 = CYLINDRICAL_SURFACE('',#894,4.E-02);
#894 = AXIS2_PLACEMENT_3D('',#895,#896,#897);
#895 = CARTESIAN_POINT('',(0.6,0.585,1.21));
#896 = DIRECTION('',(1.,0.,0.));
#897 = DIRECTION('',(-0.,1.,0.));
#898 = ADVANCED_FACE('',(#899),#910,.T.);
#899 = FACE_BOUND('',#900,.T.);
#900 = EDGE_LOOP('',(#901,#907,#908,#909));
#901 = ORIENTED_EDGE('',*,*,#902,.F.);
#902 = EDGE_CURVE('',#853,#880,#903,.T.);
#903 = LINE('',#904,#905);
#904 = CARTESIAN_POINT('',(1.,0.625,0.));
#905 = VECTOR('',#906,1.);
#906 = DIRECTION('',(0.,0.,1.));
#907 = ORIENTED_EDGE('',*,*,#852,.F.);
#908 = ORIENTED_EDGE('',*,*,#673,.T.);
#909 = ORIENTED_EDGE('',*,*,#888,.T.);
#910 = PLANE('',#911);
#911 = AXIS2_PLACEMENT_3D('',#912,#913,#914);
#912 = CARTESIAN_POINT('',(0.6,0.625,0.));
#913 = DIRECTION('',(0.,1.,0.));
#914 = DIRECTION('',(0.,-0.,1.));
#915 = ADVANCED_FACE('',(#916),#926,.T.);
#916 = FACE_BOUND('',#917,.T.);
#917 = EDGE_LOOP('',(#918,#919,#920,#921,#922,#923,#924,#925));
#918 = ORIENTED_EDGE('',*,*,#723,.F.);
#919 = ORIENTED_EDGE('',*,*,#763,.T.);
#920 = ORIENTED_EDGE('',*,*,#806,.T.);
#921 = ORIENTED_EDGE('',*,*,#860,.F.);
#922 = ORIENTED_EDGE('',*,*,#902,.T.);
#923 = ORIENTED_EDGE('',*,*,#879,.T.);
#924 = ORIENTED_EDGE('',*,*,#830,.F.);
#925 = ORIENTED_EDGE('',*,*,#780,.F.);
#926 = PLANE('',#927);
#927 = AXIS2_PLACEMENT_3D('',#928,#929,#930);
#928 = CARTESIAN_POINT('',(1.,-0.625,0.));
#929 = DIRECTION('',(1.,0.,0.));
#930 = DIRECTION('',(0.,0.,1.));
#931 = ( GEOMETRIC_REPRESENTATION_CONTEXT(3) 
GLOBAL_UNCERTAINTY_ASSIGNED_CONTEXT((#935)) GLOBAL_UNIT_ASSIGNED_CONTEXT
((#932,#933,#934)) REPRESENTATION_CONTEXT('Context #1',
  '3D Context with UNIT and UNCERTAINTY') );
#932 = ( LENGTH_UNIT() NAMED_UNIT(*) SI_UNIT(.MILLI.,.METRE.) );
#933 = ( NAMED_UNIT(*) PLANE_ANGLE_UNIT() SI_UNIT($,.RADIAN.) );
#934 = ( NAMED_UNIT(*) SI_UNIT($,.STERADIAN.) SOLID_ANGLE_UNIT() );
#935 = UNCERTAINTY_MEASURE_WITH_UNIT(LENGTH_MEASURE(1.E-07),#932,
  'distance_accuracy_value','confusion accuracy');
#936 = CONTEXT_DEPENDENT_SHAPE_REPRESENTATION(#937,#939);
#937 = ( REPRESENTATION_RELATIONSHIP('','',#76,#10) 
REPRESENTATION_RELATIONSHIP_WITH_TRANSFORMATION(#938) 
SHAPE_REPRESENTATION_RELATIONSHIP() );
#938 = ITEM_DEFINED_TRANSFORMATION('','',#11,#15);
#939 = PRODUCT_DEFINITION_SHAPE('Placement','Placement of an item',#940
  );
#940 = NEXT_ASSEMBLY_USAGE_OCCURRENCE('1','C3','',#5,#71,$);
#941 = PRODUCT_RELATED_PRODUCT_CATEGORY('part',$,(#73));
#942 = SHAPE_DEFINITION_REPRESENTATION(#943,#949);
#943 = PRODUCT_DEFINITION_SHAPE('','',#944);
#944 = PRODUCT_DEFINITION('design','',#945,#948);
#945 = PRODUCT_DEFINITION_FORMATION('','',#946);
#946 = PRODUCT('L_0805_2012Metric','L_0805_2012Metric','',(#947));
#947 = PRODUCT_CONTEXT('',#2,'mechanical');
#948 = PRODUCT_DEFINITION_CONTEXT('part definition',#2,'design');
#949 = ADVANCED_BREP_SHAPE_REPRESENTATION('',(#11,#950),#1804);
#950 = MANIFOLD_SOLID_BREP('',#951);
#951 = CLOSED_SHELL('',(#952,#1028,#1059,#1084,#1109,#1133,#1157,#1182,
    #1207,#1224,#1310,#1342,#1366,#1391,#1415,#1440,#1464,#1489,#1506,
    #1592,#1623,#1648,#1673,#1697,#1721,#1746,#1771,#1788));
#952 = ADVANCED_FACE('',(#953),#1023,.F.);
#953 = FACE_BOUND('',#954,.F.);
#954 = EDGE_LOOP('',(#955,#965,#974,#982,#991,#999,#1008,#1016));
#955 = ORIENTED_EDGE('',*,*,#956,.F.);
#956 = EDGE_CURVE('',#957,#959,#961,.T.);
#957 = VERTEX_POINT('',#958);
#958 = CARTESIAN_POINT('',(-1.,-0.625,4.E-02));
#959 = VERTEX_POINT('',#960);
#960 = CARTESIAN_POINT('',(-1.,-0.625,1.21));
#961 = LINE('',#962,#963);
#962 = CARTESIAN_POINT('',(-1.,-0.625,0.));
#963 = VECTOR('',#964,1.);
#964 = DIRECTION('',(0.,0.,1.));
#965 = ORIENTED_EDGE('',*,*,#966,.T.);
#966 = EDGE_CURVE('',#957,#967,#969,.T.);
#967 = VERTEX_POINT('',#968);
#968 = CARTESIAN_POINT('',(-1.,-0.585,0.));
#969 = CIRCLE('',#970,4.E-02);
#970 = AXIS2_PLACEMENT_3D('',#971,#972,#973);
#971 = CARTESIAN_POINT('',(-1.,-0.585,4.E-02));
#972 = DIRECTION('',(1.,0.,-0.));
#973 = DIRECTION('',(0.,0.,1.));
#974 = ORIENTED_EDGE('',*,*,#975,.T.);
#975 = EDGE_CURVE('',#967,#976,#978,.T.);
#976 = VERTEX_POINT('',#977);
#977 = CARTESIAN_POINT('',(-1.,0.585,0.));
#978 = LINE('',#979,#980);
#979 = CARTESIAN_POINT('',(-1.,-0.625,0.));
#980 = VECTOR('',#981,1.);
#981 = DIRECTION('',(0.,1.,0.));
#982 = ORIENTED_EDGE('',*,*,#983,.F.);
#983 = EDGE_CURVE('',#984,#976,#986,.T.);
#984 = VERTEX_POINT('',#985);
#985 = CARTESIAN_POINT('',(-1.,0.625,4.E-02));
#986 = CIRCLE('',#987,4.E-02);
#987 = AXIS2_PLACEMENT_3D('',#988,#989,#990);
#988 = CARTESIAN_POINT('',(-1.,0.585,4.E-02));
#989 = DIRECTION('',(-1.,0.,0.));
#990 = DIRECTION('',(0.,0.,1.));
#991 = ORIENTED_EDGE('',*,*,#992,.T.);
#992 = EDGE_CURVE('',#984,#993,#995,.T.);
#993 = VERTEX_POINT('',#994);
#994 = CARTESIAN_POINT('',(-1.,0.625,1.21));
#995 = LINE('',#996,#997);
#996 = CARTESIAN_POINT('',(-1.,0.625,0.));
#997 = VECTOR('',#998,1.);
#998 = DIRECTION('',(0.,0.,1.));
#999 = ORIENTED_EDGE('',*,*,#1000,.T.);
#1000 = EDGE_CURVE('',#993,#1001,#1003,.T.);
#1001 = VERTEX_POINT('',#1002);
#1002 = CARTESIAN_POINT('',(-1.,0.585,1.25));
#1003 = CIRCLE('',#1004,4.E-02);
#1004 = AXIS2_PLACEMENT_3D('',#1005,#1006,#1007);
#1005 = CARTESIAN_POINT('',(-1.,0.585,1.21));
#1006 = DIRECTION('',(1.,0.,-0.));
#1007 = DIRECTION('',(0.,0.,1.));
#1008 = ORIENTED_EDGE('',*,*,#1009,.F.);
#1009 = EDGE_CURVE('',#1010,#1001,#1012,.T.);
#1010 = VERTEX_POINT('',#1011);
#1011 = CARTESIAN_POINT('',(-1.,-0.585,1.25));
#1012 = LINE('',#1013,#1014);
#1013 = CARTESIAN_POINT('',(-1.,-0.625,1.25));
#1014 = VECTOR('',#1015,1.);
#1015 = DIRECTION('',(0.,1.,0.));
#1016 = ORIENTED_EDGE('',*,*,#1017,.F.);
#1017 = EDGE_CURVE('',#959,#1010,#1018,.T.);
#1018 = CIRCLE('',#1019,4.E-02);
#1019 = AXIS2_PLACEMENT_3D('',#1020,#1021,#1022);
#1020 = CARTESIAN_POINT('',(-1.,-0.585,1.21));
#1021 = DIRECTION('',(-1.,0.,0.));
#1022 = DIRECTION('',(0.,0.,1.));
#1023 = PLANE('',#1024);
#1024 = AXIS2_PLACEMENT_3D('',#1025,#1026,#1027);
#1025 = CARTESIAN_POINT('',(-1.,-0.625,0.));
#1026 = DIRECTION('',(1.,0.,0.));
#1027 = DIRECTION('',(0.,0.,1.));
#1028 = ADVANCED_FACE('',(#1029),#1054,.F.);
#1029 = FACE_BOUND('',#1030,.F.);
#1030 = EDGE_LOOP('',(#1031,#1041,#1047,#1048));
#1031 = ORIENTED_EDGE('',*,*,#1032,.F.);
#1032 = EDGE_CURVE('',#1033,#1035,#1037,.T.);
#1033 = VERTEX_POINT('',#1034);
#1034 = CARTESIAN_POINT('',(-0.6,-0.625,4.E-02));
#1035 = VERTEX_POINT('',#1036);
#1036 = CARTESIAN_POINT('',(-0.6,-0.625,1.21));
#1037 = LINE('',#1038,#1039);
#1038 = CARTESIAN_POINT('',(-0.6,-0.625,0.));
#1039 = VECTOR('',#1040,1.);
#1040 = DIRECTION('',(0.,0.,1.));
#1041 = ORIENTED_EDGE('',*,*,#1042,.F.);
#1042 = EDGE_CURVE('',#957,#1033,#1043,.T.);
#1043 = LINE('',#1044,#1045);
#1044 = CARTESIAN_POINT('',(-1.,-0.625,4.E-02));
#1045 = VECTOR('',#1046,1.);
#1046 = DIRECTION('',(1.,0.,0.));
#1047 = ORIENTED_EDGE('',*,*,#956,.T.);
#1048 = ORIENTED_EDGE('',*,*,#1049,.T.);
#1049 = EDGE_CURVE('',#959,#1035,#1050,.T.);
#1050 = LINE('',#1051,#1052);
#1051 = CARTESIAN_POINT('',(-1.,-0.625,1.21));
#1052 = VECTOR('',#1053,1.);
#1053 = DIRECTION('',(1.,0.,0.));
#1054 = PLANE('',#1055);
#1055 = AXIS2_PLACEMENT_3D('',#1056,#1057,#1058);
#1056 = CARTESIAN_POINT('',(-1.,-0.625,0.));
#1057 = DIRECTION('',(0.,1.,0.));
#1058 = DIRECTION('',(0.,-0.,1.));
#1059 = ADVANCED_FACE('',(#1060),#1079,.T.);
#1060 = FACE_BOUND('',#1061,.T.);
#1061 = EDGE_LOOP('',(#1062,#1063,#1071,#1078));
#1062 = ORIENTED_EDGE('',*,*,#966,.T.);
#1063 = ORIENTED_EDGE('',*,*,#1064,.T.);
#1064 = EDGE_CURVE('',#967,#1065,#1067,.T.);
#1065 = VERTEX_POINT('',#1066);
#1066 = CARTESIAN_POINT('',(-0.6,-0.585,0.));
#1067 = LINE('',#1068,#1069);
#1068 = CARTESIAN_POINT('',(-1.,-0.585,0.));
#1069 = VECTOR('',#1070,1.);
#1070 = DIRECTION('',(1.,0.,0.));
#1071 = ORIENTED_EDGE('',*,*,#1072,.F.);
#1072 = EDGE_CURVE('',#1033,#1065,#1073,.T.);
#1073 = CIRCLE('',#1074,4.E-02);
#1074 = AXIS2_PLACEMENT_3D('',#1075,#1076,#1077);
#1075 = CARTESIAN_POINT('',(-0.6,-0.585,4.E-02));
#1076 = DIRECTION('',(1.,0.,-0.));
#1077 = DIRECTION('',(0.,0.,1.));
#1078 = ORIENTED_EDGE('',*,*,#1042,.F.);
#1079 = CYLINDRICAL_SURFACE('',#1080,4.E-02);
#1080 = AXIS2_PLACEMENT_3D('',#1081,#1082,#1083);
#1081 = CARTESIAN_POINT('',(-1.,-0.585,4.E-02));
#1082 = DIRECTION('',(1.,0.,0.));
#1083 = DIRECTION('',(0.,-1.,0.));
#1084 = ADVANCED_FACE('',(#1085),#1104,.T.);
#1085 = FACE_BOUND('',#1086,.T.);
#1086 = EDGE_LOOP('',(#1087,#1088,#1097,#1103));
#1087 = ORIENTED_EDGE('',*,*,#1049,.T.);
#1088 = ORIENTED_EDGE('',*,*,#1089,.T.);
#1089 = EDGE_CURVE('',#1035,#1090,#1092,.T.);
#1090 = VERTEX_POINT('',#1091);
#1091 = CARTESIAN_POINT('',(-0.6,-0.585,1.25));
#1092 = CIRCLE('',#1093,4.E-02);
#1093 = AXIS2_PLACEMENT_3D('',#1094,#1095,#1096);
#1094 = CARTESIAN_POINT('',(-0.6,-0.585,1.21));
#1095 = DIRECTION('',(-1.,0.,0.));
#1096 = DIRECTION('',(0.,0.,1.));
#1097 = ORIENTED_EDGE('',*,*,#1098,.F.);
#1098 = EDGE_CURVE('',#1010,#1090,#1099,.T.);
#1099 = LINE('',#1100,#1101);
#1100 = CARTESIAN_POINT('',(-1.,-0.585,1.25));
#1101 = VECTOR('',#1102,1.);
#1102 = DIRECTION('',(1.,0.,0.));
#1103 = ORIENTED_EDGE('',*,*,#1017,.F.);
#1104 = CYLINDRICAL_SURFACE('',#1105,4.E-02);
#1105 = AXIS2_PLACEMENT_3D('',#1106,#1107,#1108);
#1106 = CARTESIAN_POINT('',(-1.,-0.585,1.21));
#1107 = DIRECTION('',(1.,0.,0.));
#1108 = DIRECTION('',(0.,-1.,0.));
#1109 = ADVANCED_FACE('',(#1110),#1128,.F.);
#1110 = FACE_BOUND('',#1111,.F.);
#1111 = EDGE_LOOP('',(#1112,#1113,#1114,#1122));
#1112 = ORIENTED_EDGE('',*,*,#975,.F.);
#1113 = ORIENTED_EDGE('',*,*,#1064,.T.);
#1114 = ORIENTED_EDGE('',*,*,#1115,.T.);
#1115 = EDGE_CURVE('',#1065,#1116,#1118,.T.);
#1116 = VERTEX_POINT('',#1117);
#1117 = CARTESIAN_POINT('',(-0.6,0.585,0.));
#1118 = LINE('',#1119,#1120);
#1119 = CARTESIAN_POINT('',(-0.6,-0.625,0.));
#1120 = VECTOR('',#1121,1.);
#1121 = DIRECTION('',(0.,1.,0.));
#1122 = ORIENTED_EDGE('',*,*,#1123,.F.);
#1123 = EDGE_CURVE('',#976,#1116,#1124,.T.);
#1124 = LINE('',#1125,#1126);
#1125 = CARTESIAN_POINT('',(-1.,0.585,0.));
#1126 = VECTOR('',#1127,1.);
#1127 = DIRECTION('',(1.,0.,0.));
#1128 = PLANE('',#1129);
#1129 = AXIS2_PLACEMENT_3D('',#1130,#1131,#1132);
#1130 = CARTESIAN_POINT('',(-1.,-0.625,0.));
#1131 = DIRECTION('',(0.,0.,1.));
#1132 = DIRECTION('',(1.,0.,-0.));
#1133 = ADVANCED_FACE('',(#1134),#1152,.T.);
#1134 = FACE_BOUND('',#1135,.T.);
#1135 = EDGE_LOOP('',(#1136,#1137,#1138,#1146));
#1136 = ORIENTED_EDGE('',*,*,#1009,.F.);
#1137 = ORIENTED_EDGE('',*,*,#1098,.T.);
#1138 = ORIENTED_EDGE('',*,*,#1139,.T.);
#1139 = EDGE_CURVE('',#1090,#1140,#1142,.T.);
#1140 = VERTEX_POINT('',#1141);
#1141 = CARTESIAN_POINT('',(-0.6,0.585,1.25));
#1142 = LINE('',#1143,#1144);
#1143 = CARTESIAN_POINT('',(-0.6,-0.625,1.25));
#1144 = VECTOR('',#1145,1.);
#1145 = DIRECTION('',(0.,1.,0.));
#1146 = ORIENTED_EDGE('',*,*,#1147,.F.);
#1147 = EDGE_CURVE('',#1001,#1140,#1148,.T.);
#1148 = LINE('',#1149,#1150);
#1149 = CARTESIAN_POINT('',(-1.,0.585,1.25));
#1150 = VECTOR('',#1151,1.);
#1151 = DIRECTION('',(1.,0.,0.));
#1152 = PLANE('',#1153);
#1153 = AXIS2_PLACEMENT_3D('',#1154,#1155,#1156);
#1154 = CARTESIAN_POINT('',(-1.,-0.625,1.25));
#1155 = DIRECTION('',(0.,0.,1.));
#1156 = DIRECTION('',(1.,0.,-0.));
#1157 = ADVANCED_FACE('',(#1158),#1177,.T.);
#1158 = FACE_BOUND('',#1159,.T.);
#1159 = EDGE_LOOP('',(#1160,#1168,#1175,#1176));
#1160 = ORIENTED_EDGE('',*,*,#1161,.T.);
#1161 = EDGE_CURVE('',#984,#1162,#1164,.T.);
#1162 = VERTEX_POINT('',#1163);
#1163 = CARTESIAN_POINT('',(-0.6,0.625,4.E-02));
#1164 = LINE('',#1165,#1166);
#1165 = CARTESIAN_POINT('',(-1.,0.625,4.E-02));
#1166 = VECTOR('',#1167,1.);
#1167 = DIRECTION('',(1.,0.,0.));
#1168 = ORIENTED_EDGE('',*,*,#1169,.T.);
#1169 = EDGE_CURVE('',#1162,#1116,#1170,.T.);
#1170 = CIRCLE('',#1171,4.E-02);
#1171 = AXIS2_PLACEMENT_3D('',#1172,#1173,#1174);
#1172 = CARTESIAN_POINT('',(-0.6,0.585,4.E-02));
#1173 = DIRECTION('',(-1.,0.,0.));
#1174 = DIRECTION('',(0.,0.,1.));
#1175 = ORIENTED_EDGE('',*,*,#1123,.F.);
#1176 = ORIENTED_EDGE('',*,*,#983,.F.);
#1177 = CYLINDRICAL_SURFACE('',#1178,4.E-02);
#1178 = AXIS2_PLACEMENT_3D('',#1179,#1180,#1181);
#1179 = CARTESIAN_POINT('',(-1.,0.585,4.E-02));
#1180 = DIRECTION('',(1.,0.,0.));
#1181 = DIRECTION('',(-0.,1.,0.));
#1182 = ADVANCED_FACE('',(#1183),#1202,.T.);
#1183 = FACE_BOUND('',#1184,.T.);
#1184 = EDGE_LOOP('',(#1185,#1186,#1187,#1196));
#1185 = ORIENTED_EDGE('',*,*,#1000,.T.);
#1186 = ORIENTED_EDGE('',*,*,#1147,.T.);
#1187 = ORIENTED_EDGE('',*,*,#1188,.F.);
#1188 = EDGE_CURVE('',#1189,#1140,#1191,.T.);
#1189 = VERTEX_POINT('',#1190);
#1190 = CARTESIAN_POINT('',(-0.6,0.625,1.21));
#1191 = CIRCLE('',#1192,4.E-02);
#1192 = AXIS2_PLACEMENT_3D('',#1193,#1194,#1195);
#1193 = CARTESIAN_POINT('',(-0.6,0.585,1.21));
#1194 = DIRECTION('',(1.,0.,-0.));
#1195 = DIRECTION('',(0.,0.,1.));
#1196 = ORIENTED_EDGE('',*,*,#1197,.F.);
#1197 = EDGE_CURVE('',#993,#1189,#1198,.T.);
#1198 = LINE('',#1199,#1200);
#1199 = CARTESIAN_POINT('',(-1.,0.625,1.21));
#1200 = VECTOR('',#1201,1.);
#1201 = DIRECTION('',(1.,0.,0.));
#1202 = CYLINDRICAL_SURFACE('',#1203,4.E-02);
#1203 = AXIS2_PLACEMENT_3D('',#1204,#1205,#1206);
#1204 = CARTESIAN_POINT('',(-1.,0.585,1.21));
#1205 = DIRECTION('',(1.,0.,0.));
#1206 = DIRECTION('',(-0.,1.,0.));
#1207 = ADVANCED_FACE('',(#1208),#1219,.T.);
#1208 = FACE_BOUND('',#1209,.T.);
#1209 = EDGE_LOOP('',(#1210,#1216,#1217,#1218));
#1210 = ORIENTED_EDGE('',*,*,#1211,.F.);
#1211 = EDGE_CURVE('',#1162,#1189,#1212,.T.);
#1212 = LINE('',#1213,#1214);
#1213 = CARTESIAN_POINT('',(-0.6,0.625,0.));
#1214 = VECTOR('',#1215,1.);
#1215 = DIRECTION('',(0.,0.,1.));
#1216 = ORIENTED_EDGE('',*,*,#1161,.F.);
#1217 = ORIENTED_EDGE('',*,*,#992,.T.);
#1218 = ORIENTED_EDGE('',*,*,#1197,.T.);
#1219 = PLANE('',#1220);
#1220 = AXIS2_PLACEMENT_3D('',#1221,#1222,#1223);
#1221 = CARTESIAN_POINT('',(-1.,0.625,0.));
#1222 = DIRECTION('',(0.,1.,0.));
#1223 = DIRECTION('',(0.,-0.,1.));
#1224 = ADVANCED_FACE('',(#1225,#1235),#1305,.T.);
#1225 = FACE_BOUND('',#1226,.T.);
#1226 = EDGE_LOOP('',(#1227,#1228,#1229,#1230,#1231,#1232,#1233,#1234));
#1227 = ORIENTED_EDGE('',*,*,#1032,.F.);
#1228 = ORIENTED_EDGE('',*,*,#1072,.T.);
#1229 = ORIENTED_EDGE('',*,*,#1115,.T.);
#1230 = ORIENTED_EDGE('',*,*,#1169,.F.);
#1231 = ORIENTED_EDGE('',*,*,#1211,.T.);
#1232 = ORIENTED_EDGE('',*,*,#1188,.T.);
#1233 = ORIENTED_EDGE('',*,*,#1139,.F.);
#1234 = ORIENTED_EDGE('',*,*,#1089,.F.);
#1235 = FACE_BOUND('',#1236,.T.);
#1236 = EDGE_LOOP('',(#1237,#1248,#1256,#1265,#1273,#1282,#1290,#1299));
#1237 = ORIENTED_EDGE('',*,*,#1238,.F.);
#1238 = EDGE_CURVE('',#1239,#1241,#1243,.T.);
#1239 = VERTEX_POINT('',#1240);
#1240 = CARTESIAN_POINT('',(-0.6,-0.585,8.E-02));
#1241 = VERTEX_POINT('',#1242);
#1242 = CARTESIAN_POINT('',(-0.6,-0.545,4.E-02));
#1243 = CIRCLE('',#1244,4.E-02);
#1244 = AXIS2_PLACEMENT_3D('',#1245,#1246,#1247);
#1245 = CARTESIAN_POINT('',(-0.6,-0.545,8.E-02));
#1246 = DIRECTION('',(1.,0.,-0.));
#1247 = DIRECTION('',(0.,0.,1.));
#1248 = ORIENTED_EDGE('',*,*,#1249,.T.);
#1249 = EDGE_CURVE('',#1239,#1250,#1252,.T.);
#1250 = VERTEX_POINT('',#1251);
#1251 = CARTESIAN_POINT('',(-0.6,-0.585,1.17));
#1252 = LINE('',#1253,#1254);
#1253 = CARTESIAN_POINT('',(-0.6,-0.585,4.E-02));
#1254 = VECTOR('',#1255,1.);
#1255 = DIRECTION('',(0.,0.,1.));
#1256 = ORIENTED_EDGE('',*,*,#1257,.T.);
#1257 = EDGE_CURVE('',#1250,#1258,#1260,.T.);
#1258 = VERTEX_POINT('',#1259);
#1259 = CARTESIAN_POINT('',(-0.6,-0.545,1.21));
#1260 = CIRCLE('',#1261,4.E-02);
#1261 = AXIS2_PLACEMENT_3D('',#1262,#1263,#1264);
#1262 = CARTESIAN_POINT('',(-0.6,-0.545,1.17));
#1263 = DIRECTION('',(-1.,0.,0.));
#1264 = DIRECTION('',(0.,0.,1.));
#1265 = ORIENTED_EDGE('',*,*,#1266,.T.);
#1266 = EDGE_CURVE('',#1258,#1267,#1269,.T.);
#1267 = VERTEX_POINT('',#1268);
#1268 = CARTESIAN_POINT('',(-0.6,0.545,1.21));
#1269 = LINE('',#1270,#1271);
#1270 = CARTESIAN_POINT('',(-0.6,-0.585,1.21));
#1271 = VECTOR('',#1272,1.);
#1272 = DIRECTION('',(0.,1.,0.));
#1273 = ORIENTED_EDGE('',*,*,#1274,.F.);
#1274 = EDGE_CURVE('',#1275,#1267,#1277,.T.);
#1275 = VERTEX_POINT('',#1276);
#1276 = CARTESIAN_POINT('',(-0.6,0.585,1.17));
#1277 = CIRCLE('',#1278,4.E-02);
#1278 = AXIS2_PLACEMENT_3D('',#1279,#1280,#1281);
#1279 = CARTESIAN_POINT('',(-0.6,0.545,1.17));
#1280 = DIRECTION('',(1.,0.,-0.));
#1281 = DIRECTION('',(0.,0.,1.));
#1282 = ORIENTED_EDGE('',*,*,#1283,.F.);
#1283 = EDGE_CURVE('',#1284,#1275,#1286,.T.);
#1284 = VERTEX_POINT('',#1285);
#1285 = CARTESIAN_POINT('',(-0.6,0.585,8.E-02));
#1286 = LINE('',#1287,#1288);
#1287 = CARTESIAN_POINT('',(-0.6,0.585,4.E-02));
#1288 = VECTOR('',#1289,1.);
#1289 = DIRECTION('',(0.,0.,1.));
#1290 = ORIENTED_EDGE('',*,*,#1291,.T.);
#1291 = EDGE_CURVE('',#1284,#1292,#1294,.T.);
#1292 = VERTEX_POINT('',#1293);
#1293 = CARTESIAN_POINT('',(-0.6,0.545,4.E-02));
#1294 = CIRCLE('',#1295,4.E-02);
#1295 = AXIS2_PLACEMENT_3D('',#1296,#1297,#1298);
#1296 = CARTESIAN_POINT('',(-0.6,0.545,8.E-02));
#1297 = DIRECTION('',(-1.,0.,0.));
#1298 = DIRECTION('',(0.,0.,1.));
#1299 = ORIENTED_EDGE('',*,*,#1300,.F.);
#1300 = EDGE_CURVE('',#1241,#1292,#1301,.T.);
#1301 = LINE('',#1302,#1303);
#1302 = CARTESIAN_POINT('',(-0.6,-0.585,4.E-02));
#1303 = VECTOR('',#1304,1.);
#1304 = DIRECTION('',(0.,1.,0.));
#1305 = PLANE('',#1306);
#1306 = AXIS2_PLACEMENT_3D('',#1307,#1308,#1309);
#1307 = CARTESIAN_POINT('',(-0.6,-0.625,0.));
#1308 = DIRECTION('',(1.,0.,0.));
#1309 = DIRECTION('',(0.,0.,1.));
#1310 = ADVANCED_FACE('',(#1311),#1337,.T.);
#1311 = FACE_BOUND('',#1312,.T.);
#1312 = EDGE_LOOP('',(#1313,#1314,#1322,#1331));
#1313 = ORIENTED_EDGE('',*,*,#1238,.T.);
#1314 = ORIENTED_EDGE('',*,*,#1315,.T.);
#1315 = EDGE_CURVE('',#1241,#1316,#1318,.T.);
#1316 = VERTEX_POINT('',#1317);
#1317 = CARTESIAN_POINT('',(0.6,-0.545,4.E-02));
#1318 = LINE('',#1319,#1320);
#1319 = CARTESIAN_POINT('',(-0.6,-0.545,4.E-02));
#1320 = VECTOR('',#1321,1.);
#1321 = DIRECTION('',(1.,0.,0.));
#1322 = ORIENTED_EDGE('',*,*,#1323,.F.);
#1323 = EDGE_CURVE('',#1324,#1316,#1326,.T.);
#1324 = VERTEX_POINT('',#1325);
#1325 = CARTESIAN_POINT('',(0.6,-0.585,8.E-02));
#1326 = CIRCLE('',#1327,4.E-02);
#1327 = AXIS2_PLACEMENT_3D('',#1328,#1329,#1330);
#1328 = CARTESIAN_POINT('',(0.6,-0.545,8.E-02));
#1329 = DIRECTION('',(1.,0.,-0.));
#1330 = DIRECTION('',(0.,0.,1.));
#1331 = ORIENTED_EDGE('',*,*,#1332,.F.);
#1332 = EDGE_CURVE('',#1239,#1324,#1333,.T.);
#1333 = LINE('',#1334,#1335);
#1334 = CARTESIAN_POINT('',(-0.6,-0.585,8.E-02));
#1335 = VECTOR('',#1336,1.);
#1336 = DIRECTION('',(1.,0.,0.));
#1337 = CYLINDRICAL_SURFACE('',#1338,4.E-02);
#1338 = AXIS2_PLACEMENT_3D('',#1339,#1340,#1341);
#1339 = CARTESIAN_POINT('',(-0.6,-0.545,8.E-02));
#1340 = DIRECTION('',(1.,0.,0.));
#1341 = DIRECTION('',(0.,-1.,0.));
#1342 = ADVANCED_FACE('',(#1343),#1361,.F.);
#1343 = FACE_BOUND('',#1344,.F.);
#1344 = EDGE_LOOP('',(#1345,#1346,#1347,#1355));
#1345 = ORIENTED_EDGE('',*,*,#1300,.F.);
#1346 = ORIENTED_EDGE('',*,*,#1315,.T.);
#1347 = ORIENTED_EDGE('',*,*,#1348,.T.);
#1348 = EDGE_CURVE('',#1316,#1349,#1351,.T.);
#1349 = VERTEX_POINT('',#1350);
#1350 = CARTESIAN_POINT('',(0.6,0.545,4.E-02));
#1351 = LINE('',#1352,#1353);
#1352 = CARTESIAN_POINT('',(0.6,-0.585,4.E-02));
#1353 = VECTOR('',#1354,1.);
#1354 = DIRECTION('',(0.,1.,0.));
#1355 = ORIENTED_EDGE('',*,*,#1356,.F.);
#1356 = EDGE_CURVE('',#1292,#1349,#1357,.T.);
#1357 = LINE('',#1358,#1359);
#1358 = CARTESIAN_POINT('',(-0.6,0.545,4.E-02));
#1359 = VECTOR('',#1360,1.);
#1360 = DIRECTION('',(1.,0.,0.));
#1361 = PLANE('',#1362);
#1362 = AXIS2_PLACEMENT_3D('',#1363,#1364,#1365);
#1363 = CARTESIAN_POINT('',(-0.6,-0.585,4.E-02));
#1364 = DIRECTION('',(0.,0.,1.));
#1365 = DIRECTION('',(1.,0.,-0.));
#1366 = ADVANCED_FACE('',(#1367),#1386,.T.);
#1367 = FACE_BOUND('',#1368,.T.);
#1368 = EDGE_LOOP('',(#1369,#1377,#1384,#1385));
#1369 = ORIENTED_EDGE('',*,*,#1370,.T.);
#1370 = EDGE_CURVE('',#1284,#1371,#1373,.T.);
#1371 = VERTEX_POINT('',#1372);
#1372 = CARTESIAN_POINT('',(0.6,0.585,8.E-02));
#1373 = LINE('',#1374,#1375);
#1374 = CARTESIAN_POINT('',(-0.6,0.585,8.E-02));
#1375 = VECTOR('',#1376,1.);
#1376 = DIRECTION('',(1.,0.,0.));
#1377 = ORIENTED_EDGE('',*,*,#1378,.T.);
#1378 = EDGE_CURVE('',#1371,#1349,#1379,.T.);
#1379 = CIRCLE('',#1380,4.E-02);
#1380 = AXIS2_PLACEMENT_3D('',#1381,#1382,#1383);
#1381 = CARTESIAN_POINT('',(0.6,0.545,8.E-02));
#1382 = DIRECTION('',(-1.,0.,0.));
#1383 = DIRECTION('',(0.,0.,1.));
#1384 = ORIENTED_EDGE('',*,*,#1356,.F.);
#1385 = ORIENTED_EDGE('',*,*,#1291,.F.);
#1386 = CYLINDRICAL_SURFACE('',#1387,4.E-02);
#1387 = AXIS2_PLACEMENT_3D('',#1388,#1389,#1390);
#1388 = CARTESIAN_POINT('',(-0.6,0.545,8.E-02));
#1389 = DIRECTION('',(1.,0.,0.));
#1390 = DIRECTION('',(-0.,1.,0.));
#1391 = ADVANCED_FACE('',(#1392),#1410,.T.);
#1392 = FACE_BOUND('',#1393,.T.);
#1393 = EDGE_LOOP('',(#1394,#1402,#1403,#1404));
#1394 = ORIENTED_EDGE('',*,*,#1395,.F.);
#1395 = EDGE_CURVE('',#1371,#1396,#1398,.T.);
#1396 = VERTEX_POINT('',#1397);
#1397 = CARTESIAN_POINT('',(0.6,0.585,1.17));
#1398 = LINE('',#1399,#1400);
#1399 = CARTESIAN_POINT('',(0.6,0.585,4.E-02));
#1400 = VECTOR('',#1401,1.);
#1401 = DIRECTION('',(0.,0.,1.));
#1402 = ORIENTED_EDGE('',*,*,#1370,.F.);
#1403 = ORIENTED_EDGE('',*,*,#1283,.T.);
#1404 = ORIENTED_EDGE('',*,*,#1405,.T.);
#1405 = EDGE_CURVE('',#1275,#1396,#1406,.T.);
#1406 = LINE('',#1407,#1408);
#1407 = CARTESIAN_POINT('',(-0.6,0.585,1.17));
#1408 = VECTOR('',#1409,1.);
#1409 = DIRECTION('',(1.,0.,0.));
#1410 = PLANE('',#1411);
#1411 = AXIS2_PLACEMENT_3D('',#1412,#1413,#1414);
#1412 = CARTESIAN_POINT('',(-0.6,0.585,4.E-02));
#1413 = DIRECTION('',(0.,1.,0.));
#1414 = DIRECTION('',(0.,-0.,1.));
#1415 = ADVANCED_FACE('',(#1416),#1435,.T.);
#1416 = FACE_BOUND('',#1417,.T.);
#1417 = EDGE_LOOP('',(#1418,#1419,#1427,#1434));
#1418 = ORIENTED_EDGE('',*,*,#1274,.T.);
#1419 = ORIENTED_EDGE('',*,*,#1420,.T.);
#1420 = EDGE_CURVE('',#1267,#1421,#1423,.T.);
#1421 = VERTEX_POINT('',#1422);
#1422 = CARTESIAN_POINT('',(0.6,0.545,1.21));
#1423 = LINE('',#1424,#1425);
#1424 = CARTESIAN_POINT('',(-0.6,0.545,1.21));
#1425 = VECTOR('',#1426,1.);
#1426 = DIRECTION('',(1.,0.,0.));
#1427 = ORIENTED_EDGE('',*,*,#1428,.F.);
#1428 = EDGE_CURVE('',#1396,#1421,#1429,.T.);
#1429 = CIRCLE('',#1430,4.E-02);
#1430 = AXIS2_PLACEMENT_3D('',#1431,#1432,#1433);
#1431 = CARTESIAN_POINT('',(0.6,0.545,1.17));
#1432 = DIRECTION('',(1.,0.,-0.));
#1433 = DIRECTION('',(0.,0.,1.));
#1434 = ORIENTED_EDGE('',*,*,#1405,.F.);
#1435 = CYLINDRICAL_SURFACE('',#1436,4.E-02);
#1436 = AXIS2_PLACEMENT_3D('',#1437,#1438,#1439);
#1437 = CARTESIAN_POINT('',(-0.6,0.545,1.17));
#1438 = DIRECTION('',(1.,0.,0.));
#1439 = DIRECTION('',(-0.,1.,0.));
#1440 = ADVANCED_FACE('',(#1441),#1459,.T.);
#1441 = FACE_BOUND('',#1442,.T.);
#1442 = EDGE_LOOP('',(#1443,#1444,#1452,#1458));
#1443 = ORIENTED_EDGE('',*,*,#1266,.F.);
#1444 = ORIENTED_EDGE('',*,*,#1445,.T.);
#1445 = EDGE_CURVE('',#1258,#1446,#1448,.T.);
#1446 = VERTEX_POINT('',#1447);
#1447 = CARTESIAN_POINT('',(0.6,-0.545,1.21));
#1448 = LINE('',#1449,#1450);
#1449 = CARTESIAN_POINT('',(-0.6,-0.545,1.21));
#1450 = VECTOR('',#1451,1.);
#1451 = DIRECTION('',(1.,0.,0.));
#1452 = ORIENTED_EDGE('',*,*,#1453,.T.);
#1453 = EDGE_CURVE('',#1446,#1421,#1454,.T.);
#1454 = LINE('',#1455,#1456);
#1455 = CARTESIAN_POINT('',(0.6,-0.585,1.21));
#1456 = VECTOR('',#1457,1.);
#1457 = DIRECTION('',(0.,1.,0.));
#1458 = ORIENTED_EDGE('',*,*,#1420,.F.);
#1459 = PLANE('',#1460);
#1460 = AXIS2_PLACEMENT_3D('',#1461,#1462,#1463);
#1461 = CARTESIAN_POINT('',(-0.6,-0.585,1.21));
#1462 = DIRECTION('',(0.,0.,1.));
#1463 = DIRECTION('',(1.,0.,-0.));
#1464 = ADVANCED_FACE('',(#1465),#1484,.T.);
#1465 = FACE_BOUND('',#1466,.T.);
#1466 = EDGE_LOOP('',(#1467,#1475,#1482,#1483));
#1467 = ORIENTED_EDGE('',*,*,#1468,.T.);
#1468 = EDGE_CURVE('',#1250,#1469,#1471,.T.);
#1469 = VERTEX_POINT('',#1470);
#1470 = CARTESIAN_POINT('',(0.6,-0.585,1.17));
#1471 = LINE('',#1472,#1473);
#1472 = CARTESIAN_POINT('',(-0.6,-0.585,1.17));
#1473 = VECTOR('',#1474,1.);
#1474 = DIRECTION('',(1.,0.,0.));
#1475 = ORIENTED_EDGE('',*,*,#1476,.T.);
#1476 = EDGE_CURVE('',#1469,#1446,#1477,.T.);
#1477 = CIRCLE('',#1478,4.E-02);
#1478 = AXIS2_PLACEMENT_3D('',#1479,#1480,#1481);
#1479 = CARTESIAN_POINT('',(0.6,-0.545,1.17));
#1480 = DIRECTION('',(-1.,0.,0.));
#1481 = DIRECTION('',(0.,0.,1.));
#1482 = ORIENTED_EDGE('',*,*,#1445,.F.);
#1483 = ORIENTED_EDGE('',*,*,#1257,.F.);
#1484 = CYLINDRICAL_SURFACE('',#1485,4.E-02);
#1485 = AXIS2_PLACEMENT_3D('',#1486,#1487,#1488);
#1486 = CARTESIAN_POINT('',(-0.6,-0.545,1.17));
#1487 = DIRECTION('',(1.,0.,0.));
#1488 = DIRECTION('',(0.,-1.,0.));
#1489 = ADVANCED_FACE('',(#1490),#1501,.F.);
#1490 = FACE_BOUND('',#1491,.F.);
#1491 = EDGE_LOOP('',(#1492,#1498,#1499,#1500));
#1492 = ORIENTED_EDGE('',*,*,#1493,.F.);
#1493 = EDGE_CURVE('',#1324,#1469,#1494,.T.);
#1494 = LINE('',#1495,#1496);
#1495 = CARTESIAN_POINT('',(0.6,-0.585,4.E-02));
#1496 = VECTOR('',#1497,1.);
#1497 = DIRECTION('',(0.,0.,1.));
#1498 = ORIENTED_EDGE('',*,*,#1332,.F.);
#1499 = ORIENTED_EDGE('',*,*,#1249,.T.);
#1500 = ORIENTED_EDGE('',*,*,#1468,.T.);
#1501 = PLANE('',#1502);
#1502 = AXIS2_PLACEMENT_3D('',#1503,#1504,#1505);
#1503 = CARTESIAN_POINT('',(-0.6,-0.585,4.E-02));
#1504 = DIRECTION('',(0.,1.,0.));
#1505 = DIRECTION('',(0.,-0.,1.));
#1506 = ADVANCED_FACE('',(#1507,#1577),#1587,.F.);
#1507 = FACE_BOUND('',#1508,.F.);
#1508 = EDGE_LOOP('',(#1509,#1519,#1528,#1536,#1545,#1553,#1562,#1570));
#1509 = ORIENTED_EDGE('',*,*,#1510,.F.);
#1510 = EDGE_CURVE('',#1511,#1513,#1515,.T.);
#1511 = VERTEX_POINT('',#1512);
#1512 = CARTESIAN_POINT('',(0.6,-0.625,4.E-02));
#1513 = VERTEX_POINT('',#1514);
#1514 = CARTESIAN_POINT('',(0.6,-0.625,1.21));
#1515 = LINE('',#1516,#1517);
#1516 = CARTESIAN_POINT('',(0.6,-0.625,0.));
#1517 = VECTOR('',#1518,1.);
#1518 = DIRECTION('',(0.,0.,1.));
#1519 = ORIENTED_EDGE('',*,*,#1520,.T.);
#1520 = EDGE_CURVE('',#1511,#1521,#1523,.T.);
#1521 = VERTEX_POINT('',#1522);
#1522 = CARTESIAN_POINT('',(0.6,-0.585,0.));
#1523 = CIRCLE('',#1524,4.E-02);
#1524 = AXIS2_PLACEMENT_3D('',#1525,#1526,#1527);
#1525 = CARTESIAN_POINT('',(0.6,-0.585,4.E-02));
#1526 = DIRECTION('',(1.,0.,-0.));
#1527 = DIRECTION('',(0.,0.,1.));
#1528 = ORIENTED_EDGE('',*,*,#1529,.T.);
#1529 = EDGE_CURVE('',#1521,#1530,#1532,.T.);
#1530 = VERTEX_POINT('',#1531);
#1531 = CARTESIAN_POINT('',(0.6,0.585,0.));
#1532 = LINE('',#1533,#1534);
#1533 = CARTESIAN_POINT('',(0.6,-0.625,0.));
#1534 = VECTOR('',#1535,1.);
#1535 = DIRECTION('',(0.,1.,0.));
#1536 = ORIENTED_EDGE('',*,*,#1537,.F.);
#1537 = EDGE_CURVE('',#1538,#1530,#1540,.T.);
#1538 = VERTEX_POINT('',#1539);
#1539 = CARTESIAN_POINT('',(0.6,0.625,4.E-02));
#1540 = CIRCLE('',#1541,4.E-02);
#1541 = AXIS2_PLACEMENT_3D('',#1542,#1543,#1544);
#1542 = CARTESIAN_POINT('',(0.6,0.585,4.E-02));
#1543 = DIRECTION('',(-1.,0.,0.));
#1544 = DIRECTION('',(0.,0.,1.));
#1545 = ORIENTED_EDGE('',*,*,#1546,.T.);
#1546 = EDGE_CURVE('',#1538,#1547,#1549,.T.);
#1547 = VERTEX_POINT('',#1548);
#1548 = CARTESIAN_POINT('',(0.6,0.625,1.21));
#1549 = LINE('',#1550,#1551);
#1550 = CARTESIAN_POINT('',(0.6,0.625,0.));
#1551 = VECTOR('',#1552,1.);
#1552 = DIRECTION('',(0.,0.,1.));
#1553 = ORIENTED_EDGE('',*,*,#1554,.T.);
#1554 = EDGE_CURVE('',#1547,#1555,#1557,.T.);
#1555 = VERTEX_POINT('',#1556);
#1556 = CARTESIAN_POINT('',(0.6,0.585,1.25));
#1557 = CIRCLE('',#1558,4.E-02);
#1558 = AXIS2_PLACEMENT_3D('',#1559,#1560,#1561);
#1559 = CARTESIAN_POINT('',(0.6,0.585,1.21));
#1560 = DIRECTION('',(1.,0.,-0.));
#1561 = DIRECTION('',(0.,0.,1.));
#1562 = ORIENTED_EDGE('',*,*,#1563,.F.);
#1563 = EDGE_CURVE('',#1564,#1555,#1566,.T.);
#1564 = VERTEX_POINT('',#1565);
#1565 = CARTESIAN_POINT('',(0.6,-0.585,1.25));
#1566 = LINE('',#1567,#1568);
#1567 = CARTESIAN_POINT('',(0.6,-0.625,1.25));
#1568 = VECTOR('',#1569,1.);
#1569 = DIRECTION('',(0.,1.,0.));
#1570 = ORIENTED_EDGE('',*,*,#1571,.F.);
#1571 = EDGE_CURVE('',#1513,#1564,#1572,.T.);
#1572 = CIRCLE('',#1573,4.E-02);
#1573 = AXIS2_PLACEMENT_3D('',#1574,#1575,#1576);
#1574 = CARTESIAN_POINT('',(0.6,-0.585,1.21));
#1575 = DIRECTION('',(-1.,0.,0.));
#1576 = DIRECTION('',(0.,0.,1.));
#1577 = FACE_BOUND('',#1578,.F.);
#1578 = EDGE_LOOP('',(#1579,#1580,#1581,#1582,#1583,#1584,#1585,#1586));
#1579 = ORIENTED_EDGE('',*,*,#1323,.F.);
#1580 = ORIENTED_EDGE('',*,*,#1493,.T.);
#1581 = ORIENTED_EDGE('',*,*,#1476,.T.);
#1582 = ORIENTED_EDGE('',*,*,#1453,.T.);
#1583 = ORIENTED_EDGE('',*,*,#1428,.F.);
#1584 = ORIENTED_EDGE('',*,*,#1395,.F.);
#1585 = ORIENTED_EDGE('',*,*,#1378,.T.);
#1586 = ORIENTED_EDGE('',*,*,#1348,.F.);
#1587 = PLANE('',#1588);
#1588 = AXIS2_PLACEMENT_3D('',#1589,#1590,#1591);
#1589 = CARTESIAN_POINT('',(0.6,-0.625,0.));
#1590 = DIRECTION('',(1.,0.,0.));
#1591 = DIRECTION('',(0.,0.,1.));
#1592 = ADVANCED_FACE('',(#1593),#1618,.F.);
#1593 = FACE_BOUND('',#1594,.F.);
#1594 = EDGE_LOOP('',(#1595,#1605,#1611,#1612));
#1595 = ORIENTED_EDGE('',*,*,#1596,.F.);
#1596 = EDGE_CURVE('',#1597,#1599,#1601,.T.);
#1597 = VERTEX_POINT('',#1598);
#1598 = CARTESIAN_POINT('',(1.,-0.625,4.E-02));
#1599 = VERTEX_POINT('',#1600);
#1600 = CARTESIAN_POINT('',(1.,-0.625,1.21));
#1601 = LINE('',#1602,#1603);
#1602 = CARTESIAN_POINT('',(1.,-0.625,0.));
#1603 = VECTOR('',#1604,1.);
#1604 = DIRECTION('',(0.,0.,1.));
#1605 = ORIENTED_EDGE('',*,*,#1606,.F.);
#1606 = EDGE_CURVE('',#1511,#1597,#1607,.T.);
#1607 = LINE('',#1608,#1609);
#1608 = CARTESIAN_POINT('',(0.6,-0.625,4.E-02));
#1609 = VECTOR('',#1610,1.);
#1610 = DIRECTION('',(1.,0.,0.));
#1611 = ORIENTED_EDGE('',*,*,#1510,.T.);
#1612 = ORIENTED_EDGE('',*,*,#1613,.T.);
#1613 = EDGE_CURVE('',#1513,#1599,#1614,.T.);
#1614 = LINE('',#1615,#1616);
#1615 = CARTESIAN_POINT('',(0.6,-0.625,1.21));
#1616 = VECTOR('',#1617,1.);
#1617 = DIRECTION('',(1.,0.,0.));
#1618 = PLANE('',#1619);
#1619 = AXIS2_PLACEMENT_3D('',#1620,#1621,#1622);
#1620 = CARTESIAN_POINT('',(0.6,-0.625,0.));
#1621 = DIRECTION('',(0.,1.,0.));
#1622 = DIRECTION('',(0.,-0.,1.));
#1623 = ADVANCED_FACE('',(#1624),#1643,.T.);
#1624 = FACE_BOUND('',#1625,.T.);
#1625 = EDGE_LOOP('',(#1626,#1627,#1635,#1642));
#1626 = ORIENTED_EDGE('',*,*,#1520,.T.);
#1627 = ORIENTED_EDGE('',*,*,#1628,.T.);
#1628 = EDGE_CURVE('',#1521,#1629,#1631,.T.);
#1629 = VERTEX_POINT('',#1630);
#1630 = CARTESIAN_POINT('',(1.,-0.585,0.));
#1631 = LINE('',#1632,#1633);
#1632 = CARTESIAN_POINT('',(0.6,-0.585,0.));
#1633 = VECTOR('',#1634,1.);
#1634 = DIRECTION('',(1.,0.,0.));
#1635 = ORIENTED_EDGE('',*,*,#1636,.F.);
#1636 = EDGE_CURVE('',#1597,#1629,#1637,.T.);
#1637 = CIRCLE('',#1638,4.E-02);
#1638 = AXIS2_PLACEMENT_3D('',#1639,#1640,#1641);
#1639 = CARTESIAN_POINT('',(1.,-0.585,4.E-02));
#1640 = DIRECTION('',(1.,0.,-0.));
#1641 = DIRECTION('',(0.,0.,1.));
#1642 = ORIENTED_EDGE('',*,*,#1606,.F.);
#1643 = CYLINDRICAL_SURFACE('',#1644,4.E-02);
#1644 = AXIS2_PLACEMENT_3D('',#1645,#1646,#1647);
#1645 = CARTESIAN_POINT('',(0.6,-0.585,4.E-02));
#1646 = DIRECTION('',(1.,0.,0.));
#1647 = DIRECTION('',(0.,-1.,0.));
#1648 = ADVANCED_FACE('',(#1649),#1668,.T.);
#1649 = FACE_BOUND('',#1650,.T.);
#1650 = EDGE_LOOP('',(#1651,#1652,#1661,#1667));
#1651 = ORIENTED_EDGE('',*,*,#1613,.T.);
#1652 = ORIENTED_EDGE('',*,*,#1653,.T.);
#1653 = EDGE_CURVE('',#1599,#1654,#1656,.T.);
#1654 = VERTEX_POINT('',#1655);
#1655 = CARTESIAN_POINT('',(1.,-0.585,1.25));
#1656 = CIRCLE('',#1657,4.E-02);
#1657 = AXIS2_PLACEMENT_3D('',#1658,#1659,#1660);
#1658 = CARTESIAN_POINT('',(1.,-0.585,1.21));
#1659 = DIRECTION('',(-1.,0.,0.));
#1660 = DIRECTION('',(0.,0.,1.));
#1661 = ORIENTED_EDGE('',*,*,#1662,.F.);
#1662 = EDGE_CURVE('',#1564,#1654,#1663,.T.);
#1663 = LINE('',#1664,#1665);
#1664 = CARTESIAN_POINT('',(0.6,-0.585,1.25));
#1665 = VECTOR('',#1666,1.);
#1666 = DIRECTION('',(1.,0.,0.));
#1667 = ORIENTED_EDGE('',*,*,#1571,.F.);
#1668 = CYLINDRICAL_SURFACE('',#1669,4.E-02);
#1669 = AXIS2_PLACEMENT_3D('',#1670,#1671,#1672);
#1670 = CARTESIAN_POINT('',(0.6,-0.585,1.21));
#1671 = DIRECTION('',(1.,0.,0.));
#1672 = DIRECTION('',(0.,-1.,0.));
#1673 = ADVANCED_FACE('',(#1674),#1692,.F.);
#1674 = FACE_BOUND('',#1675,.F.);
#1675 = EDGE_LOOP('',(#1676,#1677,#1678,#1686));
#1676 = ORIENTED_EDGE('',*,*,#1529,.F.);
#1677 = ORIENTED_EDGE('',*,*,#1628,.T.);
#1678 = ORIENTED_EDGE('',*,*,#1679,.T.);
#1679 = EDGE_CURVE('',#1629,#1680,#1682,.T.);
#1680 = VERTEX_POINT('',#1681);
#1681 = CARTESIAN_POINT('',(1.,0.585,0.));
#1682 = LINE('',#1683,#1684);
#1683 = CARTESIAN_POINT('',(1.,-0.625,0.));
#1684 = VECTOR('',#1685,1.);
#1685 = DIRECTION('',(0.,1.,0.));
#1686 = ORIENTED_EDGE('',*,*,#1687,.F.);
#1687 = EDGE_CURVE('',#1530,#1680,#1688,.T.);
#1688 = LINE('',#1689,#1690);
#1689 = CARTESIAN_POINT('',(0.6,0.585,0.));
#1690 = VECTOR('',#1691,1.);
#1691 = DIRECTION('',(1.,0.,0.));
#1692 = PLANE('',#1693);
#1693 = AXIS2_PLACEMENT_3D('',#1694,#1695,#1696);
#1694 = CARTESIAN_POINT('',(0.6,-0.625,0.));
#1695 = DIRECTION('',(0.,0.,1.));
#1696 = DIRECTION('',(1.,0.,-0.));
#1697 = ADVANCED_FACE('',(#1698),#1716,.T.);
#1698 = FACE_BOUND('',#1699,.T.);
#1699 = EDGE_LOOP('',(#1700,#1701,#1702,#1710));
#1700 = ORIENTED_EDGE('',*,*,#1563,.F.);
#1701 = ORIENTED_EDGE('',*,*,#1662,.T.);
#1702 = ORIENTED_EDGE('',*,*,#1703,.T.);
#1703 = EDGE_CURVE('',#1654,#1704,#1706,.T.);
#1704 = VERTEX_POINT('',#1705);
#1705 = CARTESIAN_POINT('',(1.,0.585,1.25));
#1706 = LINE('',#1707,#1708);
#1707 = CARTESIAN_POINT('',(1.,-0.625,1.25));
#1708 = VECTOR('',#1709,1.);
#1709 = DIRECTION('',(0.,1.,0.));
#1710 = ORIENTED_EDGE('',*,*,#1711,.F.);
#1711 = EDGE_CURVE('',#1555,#1704,#1712,.T.);
#1712 = LINE('',#1713,#1714);
#1713 = CARTESIAN_POINT('',(0.6,0.585,1.25));
#1714 = VECTOR('',#1715,1.);
#1715 = DIRECTION('',(1.,0.,0.));
#1716 = PLANE('',#1717);
#1717 = AXIS2_PLACEMENT_3D('',#1718,#1719,#1720);
#1718 = CARTESIAN_POINT('',(0.6,-0.625,1.25));
#1719 = DIRECTION('',(0.,0.,1.));
#1720 = DIRECTION('',(1.,0.,-0.));
#1721 = ADVANCED_FACE('',(#1722),#1741,.T.);
#1722 = FACE_BOUND('',#1723,.T.);
#1723 = EDGE_LOOP('',(#1724,#1732,#1739,#1740));
#1724 = ORIENTED_EDGE('',*,*,#1725,.T.);
#1725 = EDGE_CURVE('',#1538,#1726,#1728,.T.);
#1726 = VERTEX_POINT('',#1727);
#1727 = CARTESIAN_POINT('',(1.,0.625,4.E-02));
#1728 = LINE('',#1729,#1730);
#1729 = CARTESIAN_POINT('',(0.6,0.625,4.E-02));
#1730 = VECTOR('',#1731,1.);
#1731 = DIRECTION('',(1.,0.,0.));
#1732 = ORIENTED_EDGE('',*,*,#1733,.T.);
#1733 = EDGE_CURVE('',#1726,#1680,#1734,.T.);
#1734 = CIRCLE('',#1735,4.E-02);
#1735 = AXIS2_PLACEMENT_3D('',#1736,#1737,#1738);
#1736 = CARTESIAN_POINT('',(1.,0.585,4.E-02));
#1737 = DIRECTION('',(-1.,0.,0.));
#1738 = DIRECTION('',(0.,0.,1.));
#1739 = ORIENTED_EDGE('',*,*,#1687,.F.);
#1740 = ORIENTED_EDGE('',*,*,#1537,.F.);
#1741 = CYLINDRICAL_SURFACE('',#1742,4.E-02);
#1742 = AXIS2_PLACEMENT_3D('',#1743,#1744,#1745);
#1743 = CARTESIAN_POINT('',(0.6,0.585,4.E-02));
#1744 = DIRECTION('',(1.,0.,0.));
#1745 = DIRECTION('',(-0.,1.,0.));
#1746 = ADVANCED_FACE('',(#1747),#1766,.T.);
#1747 = FACE_BOUND('',#1748,.T.);
#1748 = EDGE_LOOP('',(#1749,#1750,#1751,#1760));
#1749 = ORIENTED_EDGE('',*,*,#1554,.T.);
#1750 = ORIENTED_EDGE('',*,*,#1711,.T.);
#1751 = ORIENTED_EDGE('',*,*,#1752,.F.);
#1752 = EDGE_CURVE('',#1753,#1704,#1755,.T.);
#1753 = VERTEX_POINT('',#1754);
#1754 = CARTESIAN_POINT('',(1.,0.625,1.21));
#1755 = CIRCLE('',#1756,4.E-02);
#1756 = AXIS2_PLACEMENT_3D('',#1757,#1758,#1759);
#1757 = CARTESIAN_POINT('',(1.,0.585,1.21));
#1758 = DIRECTION('',(1.,0.,-0.));
#1759 = DIRECTION('',(0.,0.,1.));
#1760 = ORIENTED_EDGE('',*,*,#1761,.F.);
#1761 = EDGE_CURVE('',#1547,#1753,#1762,.T.);
#1762 = LINE('',#1763,#1764);
#1763 = CARTESIAN_POINT('',(0.6,0.625,1.21));
#1764 = VECTOR('',#1765,1.);
#1765 = DIRECTION('',(1.,0.,0.));
#1766 = CYLINDRICAL_SURFACE('',#1767,4.E-02);
#1767 = AXIS2_PLACEMENT_3D('',#1768,#1769,#1770);
#1768 = CARTESIAN_POINT('',(0.6,0.585,1.21));
#1769 = DIRECTION('',(1.,0.,0.));
#1770 = DIRECTION('',(-0.,1.,0.));
#1771 = ADVANCED_FACE('',(#1772),#1783,.T.);
#1772 = FACE_BOUND('',#1773,.T.);
#1773 = EDGE_LOOP('',(#1774,#1780,#1781,#1782));
#1774 = ORIENTED_EDGE('',*,*,#1775,.F.);
#1775 = EDGE_CURVE('',#1726,#1753,#1776,.T.);
#1776 = LINE('',#1777,#1778);
#1777 = CARTESIAN_POINT('',(1.,0.625,0.));
#1778 = VECTOR('',#1779,1.);
#1779 = DIRECTION('',(0.,0.,1.));
#1780 = ORIENTED_EDGE('',*,*,#1725,.F.);
#1781 = ORIENTED_EDGE('',*,*,#1546,.T.);
#1782 = ORIENTED_EDGE('',*,*,#1761,.T.);
#1783 = PLANE('',#1784);
#1784 = AXIS2_PLACEMENT_3D('',#1785,#1786,#1787);
#1785 = CARTESIAN_POINT('',(0.6,0.625,0.));
#1786 = DIRECTION('',(0.,1.,0.));
#1787 = DIRECTION('',(0.,-0.,1.));
#1788 = ADVANCED_FACE('',(#1789),#1799,.T.);
#1789 = FACE_BOUND('',#1790,.T.);
#1790 = EDGE_LOOP('',(#1791,#1792,#1793,#1794,#1795,#1796,#1797,#1798));
#1791 = ORIENTED_EDGE('',*,*,#1596,.F.);
#1792 = ORIENTED_EDGE('',*,*,#1636,.T.);
#1793 = ORIENTED_EDGE('',*,*,#1679,.T.);
#1794 = ORIENTED_EDGE('',*,*,#1733,.F.);
#1795 = ORIENTED_EDGE('',*,*,#1775,.T.);
#1796 = ORIENTED_EDGE('',*,*,#1752,.T.);
#1797 = ORIENTED_EDGE('',*,*,#1703,.F.);
#1798 = ORIENTED_EDGE('',*,*,#1653,.F.);
#1799 = PLANE('',#1800);
#1800 = AXIS2_PLACEMENT_3D('',#1801,#1802,#1803);
#1801 = CARTESIAN_POINT('',(1.,-0.625,0.));
#1802 = DIRECTION('',(1.,0.,0.));
#1803 = DIRECTION('',(0.,0.,1.));
#1804 = ( GEOMETRIC_REPRESENTATION_CONTEXT(3) 
GLOBAL_UNCERTAINTY_ASSIGNED_CONTEXT((#1808)) 
GLOBAL_UNIT_ASSIGNED_CONTEXT((#1805,#1806,#1807)) REPRESENTATION_CONTEXT
('Context #1','3D Context with UNIT and UNCERTAINTY') );
#1805 = ( LENGTH_UNIT() NAMED_UNIT(*) SI_UNIT(.MILLI.,.METRE.) );
#1806 = ( NAMED_UNIT(*) PLANE_ANGLE_UNIT() SI_UNIT($,.RADIAN.) );
#1807 = ( NAMED_UNIT(*) SI_UNIT($,.STERADIAN.) SOLID_ANGLE_UNIT() );
#1808 = UNCERTAINTY_MEASURE_WITH_UNIT(LENGTH_MEASURE(1.E-07),#1805,
  'distance_accuracy_value','confusion accuracy');
#1809 = CONTEXT_DEPENDENT_SHAPE_REPRESENTATION(#1810,#1812);
#1810 = ( REPRESENTATION_RELATIONSHIP('','',#949,#10) 
REPRESENTATION_RELATIONSHIP_WITH_TRANSFORMATION(#1811) 
SHAPE_REPRESENTATION_RELATIONSHIP() );
#1811 = ITEM_DEFINED_TRANSFORMATION('','',#11,#19);
#1812 = PRODUCT_DEFINITION_SHAPE('Placement','Placement of an item',
  #1813);
#1813 = NEXT_ASSEMBLY_USAGE_OCCURRENCE('2','FB1','',#5,#944,$);
#1814 = PRODUCT_RELATED_PRODUCT_CATEGORY('part',$,(#946));
#1815 = SHAPE_DEFINITION_REPRESENTATION(#1816,#1822);
#1816 = PRODUCT_DEFINITION_SHAPE('','',#1817);
#1817 = PRODUCT_DEFINITION('design','',#1818,#1821);
#1818 = PRODUCT_DEFINITION_FORMATION('','',#1819);
#1819 = PRODUCT('R_0805_2012Metric','R_0805_2012Metric','',(#1820));
#1820 = PRODUCT_CONTEXT('',#2,'mechanical');
#1821 = PRODUCT_DEFINITION_CONTEXT('part definition',#2,'design');
#1822 = ADVANCED_BREP_SHAPE_REPRESENTATION('',(#11,#1823),#2613);
#1823 = MANIFOLD_SOLID_BREP('',#1824);
#1824 = CLOSED_SHELL('',(#1825,#1865,#1948,#1973,#1998,#2065,#2082,#2099
    ,#2148,#2165,#2182,#2231,#2248,#2317,#2348,#2372,#2441,#2465,#2482,
    #2499,#2516,#2533,#2550,#2567,#2584,#2601));
#1825 = ADVANCED_FACE('',(#1826),#1860,.F.);
#1826 = FACE_BOUND('',#1827,.F.);
#1827 = EDGE_LOOP('',(#1828,#1838,#1846,#1854));
#1828 = ORIENTED_EDGE('',*,*,#1829,.F.);
#1829 = EDGE_CURVE('',#1830,#1832,#1834,.T.);
#1830 = VERTEX_POINT('',#1831);
#1831 = CARTESIAN_POINT('',(-1.,-0.6,4.5E-02));
#1832 = VERTEX_POINT('',#1833);
#1833 = CARTESIAN_POINT('',(-1.,-0.6,0.405));
#1834 = LINE('',#1835,#1836);
#1835 = CARTESIAN_POINT('',(-1.,-0.6,0.));
#1836 = VECTOR('',#1837,1.);
#1837 = DIRECTION('',(0.,0.,1.));
#1838 = ORIENTED_EDGE('',*,*,#1839,.T.);
#1839 = EDGE_CURVE('',#1830,#1840,#1842,.T.);
#1840 = VERTEX_POINT('',#1841);
#1841 = CARTESIAN_POINT('',(-1.,0.6,4.5E-02));
#1842 = LINE('',#1843,#1844);
#1843 = CARTESIAN_POINT('',(-1.,-0.6,4.5E-02));
#1844 = VECTOR('',#1845,1.);
#1845 = DIRECTION('',(0.,1.,0.));
#1846 = ORIENTED_EDGE('',*,*,#1847,.T.);
#1847 = EDGE_CURVE('',#1840,#1848,#1850,.T.);
#1848 = VERTEX_POINT('',#1849);
#1849 = CARTESIAN_POINT('',(-1.,0.6,0.405));
#1850 = LINE('',#1851,#1852);
#1851 = CARTESIAN_POINT('',(-1.,0.6,0.));
#1852 = VECTOR('',#1853,1.);
#1853 = DIRECTION('',(0.,0.,1.));
#1854 = ORIENTED_EDGE('',*,*,#1855,.F.);
#1855 = EDGE_CURVE('',#1832,#1848,#1856,.T.);
#1856 = LINE('',#1857,#1858);
#1857 = CARTESIAN_POINT('',(-1.,-0.6,0.405));
#1858 = VECTOR('',#1859,1.);
#1859 = DIRECTION('',(0.,1.,0.));
#1860 = PLANE('',#1861);
#1861 = AXIS2_PLACEMENT_3D('',#1862,#1863,#1864);
#1862 = CARTESIAN_POINT('',(-1.,-0.6,0.));
#1863 = DIRECTION('',(1.,0.,0.));
#1864 = DIRECTION('',(0.,0.,1.));
#1865 = ADVANCED_FACE('',(#1866),#1943,.F.);
#1866 = FACE_BOUND('',#1867,.F.);
#1867 = EDGE_LOOP('',(#1868,#1878,#1885,#1886,#1895,#1903,#1912,#1920,
    #1928,#1936));
#1868 = ORIENTED_EDGE('',*,*,#1869,.F.);
#1869 = EDGE_CURVE('',#1870,#1872,#1874,.T.);
#1870 = VERTEX_POINT('',#1871);
#1871 = CARTESIAN_POINT('',(-0.955,-0.6,-2.775557561563E-17));
#1872 = VERTEX_POINT('',#1873);
#1873 = CARTESIAN_POINT('',(-0.745,-0.6,-2.775557561563E-17));
#1874 = LINE('',#1875,#1876);
#1875 = CARTESIAN_POINT('',(-1.,-0.6,0.));
#1876 = VECTOR('',#1877,1.);
#1877 = DIRECTION('',(1.,0.,0.));
#1878 = ORIENTED_EDGE('',*,*,#1879,.F.);
#1879 = EDGE_CURVE('',#1830,#1870,#1880,.T.);
#1880 = CIRCLE('',#1881,4.5E-02);
#1881 = AXIS2_PLACEMENT_3D('',#1882,#1883,#1884);
#1882 = CARTESIAN_POINT('',(-0.955,-0.6,4.5E-02));
#1883 = DIRECTION('',(0.,-1.,0.));
#1884 = DIRECTION('',(0.,0.,1.));
#1885 = ORIENTED_EDGE('',*,*,#1829,.T.);
#1886 = ORIENTED_EDGE('',*,*,#1887,.T.);
#1887 = EDGE_CURVE('',#1832,#1888,#1890,.T.);
#1888 = VERTEX_POINT('',#1889);
#1889 = CARTESIAN_POINT('',(-0.955,-0.6,0.45));
#1890 = CIRCLE('',#1891,4.5E-02);
#1891 = AXIS2_PLACEMENT_3D('',#1892,#1893,#1894);
#1892 = CARTESIAN_POINT('',(-0.955,-0.6,0.405));
#1893 = DIRECTION('',(0.,1.,0.));
#1894 = DIRECTION('',(0.,-0.,1.));
#1895 = ORIENTED_EDGE('',*,*,#1896,.T.);
#1896 = EDGE_CURVE('',#1888,#1897,#1899,.T.);
#1897 = VERTEX_POINT('',#1898);
#1898 = CARTESIAN_POINT('',(-0.745,-0.6,0.45));
#1899 = LINE('',#1900,#1901);
#1900 = CARTESIAN_POINT('',(-1.,-0.6,0.45));
#1901 = VECTOR('',#1902,1.);
#1902 = DIRECTION('',(1.,0.,0.));
#1903 = ORIENTED_EDGE('',*,*,#1904,.F.);
#1904 = EDGE_CURVE('',#1905,#1897,#1907,.T.);
#1905 = VERTEX_POINT('',#1906);
#1906 = CARTESIAN_POINT('',(-0.7,-0.6,0.405));
#1907 = CIRCLE('',#1908,4.5E-02);
#1908 = AXIS2_PLACEMENT_3D('',#1909,#1910,#1911);
#1909 = CARTESIAN_POINT('',(-0.745,-0.6,0.405));
#1910 = DIRECTION('',(0.,-1.,0.));
#1911 = DIRECTION('',(0.,0.,1.));
#1912 = ORIENTED_EDGE('',*,*,#1913,.F.);
#1913 = EDGE_CURVE('',#1914,#1905,#1916,.T.);
#1914 = VERTEX_POINT('',#1915);
#1915 = CARTESIAN_POINT('',(-0.955,-0.6,0.405));
#1916 = LINE('',#1917,#1918);
#1917 = CARTESIAN_POINT('',(-0.955,-0.6,0.405));
#1918 = VECTOR('',#1919,1.);
#1919 = DIRECTION('',(1.,0.,0.));
#1920 = ORIENTED_EDGE('',*,*,#1921,.F.);
#1921 = EDGE_CURVE('',#1922,#1914,#1924,.T.);
#1922 = VERTEX_POINT('',#1923);
#1923 = CARTESIAN_POINT('',(-0.955,-0.6,4.5E-02));
#1924 = LINE('',#1925,#1926);
#1925 = CARTESIAN_POINT('',(-0.955,-0.6,4.5E-02));
#1926 = VECTOR('',#1927,1.);
#1927 = DIRECTION('',(0.,0.,1.));
#1928 = ORIENTED_EDGE('',*,*,#1929,.T.);
#1929 = EDGE_CURVE('',#1922,#1930,#1932,.T.);
#1930 = VERTEX_POINT('',#1931);
#1931 = CARTESIAN_POINT('',(-0.7,-0.6,4.5E-02));
#1932 = LINE('',#1933,#1934);
#1933 = CARTESIAN_POINT('',(-0.955,-0.6,4.5E-02));
#1934 = VECTOR('',#1935,1.);
#1935 = DIRECTION('',(1.,0.,0.));
#1936 = ORIENTED_EDGE('',*,*,#1937,.T.);
#1937 = EDGE_CURVE('',#1930,#1872,#1938,.T.);
#1938 = CIRCLE('',#1939,4.5E-02);
#1939 = AXIS2_PLACEMENT_3D('',#1940,#1941,#1942);
#1940 = CARTESIAN_POINT('',(-0.745,-0.6,4.5E-02));
#1941 = DIRECTION('',(0.,1.,0.));
#1942 = DIRECTION('',(0.,-0.,1.));
#1943 = PLANE('',#1944);
#1944 = AXIS2_PLACEMENT_3D('',#1945,#1946,#1947);
#1945 = CARTESIAN_POINT('',(-1.,-0.6,0.));
#1946 = DIRECTION('',(0.,1.,0.));
#1947 = DIRECTION('',(0.,-0.,1.));
#1948 = ADVANCED_FACE('',(#1949),#1968,.T.);
#1949 = FACE_BOUND('',#1950,.T.);
#1950 = EDGE_LOOP('',(#1951,#1952,#1961,#1967));
#1951 = ORIENTED_EDGE('',*,*,#1839,.T.);
#1952 = ORIENTED_EDGE('',*,*,#1953,.T.);
#1953 = EDGE_CURVE('',#1840,#1954,#1956,.T.);
#1954 = VERTEX_POINT('',#1955);
#1955 = CARTESIAN_POINT('',(-0.955,0.6,-2.775557561563E-17));
#1956 = CIRCLE('',#1957,4.5E-02);
#1957 = AXIS2_PLACEMENT_3D('',#1958,#1959,#1960);
#1958 = CARTESIAN_POINT('',(-0.955,0.6,4.5E-02));
#1959 = DIRECTION('',(0.,-1.,0.));
#1960 = DIRECTION('',(0.,0.,1.));
#1961 = ORIENTED_EDGE('',*,*,#1962,.F.);
#1962 = EDGE_CURVE('',#1870,#1954,#1963,.T.);
#1963 = LINE('',#1964,#1965);
#1964 = CARTESIAN_POINT('',(-0.955,-0.6,-2.775557561563E-17));
#1965 = VECTOR('',#1966,1.);
#1966 = DIRECTION('',(0.,1.,0.));
#1967 = ORIENTED_EDGE('',*,*,#1879,.F.);
#1968 = CYLINDRICAL_SURFACE('',#1969,4.5E-02);
#1969 = AXIS2_PLACEMENT_3D('',#1970,#1971,#1972);
#1970 = CARTESIAN_POINT('',(-0.955,-0.6,4.5E-02));
#1971 = DIRECTION('',(0.,1.,0.));
#1972 = DIRECTION('',(-1.,0.,0.));
#1973 = ADVANCED_FACE('',(#1974),#1993,.T.);
#1974 = FACE_BOUND('',#1975,.T.);
#1975 = EDGE_LOOP('',(#1976,#1977,#1985,#1992));
#1976 = ORIENTED_EDGE('',*,*,#1887,.T.);
#1977 = ORIENTED_EDGE('',*,*,#1978,.T.);
#1978 = EDGE_CURVE('',#1888,#1979,#1981,.T.);
#1979 = VERTEX_POINT('',#1980);
#1980 = CARTESIAN_POINT('',(-0.955,0.6,0.45));
#1981 = LINE('',#1982,#1983);
#1982 = CARTESIAN_POINT('',(-0.955,-0.6,0.45));
#1983 = VECTOR('',#1984,1.);
#1984 = DIRECTION('',(0.,1.,0.));
#1985 = ORIENTED_EDGE('',*,*,#1986,.F.);
#1986 = EDGE_CURVE('',#1848,#1979,#1987,.T.);
#1987 = CIRCLE('',#1988,4.5E-02);
#1988 = AXIS2_PLACEMENT_3D('',#1989,#1990,#1991);
#1989 = CARTESIAN_POINT('',(-0.955,0.6,0.405));
#1990 = DIRECTION('',(0.,1.,0.));
#1991 = DIRECTION('',(0.,-0.,1.));
#1992 = ORIENTED_EDGE('',*,*,#1855,.F.);
#1993 = CYLINDRICAL_SURFACE('',#1994,4.5E-02);
#1994 = AXIS2_PLACEMENT_3D('',#1995,#1996,#1997);
#1995 = CARTESIAN_POINT('',(-0.955,-0.6,0.405));
#1996 = DIRECTION('',(0.,1.,0.));
#1997 = DIRECTION('',(-1.,0.,0.));
#1998 = ADVANCED_FACE('',(#1999),#2060,.T.);
#1999 = FACE_BOUND('',#2000,.T.);
#2000 = EDGE_LOOP('',(#2001,#2009,#2010,#2011,#2012,#2020,#2029,#2037,
    #2045,#2053));
#2001 = ORIENTED_EDGE('',*,*,#2002,.F.);
#2002 = EDGE_CURVE('',#1954,#2003,#2005,.T.);
#2003 = VERTEX_POINT('',#2004);
#2004 = CARTESIAN_POINT('',(-0.745,0.6,-2.775557561563E-17));
#2005 = LINE('',#2006,#2007);
#2006 = CARTESIAN_POINT('',(-1.,0.6,0.));
#2007 = VECTOR('',#2008,1.);
#2008 = DIRECTION('',(1.,0.,0.));
#2009 = ORIENTED_EDGE('',*,*,#1953,.F.);
#2010 = ORIENTED_EDGE('',*,*,#1847,.T.);
#2011 = ORIENTED_EDGE('',*,*,#1986,.T.);
#2012 = ORIENTED_EDGE('',*,*,#2013,.T.);
#2013 = EDGE_CURVE('',#1979,#2014,#2016,.T.);
#2014 = VERTEX_POINT('',#2015);
#2015 = CARTESIAN_POINT('',(-0.745,0.6,0.45));
#2016 = LINE('',#2017,#2018);
#2017 = CARTESIAN_POINT('',(-1.,0.6,0.45));
#2018 = VECTOR('',#2019,1.);
#2019 = DIRECTION('',(1.,0.,0.));
#2020 = ORIENTED_EDGE('',*,*,#2021,.F.);
#2021 = EDGE_CURVE('',#2022,#2014,#2024,.T.);
#2022 = VERTEX_POINT('',#2023);
#2023 = CARTESIAN_POINT('',(-0.7,0.6,0.405));
#2024 = CIRCLE('',#2025,4.5E-02);
#2025 = AXIS2_PLACEMENT_3D('',#2026,#2027,#2028);
#2026 = CARTESIAN_POINT('',(-0.745,0.6,0.405));
#2027 = DIRECTION('',(0.,-1.,0.));
#2028 = DIRECTION('',(0.,0.,1.));
#2029 = ORIENTED_EDGE('',*,*,#2030,.F.);
#2030 = EDGE_CURVE('',#2031,#2022,#2033,.T.);
#2031 = VERTEX_POINT('',#2032);
#2032 = CARTESIAN_POINT('',(-0.955,0.6,0.405));
#2033 = LINE('',#2034,#2035);
#2034 = CARTESIAN_POINT('',(-0.955,0.6,0.405));
#2035 = VECTOR('',#2036,1.);
#2036 = DIRECTION('',(1.,0.,0.));
#2037 = ORIENTED_EDGE('',*,*,#2038,.F.);
#2038 = EDGE_CURVE('',#2039,#2031,#2041,.T.);
#2039 = VERTEX_POINT('',#2040);
#2040 = CARTESIAN_POINT('',(-0.955,0.6,4.5E-02));
#2041 = LINE('',#2042,#2043);
#2042 = CARTESIAN_POINT('',(-0.955,0.6,4.5E-02));
#2043 = VECTOR('',#2044,1.);
#2044 = DIRECTION('',(0.,0.,1.));
#2045 = ORIENTED_EDGE('',*,*,#2046,.T.);
#2046 = EDGE_CURVE('',#2039,#2047,#2049,.T.);
#2047 = VERTEX_POINT('',#2048);
#2048 = CARTESIAN_POINT('',(-0.7,0.6,4.5E-02));
#2049 = LINE('',#2050,#2051);
#2050 = CARTESIAN_POINT('',(-0.955,0.6,4.5E-02));
#2051 = VECTOR('',#2052,1.);
#2052 = DIRECTION('',(1.,0.,0.));
#2053 = ORIENTED_EDGE('',*,*,#2054,.T.);
#2054 = EDGE_CURVE('',#2047,#2003,#2055,.T.);
#2055 = CIRCLE('',#2056,4.5E-02);
#2056 = AXIS2_PLACEMENT_3D('',#2057,#2058,#2059);
#2057 = CARTESIAN_POINT('',(-0.745,0.6,4.5E-02));
#2058 = DIRECTION('',(0.,1.,0.));
#2059 = DIRECTION('',(0.,-0.,1.));
#2060 = PLANE('',#2061);
#2061 = AXIS2_PLACEMENT_3D('',#2062,#2063,#2064);
#2062 = CARTESIAN_POINT('',(-1.,0.6,0.));
#2063 = DIRECTION('',(0.,1.,0.));
#2064 = DIRECTION('',(0.,-0.,1.));
#2065 = ADVANCED_FACE('',(#2066),#2077,.F.);
#2066 = FACE_BOUND('',#2067,.F.);
#2067 = EDGE_LOOP('',(#2068,#2069,#2070,#2071));
#2068 = ORIENTED_EDGE('',*,*,#2002,.F.);
#2069 = ORIENTED_EDGE('',*,*,#1962,.F.);
#2070 = ORIENTED_EDGE('',*,*,#1869,.T.);
#2071 = ORIENTED_EDGE('',*,*,#2072,.T.);
#2072 = EDGE_CURVE('',#1872,#2003,#2073,.T.);
#2073 = LINE('',#2074,#2075);
#2074 = CARTESIAN_POINT('',(-0.745,-0.6,-2.775557561563E-17));
#2075 = VECTOR('',#2076,1.);
#2076 = DIRECTION('',(0.,1.,0.));
#2077 = PLANE('',#2078);
#2078 = AXIS2_PLACEMENT_3D('',#2079,#2080,#2081);
#2079 = CARTESIAN_POINT('',(-1.,-0.6,0.));
#2080 = DIRECTION('',(0.,0.,1.));
#2081 = DIRECTION('',(1.,0.,-0.));
#2082 = ADVANCED_FACE('',(#2083),#2094,.T.);
#2083 = FACE_BOUND('',#2084,.T.);
#2084 = EDGE_LOOP('',(#2085,#2086,#2087,#2088));
#2085 = ORIENTED_EDGE('',*,*,#1937,.T.);
#2086 = ORIENTED_EDGE('',*,*,#2072,.T.);
#2087 = ORIENTED_EDGE('',*,*,#2054,.F.);
#2088 = ORIENTED_EDGE('',*,*,#2089,.F.);
#2089 = EDGE_CURVE('',#1930,#2047,#2090,.T.);
#2090 = LINE('',#2091,#2092);
#2091 = CARTESIAN_POINT('',(-0.7,-0.6,4.5E-02));
#2092 = VECTOR('',#2093,1.);
#2093 = DIRECTION('',(0.,1.,0.));
#2094 = CYLINDRICAL_SURFACE('',#2095,4.5E-02);
#2095 = AXIS2_PLACEMENT_3D('',#2096,#2097,#2098);
#2096 = CARTESIAN_POINT('',(-0.745,-0.6,4.5E-02));
#2097 = DIRECTION('',(0.,1.,0.));
#2098 = DIRECTION('',(1.,0.,0.));
#2099 = ADVANCED_FACE('',(#2100),#2143,.F.);
#2100 = FACE_BOUND('',#2101,.F.);
#2101 = EDGE_LOOP('',(#2102,#2103,#2104,#2105,#2113,#2121,#2129,#2137));
#2102 = ORIENTED_EDGE('',*,*,#1929,.F.);
#2103 = ORIENTED_EDGE('',*,*,#1921,.T.);
#2104 = ORIENTED_EDGE('',*,*,#1913,.T.);
#2105 = ORIENTED_EDGE('',*,*,#2106,.T.);
#2106 = EDGE_CURVE('',#1905,#2107,#2109,.T.);
#2107 = VERTEX_POINT('',#2108);
#2108 = CARTESIAN_POINT('',(0.7,-0.6,0.405));
#2109 = LINE('',#2110,#2111);
#2110 = CARTESIAN_POINT('',(-0.7,-0.6,0.405));
#2111 = VECTOR('',#2112,1.);
#2112 = DIRECTION('',(1.,0.,0.));
#2113 = ORIENTED_EDGE('',*,*,#2114,.T.);
#2114 = EDGE_CURVE('',#2107,#2115,#2117,.T.);
#2115 = VERTEX_POINT('',#2116);
#2116 = CARTESIAN_POINT('',(0.955,-0.6,0.405));
#2117 = LINE('',#2118,#2119);
#2118 = CARTESIAN_POINT('',(-0.955,-0.6,0.405));
#2119 = VECTOR('',#2120,1.);
#2120 = DIRECTION('',(1.,0.,0.));
#2121 = ORIENTED_EDGE('',*,*,#2122,.F.);
#2122 = EDGE_CURVE('',#2123,#2115,#2125,.T.);
#2123 = VERTEX_POINT('',#2124);
#2124 = CARTESIAN_POINT('',(0.955,-0.6,4.5E-02));
#2125 = LINE('',#2126,#2127);
#2126 = CARTESIAN_POINT('',(0.955,-0.6,4.5E-02));
#2127 = VECTOR('',#2128,1.);
#2128 = DIRECTION('',(0.,0.,1.));
#2129 = ORIENTED_EDGE('',*,*,#2130,.F.);
#2130 = EDGE_CURVE('',#2131,#2123,#2133,.T.);
#2131 = VERTEX_POINT('',#2132);
#2132 = CARTESIAN_POINT('',(0.7,-0.6,4.5E-02));
#2133 = LINE('',#2134,#2135);
#2134 = CARTESIAN_POINT('',(-0.955,-0.6,4.5E-02));
#2135 = VECTOR('',#2136,1.);
#2136 = DIRECTION('',(1.,0.,0.));
#2137 = ORIENTED_EDGE('',*,*,#2138,.F.);
#2138 = EDGE_CURVE('',#1930,#2131,#2139,.T.);
#2139 = LINE('',#2140,#2141);
#2140 = CARTESIAN_POINT('',(-0.955,-0.6,4.5E-02));
#2141 = VECTOR('',#2142,1.);
#2142 = DIRECTION('',(1.,0.,0.));
#2143 = PLANE('',#2144);
#2144 = AXIS2_PLACEMENT_3D('',#2145,#2146,#2147);
#2145 = CARTESIAN_POINT('',(-0.955,-0.6,4.5E-02));
#2146 = DIRECTION('',(0.,1.,0.));
#2147 = DIRECTION('',(0.,-0.,1.));
#2148 = ADVANCED_FACE('',(#2149),#2160,.T.);
#2149 = FACE_BOUND('',#2150,.T.);
#2150 = EDGE_LOOP('',(#2151,#2152,#2153,#2154));
#2151 = ORIENTED_EDGE('',*,*,#2013,.F.);
#2152 = ORIENTED_EDGE('',*,*,#1978,.F.);
#2153 = ORIENTED_EDGE('',*,*,#1896,.T.);
#2154 = ORIENTED_EDGE('',*,*,#2155,.T.);
#2155 = EDGE_CURVE('',#1897,#2014,#2156,.T.);
#2156 = LINE('',#2157,#2158);
#2157 = CARTESIAN_POINT('',(-0.745,-0.6,0.45));
#2158 = VECTOR('',#2159,1.);
#2159 = DIRECTION('',(0.,1.,0.));
#2160 = PLANE('',#2161);
#2161 = AXIS2_PLACEMENT_3D('',#2162,#2163,#2164);
#2162 = CARTESIAN_POINT('',(-1.,-0.6,0.45));
#2163 = DIRECTION('',(0.,0.,1.));
#2164 = DIRECTION('',(1.,0.,-0.));
#2165 = ADVANCED_FACE('',(#2166),#2177,.T.);
#2166 = FACE_BOUND('',#2167,.T.);
#2167 = EDGE_LOOP('',(#2168,#2174,#2175,#2176));
#2168 = ORIENTED_EDGE('',*,*,#2169,.T.);
#2169 = EDGE_CURVE('',#1905,#2022,#2170,.T.);
#2170 = LINE('',#2171,#2172);
#2171 = CARTESIAN_POINT('',(-0.7,-0.6,0.405));
#2172 = VECTOR('',#2173,1.);
#2173 = DIRECTION('',(0.,1.,0.));
#2174 = ORIENTED_EDGE('',*,*,#2021,.T.);
#2175 = ORIENTED_EDGE('',*,*,#2155,.F.);
#2176 = ORIENTED_EDGE('',*,*,#1904,.F.);
#2177 = CYLINDRICAL_SURFACE('',#2178,4.5E-02);
#2178 = AXIS2_PLACEMENT_3D('',#2179,#2180,#2181);
#2179 = CARTESIAN_POINT('',(-0.745,-0.6,0.405));
#2180 = DIRECTION('',(0.,1.,0.));
#2181 = DIRECTION('',(1.,0.,0.));
#2182 = ADVANCED_FACE('',(#2183),#2226,.T.);
#2183 = FACE_BOUND('',#2184,.T.);
#2184 = EDGE_LOOP('',(#2185,#2186,#2187,#2188,#2196,#2204,#2212,#2220));
#2185 = ORIENTED_EDGE('',*,*,#2046,.F.);
#2186 = ORIENTED_EDGE('',*,*,#2038,.T.);
#2187 = ORIENTED_EDGE('',*,*,#2030,.T.);
#2188 = ORIENTED_EDGE('',*,*,#2189,.T.);
#2189 = EDGE_CURVE('',#2022,#2190,#2192,.T.);
#2190 = VERTEX_POINT('',#2191);
#2191 = CARTESIAN_POINT('',(0.7,0.6,0.405));
#2192 = LINE('',#2193,#2194);
#2193 = CARTESIAN_POINT('',(-0.7,0.6,0.405));
#2194 = VECTOR('',#2195,1.);
#2195 = DIRECTION('',(1.,0.,0.));
#2196 = ORIENTED_EDGE('',*,*,#2197,.T.);
#2197 = EDGE_CURVE('',#2190,#2198,#2200,.T.);
#2198 = VERTEX_POINT('',#2199);
#2199 = CARTESIAN_POINT('',(0.955,0.6,0.405));
#2200 = LINE('',#2201,#2202);
#2201 = CARTESIAN_POINT('',(-0.955,0.6,0.405));
#2202 = VECTOR('',#2203,1.);
#2203 = DIRECTION('',(1.,0.,0.));
#2204 = ORIENTED_EDGE('',*,*,#2205,.F.);
#2205 = EDGE_CURVE('',#2206,#2198,#2208,.T.);
#2206 = VERTEX_POINT('',#2207);
#2207 = CARTESIAN_POINT('',(0.955,0.6,4.5E-02));
#2208 = LINE('',#2209,#2210);
#2209 = CARTESIAN_POINT('',(0.955,0.6,4.5E-02));
#2210 = VECTOR('',#2211,1.);
#2211 = DIRECTION('',(0.,0.,1.));
#2212 = ORIENTED_EDGE('',*,*,#2213,.F.);
#2213 = EDGE_CURVE('',#2214,#2206,#2216,.T.);
#2214 = VERTEX_POINT('',#2215);
#2215 = CARTESIAN_POINT('',(0.7,0.6,4.5E-02));
#2216 = LINE('',#2217,#2218);
#2217 = CARTESIAN_POINT('',(-0.955,0.6,4.5E-02));
#2218 = VECTOR('',#2219,1.);
#2219 = DIRECTION('',(1.,0.,0.));
#2220 = ORIENTED_EDGE('',*,*,#2221,.F.);
#2221 = EDGE_CURVE('',#2047,#2214,#2222,.T.);
#2222 = LINE('',#2223,#2224);
#2223 = CARTESIAN_POINT('',(-0.955,0.6,4.5E-02));
#2224 = VECTOR('',#2225,1.);
#2225 = DIRECTION('',(1.,0.,0.));
#2226 = PLANE('',#2227);
#2227 = AXIS2_PLACEMENT_3D('',#2228,#2229,#2230);
#2228 = CARTESIAN_POINT('',(-0.955,0.6,4.5E-02));
#2229 = DIRECTION('',(0.,1.,0.));
#2230 = DIRECTION('',(0.,-0.,1.));
#2231 = ADVANCED_FACE('',(#2232),#2243,.F.);
#2232 = FACE_BOUND('',#2233,.F.);
#2233 = EDGE_LOOP('',(#2234,#2235,#2236,#2242));
#2234 = ORIENTED_EDGE('',*,*,#2089,.F.);
#2235 = ORIENTED_EDGE('',*,*,#2138,.T.);
#2236 = ORIENTED_EDGE('',*,*,#2237,.T.);
#2237 = EDGE_CURVE('',#2131,#2214,#2238,.T.);
#2238 = LINE('',#2239,#2240);
#2239 = CARTESIAN_POINT('',(0.7,-0.6,4.5E-02));
#2240 = VECTOR('',#2241,1.);
#2241 = DIRECTION('',(0.,1.,0.));
#2242 = ORIENTED_EDGE('',*,*,#2221,.F.);
#2243 = PLANE('',#2244);
#2244 = AXIS2_PLACEMENT_3D('',#2245,#2246,#2247);
#2245 = CARTESIAN_POINT('',(-0.955,-0.6,4.5E-02));
#2246 = DIRECTION('',(0.,0.,1.));
#2247 = DIRECTION('',(1.,0.,-0.));
#2248 = ADVANCED_FACE('',(#2249),#2312,.F.);
#2249 = FACE_BOUND('',#2250,.F.);
#2250 = EDGE_LOOP('',(#2251,#2261,#2268,#2269,#2270,#2271,#2280,#2288,
    #2297,#2305));
#2251 = ORIENTED_EDGE('',*,*,#2252,.F.);
#2252 = EDGE_CURVE('',#2253,#2255,#2257,.T.);
#2253 = VERTEX_POINT('',#2254);
#2254 = CARTESIAN_POINT('',(0.745,-0.6,-2.775557561563E-17));
#2255 = VERTEX_POINT('',#2256);
#2256 = CARTESIAN_POINT('',(0.955,-0.6,-2.775557561563E-17));
#2257 = LINE('',#2258,#2259);
#2258 = CARTESIAN_POINT('',(0.7,-0.6,0.));
#2259 = VECTOR('',#2260,1.);
#2260 = DIRECTION('',(1.,0.,0.));
#2261 = ORIENTED_EDGE('',*,*,#2262,.F.);
#2262 = EDGE_CURVE('',#2131,#2253,#2263,.T.);
#2263 = CIRCLE('',#2264,4.5E-02);
#2264 = AXIS2_PLACEMENT_3D('',#2265,#2266,#2267);
#2265 = CARTESIAN_POINT('',(0.745,-0.6,4.5E-02));
#2266 = DIRECTION('',(0.,-1.,0.));
#2267 = DIRECTION('',(0.,0.,1.));
#2268 = ORIENTED_EDGE('',*,*,#2130,.T.);
#2269 = ORIENTED_EDGE('',*,*,#2122,.T.);
#2270 = ORIENTED_EDGE('',*,*,#2114,.F.);
#2271 = ORIENTED_EDGE('',*,*,#2272,.T.);
#2272 = EDGE_CURVE('',#2107,#2273,#2275,.T.);
#2273 = VERTEX_POINT('',#2274);
#2274 = CARTESIAN_POINT('',(0.745,-0.6,0.45));
#2275 = CIRCLE('',#2276,4.5E-02);
#2276 = AXIS2_PLACEMENT_3D('',#2277,#2278,#2279);
#2277 = CARTESIAN_POINT('',(0.745,-0.6,0.405));
#2278 = DIRECTION('',(0.,1.,0.));
#2279 = DIRECTION('',(0.,-0.,1.));
#2280 = ORIENTED_EDGE('',*,*,#2281,.T.);
#2281 = EDGE_CURVE('',#2273,#2282,#2284,.T.);
#2282 = VERTEX_POINT('',#2283);
#2283 = CARTESIAN_POINT('',(0.955,-0.6,0.45));
#2284 = LINE('',#2285,#2286);
#2285 = CARTESIAN_POINT('',(0.7,-0.6,0.45));
#2286 = VECTOR('',#2287,1.);
#2287 = DIRECTION('',(1.,0.,0.));
#2288 = ORIENTED_EDGE('',*,*,#2289,.F.);
#2289 = EDGE_CURVE('',#2290,#2282,#2292,.T.);
#2290 = VERTEX_POINT('',#2291);
#2291 = CARTESIAN_POINT('',(1.,-0.6,0.405));
#2292 = CIRCLE('',#2293,4.5E-02);
#2293 = AXIS2_PLACEMENT_3D('',#2294,#2295,#2296);
#2294 = CARTESIAN_POINT('',(0.955,-0.6,0.405));
#2295 = DIRECTION('',(0.,-1.,0.));
#2296 = DIRECTION('',(0.,0.,1.));
#2297 = ORIENTED_EDGE('',*,*,#2298,.F.);
#2298 = EDGE_CURVE('',#2299,#2290,#2301,.T.);
#2299 = VERTEX_POINT('',#2300);
#2300 = CARTESIAN_POINT('',(1.,-0.6,4.5E-02));
#2301 = LINE('',#2302,#2303);
#2302 = CARTESIAN_POINT('',(1.,-0.6,0.));
#2303 = VECTOR('',#2304,1.);
#2304 = DIRECTION('',(0.,0.,1.));
#2305 = ORIENTED_EDGE('',*,*,#2306,.T.);
#2306 = EDGE_CURVE('',#2299,#2255,#2307,.T.);
#2307 = CIRCLE('',#2308,4.5E-02);
#2308 = AXIS2_PLACEMENT_3D('',#2309,#2310,#2311);
#2309 = CARTESIAN_POINT('',(0.955,-0.6,4.5E-02));
#2310 = DIRECTION('',(0.,1.,0.));
#2311 = DIRECTION('',(0.,-0.,1.));
#2312 = PLANE('',#2313);
#2313 = AXIS2_PLACEMENT_3D('',#2314,#2315,#2316);
#2314 = CARTESIAN_POINT('',(0.7,-0.6,0.));
#2315 = DIRECTION('',(0.,1.,0.));
#2316 = DIRECTION('',(0.,-0.,1.));
#2317 = ADVANCED_FACE('',(#2318),#2343,.F.);
#2318 = FACE_BOUND('',#2319,.F.);
#2319 = EDGE_LOOP('',(#2320,#2321,#2329,#2337));
#2320 = ORIENTED_EDGE('',*,*,#2106,.F.);
#2321 = ORIENTED_EDGE('',*,*,#2322,.T.);
#2322 = EDGE_CURVE('',#1905,#2323,#2325,.T.);
#2323 = VERTEX_POINT('',#2324);
#2324 = CARTESIAN_POINT('',(-0.7,-0.6,0.45));
#2325 = LINE('',#2326,#2327);
#2326 = CARTESIAN_POINT('',(-0.7,-0.6,0.405));
#2327 = VECTOR('',#2328,1.);
#2328 = DIRECTION('',(0.,0.,1.));
#2329 = ORIENTED_EDGE('',*,*,#2330,.T.);
#2330 = EDGE_CURVE('',#2323,#2331,#2333,.T.);
#2331 = VERTEX_POINT('',#2332);
#2332 = CARTESIAN_POINT('',(0.7,-0.6,0.45));
#2333 = LINE('',#2334,#2335);
#2334 = CARTESIAN_POINT('',(-0.7,-0.6,0.45));
#2335 = VECTOR('',#2336,1.);
#2336 = DIRECTION('',(1.,0.,0.));
#2337 = ORIENTED_EDGE('',*,*,#2338,.F.);
#2338 = EDGE_CURVE('',#2107,#2331,#2339,.T.);
#2339 = LINE('',#2340,#2341);
#2340 = CARTESIAN_POINT('',(0.7,-0.6,0.405));
#2341 = VECTOR('',#2342,1.);
#2342 = DIRECTION('',(0.,0.,1.));
#2343 = PLANE('',#2344);
#2344 = AXIS2_PLACEMENT_3D('',#2345,#2346,#2347);
#2345 = CARTESIAN_POINT('',(-0.7,-0.6,0.405));
#2346 = DIRECTION('',(0.,1.,0.));
#2347 = DIRECTION('',(0.,-0.,1.));
#2348 = ADVANCED_FACE('',(#2349),#2367,.F.);
#2349 = FACE_BOUND('',#2350,.F.);
#2350 = EDGE_LOOP('',(#2351,#2352,#2353,#2361));
#2351 = ORIENTED_EDGE('',*,*,#2322,.F.);
#2352 = ORIENTED_EDGE('',*,*,#2169,.T.);
#2353 = ORIENTED_EDGE('',*,*,#2354,.T.);
#2354 = EDGE_CURVE('',#2022,#2355,#2357,.T.);
#2355 = VERTEX_POINT('',#2356);
#2356 = CARTESIAN_POINT('',(-0.7,0.6,0.45));
#2357 = LINE('',#2358,#2359);
#2358 = CARTESIAN_POINT('',(-0.7,0.6,0.405));
#2359 = VECTOR('',#2360,1.);
#2360 = DIRECTION('',(0.,0.,1.));
#2361 = ORIENTED_EDGE('',*,*,#2362,.F.);
#2362 = EDGE_CURVE('',#2323,#2355,#2363,.T.);
#2363 = LINE('',#2364,#2365);
#2364 = CARTESIAN_POINT('',(-0.7,-0.6,0.45));
#2365 = VECTOR('',#2366,1.);
#2366 = DIRECTION('',(0.,1.,0.));
#2367 = PLANE('',#2368);
#2368 = AXIS2_PLACEMENT_3D('',#2369,#2370,#2371);
#2369 = CARTESIAN_POINT('',(-0.7,-0.6,0.405));
#2370 = DIRECTION('',(1.,0.,0.));
#2371 = DIRECTION('',(0.,0.,1.));
#2372 = ADVANCED_FACE('',(#2373),#2436,.T.);
#2373 = FACE_BOUND('',#2374,.T.);
#2374 = EDGE_LOOP('',(#2375,#2385,#2392,#2393,#2394,#2395,#2404,#2412,
    #2421,#2429));
#2375 = ORIENTED_EDGE('',*,*,#2376,.F.);
#2376 = EDGE_CURVE('',#2377,#2379,#2381,.T.);
#2377 = VERTEX_POINT('',#2378);
#2378 = CARTESIAN_POINT('',(0.745,0.6,-2.775557561563E-17));
#2379 = VERTEX_POINT('',#2380);
#2380 = CARTESIAN_POINT('',(0.955,0.6,-2.775557561563E-17));
#2381 = LINE('',#2382,#2383);
#2382 = CARTESIAN_POINT('',(0.7,0.6,0.));
#2383 = VECTOR('',#2384,1.);
#2384 = DIRECTION('',(1.,0.,0.));
#2385 = ORIENTED_EDGE('',*,*,#2386,.F.);
#2386 = EDGE_CURVE('',#2214,#2377,#2387,.T.);
#2387 = CIRCLE('',#2388,4.5E-02);
#2388 = AXIS2_PLACEMENT_3D('',#2389,#2390,#2391);
#2389 = CARTESIAN_POINT('',(0.745,0.6,4.5E-02));
#2390 = DIRECTION('',(0.,-1.,0.));
#2391 = DIRECTION('',(0.,0.,1.));
#2392 = ORIENTED_EDGE('',*,*,#2213,.T.);
#2393 = ORIENTED_EDGE('',*,*,#2205,.T.);
#2394 = ORIENTED_EDGE('',*,*,#2197,.F.);
#2395 = ORIENTED_EDGE('',*,*,#2396,.T.);
#2396 = EDGE_CURVE('',#2190,#2397,#2399,.T.);
#2397 = VERTEX_POINT('',#2398);
#2398 = CARTESIAN_POINT('',(0.745,0.6,0.45));
#2399 = CIRCLE('',#2400,4.5E-02);
#2400 = AXIS2_PLACEMENT_3D('',#2401,#2402,#2403);
#2401 = CARTESIAN_POINT('',(0.745,0.6,0.405));
#2402 = DIRECTION('',(0.,1.,0.));
#2403 = DIRECTION('',(0.,-0.,1.));
#2404 = ORIENTED_EDGE('',*,*,#2405,.T.);
#2405 = EDGE_CURVE('',#2397,#2406,#2408,.T.);
#2406 = VERTEX_POINT('',#2407);
#2407 = CARTESIAN_POINT('',(0.955,0.6,0.45));
#2408 = LINE('',#2409,#2410);
#2409 = CARTESIAN_POINT('',(0.7,0.6,0.45));
#2410 = VECTOR('',#2411,1.);
#2411 = DIRECTION('',(1.,0.,0.));
#2412 = ORIENTED_EDGE('',*,*,#2413,.F.);
#2413 = EDGE_CURVE('',#2414,#2406,#2416,.T.);
#2414 = VERTEX_POINT('',#2415);
#2415 = CARTESIAN_POINT('',(1.,0.6,0.405));
#2416 = CIRCLE('',#2417,4.5E-02);
#2417 = AXIS2_PLACEMENT_3D('',#2418,#2419,#2420);
#2418 = CARTESIAN_POINT('',(0.955,0.6,0.405));
#2419 = DIRECTION('',(0.,-1.,0.));
#2420 = DIRECTION('',(0.,0.,1.));
#2421 = ORIENTED_EDGE('',*,*,#2422,.F.);
#2422 = EDGE_CURVE('',#2423,#2414,#2425,.T.);
#2423 = VERTEX_POINT('',#2424);
#2424 = CARTESIAN_POINT('',(1.,0.6,4.5E-02));
#2425 = LINE('',#2426,#2427);
#2426 = CARTESIAN_POINT('',(1.,0.6,0.));
#2427 = VECTOR('',#2428,1.);
#2428 = DIRECTION('',(0.,0.,1.));
#2429 = ORIENTED_EDGE('',*,*,#2430,.T.);
#2430 = EDGE_CURVE('',#2423,#2379,#2431,.T.);
#2431 = CIRCLE('',#2432,4.5E-02);
#2432 = AXIS2_PLACEMENT_3D('',#2433,#2434,#2435);
#2433 = CARTESIAN_POINT('',(0.955,0.6,4.5E-02));
#2434 = DIRECTION('',(0.,1.,0.));
#2435 = DIRECTION('',(0.,-0.,1.));
#2436 = PLANE('',#2437);
#2437 = AXIS2_PLACEMENT_3D('',#2438,#2439,#2440);
#2438 = CARTESIAN_POINT('',(0.7,0.6,0.));
#2439 = DIRECTION('',(0.,1.,0.));
#2440 = DIRECTION('',(0.,-0.,1.));
#2441 = ADVANCED_FACE('',(#2442),#2460,.T.);
#2442 = FACE_BOUND('',#2443,.T.);
#2443 = EDGE_LOOP('',(#2444,#2445,#2446,#2454));
#2444 = ORIENTED_EDGE('',*,*,#2189,.F.);
#2445 = ORIENTED_EDGE('',*,*,#2354,.T.);
#2446 = ORIENTED_EDGE('',*,*,#2447,.T.);
#2447 = EDGE_CURVE('',#2355,#2448,#2450,.T.);
#2448 = VERTEX_POINT('',#2449);
#2449 = CARTESIAN_POINT('',(0.7,0.6,0.45));
#2450 = LINE('',#2451,#2452);
#2451 = CARTESIAN_POINT('',(-0.7,0.6,0.45));
#2452 = VECTOR('',#2453,1.);
#2453 = DIRECTION('',(1.,0.,0.));
#2454 = ORIENTED_EDGE('',*,*,#2455,.F.);
#2455 = EDGE_CURVE('',#2190,#2448,#2456,.T.);
#2456 = LINE('',#2457,#2458);
#2457 = CARTESIAN_POINT('',(0.7,0.6,0.405));
#2458 = VECTOR('',#2459,1.);
#2459 = DIRECTION('',(0.,0.,1.));
#2460 = PLANE('',#2461);
#2461 = AXIS2_PLACEMENT_3D('',#2462,#2463,#2464);
#2462 = CARTESIAN_POINT('',(-0.7,0.6,0.405));
#2463 = DIRECTION('',(0.,1.,0.));
#2464 = DIRECTION('',(0.,-0.,1.));
#2465 = ADVANCED_FACE('',(#2466),#2477,.T.);
#2466 = FACE_BOUND('',#2467,.T.);
#2467 = EDGE_LOOP('',(#2468,#2469,#2470,#2476));
#2468 = ORIENTED_EDGE('',*,*,#2237,.T.);
#2469 = ORIENTED_EDGE('',*,*,#2386,.T.);
#2470 = ORIENTED_EDGE('',*,*,#2471,.F.);
#2471 = EDGE_CURVE('',#2253,#2377,#2472,.T.);
#2472 = LINE('',#2473,#2474);
#2473 = CARTESIAN_POINT('',(0.745,-0.6,-2.775557561563E-17));
#2474 = VECTOR('',#2475,1.);
#2475 = DIRECTION('',(0.,1.,0.));
#2476 = ORIENTED_EDGE('',*,*,#2262,.F.);
#2477 = CYLINDRICAL_SURFACE('',#2478,4.5E-02);
#2478 = AXIS2_PLACEMENT_3D('',#2479,#2480,#2481);
#2479 = CARTESIAN_POINT('',(0.745,-0.6,4.5E-02));
#2480 = DIRECTION('',(0.,1.,0.));
#2481 = DIRECTION('',(-1.,0.,0.));
#2482 = ADVANCED_FACE('',(#2483),#2494,.F.);
#2483 = FACE_BOUND('',#2484,.F.);
#2484 = EDGE_LOOP('',(#2485,#2486,#2487,#2488));
#2485 = ORIENTED_EDGE('',*,*,#2376,.F.);
#2486 = ORIENTED_EDGE('',*,*,#2471,.F.);
#2487 = ORIENTED_EDGE('',*,*,#2252,.T.);
#2488 = ORIENTED_EDGE('',*,*,#2489,.T.);
#2489 = EDGE_CURVE('',#2255,#2379,#2490,.T.);
#2490 = LINE('',#2491,#2492);
#2491 = CARTESIAN_POINT('',(0.955,-0.6,-2.775557561563E-17));
#2492 = VECTOR('',#2493,1.);
#2493 = DIRECTION('',(0.,1.,0.));
#2494 = PLANE('',#2495);
#2495 = AXIS2_PLACEMENT_3D('',#2496,#2497,#2498);
#2496 = CARTESIAN_POINT('',(0.7,-0.6,0.));
#2497 = DIRECTION('',(0.,0.,1.));
#2498 = DIRECTION('',(1.,0.,-0.));
#2499 = ADVANCED_FACE('',(#2500),#2511,.T.);
#2500 = FACE_BOUND('',#2501,.T.);
#2501 = EDGE_LOOP('',(#2502,#2503,#2504,#2505));
#2502 = ORIENTED_EDGE('',*,*,#2306,.T.);
#2503 = ORIENTED_EDGE('',*,*,#2489,.T.);
#2504 = ORIENTED_EDGE('',*,*,#2430,.F.);
#2505 = ORIENTED_EDGE('',*,*,#2506,.F.);
#2506 = EDGE_CURVE('',#2299,#2423,#2507,.T.);
#2507 = LINE('',#2508,#2509);
#2508 = CARTESIAN_POINT('',(1.,-0.6,4.5E-02));
#2509 = VECTOR('',#2510,1.);
#2510 = DIRECTION('',(0.,1.,0.));
#2511 = CYLINDRICAL_SURFACE('',#2512,4.5E-02);
#2512 = AXIS2_PLACEMENT_3D('',#2513,#2514,#2515);
#2513 = CARTESIAN_POINT('',(0.955,-0.6,4.5E-02));
#2514 = DIRECTION('',(0.,1.,0.));
#2515 = DIRECTION('',(1.,0.,0.));
#2516 = ADVANCED_FACE('',(#2517),#2528,.T.);
#2517 = FACE_BOUND('',#2518,.T.);
#2518 = EDGE_LOOP('',(#2519,#2520,#2521,#2522));
#2519 = ORIENTED_EDGE('',*,*,#2298,.F.);
#2520 = ORIENTED_EDGE('',*,*,#2506,.T.);
#2521 = ORIENTED_EDGE('',*,*,#2422,.T.);
#2522 = ORIENTED_EDGE('',*,*,#2523,.F.);
#2523 = EDGE_CURVE('',#2290,#2414,#2524,.T.);
#2524 = LINE('',#2525,#2526);
#2525 = CARTESIAN_POINT('',(1.,-0.6,0.405));
#2526 = VECTOR('',#2527,1.);
#2527 = DIRECTION('',(0.,1.,0.));
#2528 = PLANE('',#2529);
#2529 = AXIS2_PLACEMENT_3D('',#2530,#2531,#2532);
#2530 = CARTESIAN_POINT('',(1.,-0.6,0.));
#2531 = DIRECTION('',(1.,0.,0.));
#2532 = DIRECTION('',(0.,0.,1.));
#2533 = ADVANCED_FACE('',(#2534),#2545,.T.);
#2534 = FACE_BOUND('',#2535,.T.);
#2535 = EDGE_LOOP('',(#2536,#2537,#2538,#2544));
#2536 = ORIENTED_EDGE('',*,*,#2523,.T.);
#2537 = ORIENTED_EDGE('',*,*,#2413,.T.);
#2538 = ORIENTED_EDGE('',*,*,#2539,.F.);
#2539 = EDGE_CURVE('',#2282,#2406,#2540,.T.);
#2540 = LINE('',#2541,#2542);
#2541 = CARTESIAN_POINT('',(0.955,-0.6,0.45));
#2542 = VECTOR('',#2543,1.);
#2543 = DIRECTION('',(0.,1.,0.));
#2544 = ORIENTED_EDGE('',*,*,#2289,.F.);
#2545 = CYLINDRICAL_SURFACE('',#2546,4.5E-02);
#2546 = AXIS2_PLACEMENT_3D('',#2547,#2548,#2549);
#2547 = CARTESIAN_POINT('',(0.955,-0.6,0.405));
#2548 = DIRECTION('',(0.,1.,0.));
#2549 = DIRECTION('',(1.,0.,0.));
#2550 = ADVANCED_FACE('',(#2551),#2562,.T.);
#2551 = FACE_BOUND('',#2552,.T.);
#2552 = EDGE_LOOP('',(#2553,#2554,#2560,#2561));
#2553 = ORIENTED_EDGE('',*,*,#2405,.F.);
#2554 = ORIENTED_EDGE('',*,*,#2555,.F.);
#2555 = EDGE_CURVE('',#2273,#2397,#2556,.T.);
#2556 = LINE('',#2557,#2558);
#2557 = CARTESIAN_POINT('',(0.745,-0.6,0.45));
#2558 = VECTOR('',#2559,1.);
#2559 = DIRECTION('',(0.,1.,0.));
#2560 = ORIENTED_EDGE('',*,*,#2281,.T.);
#2561 = ORIENTED_EDGE('',*,*,#2539,.T.);
#2562 = PLANE('',#2563);
#2563 = AXIS2_PLACEMENT_3D('',#2564,#2565,#2566);
#2564 = CARTESIAN_POINT('',(0.7,-0.6,0.45));
#2565 = DIRECTION('',(0.,0.,1.));
#2566 = DIRECTION('',(1.,0.,-0.));
#2567 = ADVANCED_FACE('',(#2568),#2579,.T.);
#2568 = FACE_BOUND('',#2569,.T.);
#2569 = EDGE_LOOP('',(#2570,#2571,#2572,#2573));
#2570 = ORIENTED_EDGE('',*,*,#2272,.T.);
#2571 = ORIENTED_EDGE('',*,*,#2555,.T.);
#2572 = ORIENTED_EDGE('',*,*,#2396,.F.);
#2573 = ORIENTED_EDGE('',*,*,#2574,.F.);
#2574 = EDGE_CURVE('',#2107,#2190,#2575,.T.);
#2575 = LINE('',#2576,#2577);
#2576 = CARTESIAN_POINT('',(0.7,-0.6,0.405));
#2577 = VECTOR('',#2578,1.);
#2578 = DIRECTION('',(0.,1.,0.));
#2579 = CYLINDRICAL_SURFACE('',#2580,4.5E-02);
#2580 = AXIS2_PLACEMENT_3D('',#2581,#2582,#2583);
#2581 = CARTESIAN_POINT('',(0.745,-0.6,0.405));
#2582 = DIRECTION('',(0.,1.,0.));
#2583 = DIRECTION('',(-1.,0.,0.));
#2584 = ADVANCED_FACE('',(#2585),#2596,.T.);
#2585 = FACE_BOUND('',#2586,.T.);
#2586 = EDGE_LOOP('',(#2587,#2588,#2589,#2590));
#2587 = ORIENTED_EDGE('',*,*,#2338,.F.);
#2588 = ORIENTED_EDGE('',*,*,#2574,.T.);
#2589 = ORIENTED_EDGE('',*,*,#2455,.T.);
#2590 = ORIENTED_EDGE('',*,*,#2591,.F.);
#2591 = EDGE_CURVE('',#2331,#2448,#2592,.T.);
#2592 = LINE('',#2593,#2594);
#2593 = CARTESIAN_POINT('',(0.7,-0.6,0.45));
#2594 = VECTOR('',#2595,1.);
#2595 = DIRECTION('',(0.,1.,0.));
#2596 = PLANE('',#2597);
#2597 = AXIS2_PLACEMENT_3D('',#2598,#2599,#2600);
#2598 = CARTESIAN_POINT('',(0.7,-0.6,0.405));
#2599 = DIRECTION('',(1.,0.,0.));
#2600 = DIRECTION('',(0.,0.,1.));
#2601 = ADVANCED_FACE('',(#2602),#2608,.T.);
#2602 = FACE_BOUND('',#2603,.T.);
#2603 = EDGE_LOOP('',(#2604,#2605,#2606,#2607));
#2604 = ORIENTED_EDGE('',*,*,#2362,.F.);
#2605 = ORIENTED_EDGE('',*,*,#2330,.T.);
#2606 = ORIENTED_EDGE('',*,*,#2591,.T.);
#2607 = ORIENTED_EDGE('',*,*,#2447,.F.);
#2608 = PLANE('',#2609);
#2609 = AXIS2_PLACEMENT_3D('',#2610,#2611,#2612);
#2610 = CARTESIAN_POINT('',(-0.7,-0.6,0.45));
#2611 = DIRECTION('',(0.,0.,1.));
#2612 = DIRECTION('',(1.,0.,-0.));
#2613 = ( GEOMETRIC_REPRESENTATION_CONTEXT(3) 
GLOBAL_UNCERTAINTY_ASSIGNED_CONTEXT((#2617)) 
GLOBAL_UNIT_ASSIGNED_CONTEXT((#2614,#2615,#2616)) REPRESENTATION_CONTEXT
('Context #1','3D Context with UNIT and UNCERTAINTY') );
#2614 = ( LENGTH_UNIT() NAMED_UNIT(*) SI_UNIT(.MILLI.,.METRE.) );
#2615 = ( NAMED_UNIT(*) PLANE_ANGLE_UNIT() SI_UNIT($,.RADIAN.) );
#2616 = ( NAMED_UNIT(*) SI_UNIT($,.STERADIAN.) SOLID_ANGLE_UNIT() );
#2617 = UNCERTAINTY_MEASURE_WITH_UNIT(LENGTH_MEASURE(1.E-07),#2614,
  'distance_accuracy_value','confusion accuracy');
#2618 = CONTEXT_DEPENDENT_SHAPE_REPRESENTATION(#2619,#2621);
#2619 = ( REPRESENTATION_RELATIONSHIP('','',#1822,#10) 
REPRESENTATION_RELATIONSHIP_WITH_TRANSFORMATION(#2620) 
SHAPE_REPRESENTATION_RELATIONSHIP() );
#2620 = ITEM_DEFINED_TRANSFORMATION('','',#11,#23);
#2621 = PRODUCT_DEFINITION_SHAPE('Placement','Placement of an item',
  #2622);
#2622 = NEXT_ASSEMBLY_USAGE_OCCURRENCE('3','R3','',#5,#1817,$);
#2623 = PRODUCT_RELATED_PRODUCT_CATEGORY('part',$,(#1819));
#2624 = CONTEXT_DEPENDENT_SHAPE_REPRESENTATION(#2625,#2627);
#2625 = ( REPRESENTATION_RELATIONSHIP('','',#76,#10) 
REPRESENTATION_RELATIONSHIP_WITH_TRANSFORMATION(#2626) 
SHAPE_REPRESENTATION_RELATIONSHIP() );
#2626 = ITEM_DEFINED_TRANSFORMATION('','',#11,#27);
#2627 = PRODUCT_DEFINITION_SHAPE('Placement','Placement of an item',
  #2628);
#2628 = NEXT_ASSEMBLY_USAGE_OCCURRENCE('4','C2','',#5,#71,$);
#2629 = CONTEXT_DEPENDENT_SHAPE_REPRESENTATION(#2630,#2632);
#2630 = ( REPRESENTATION_RELATIONSHIP('','',#949,#10) 
REPRESENTATION_RELATIONSHIP_WITH_TRANSFORMATION(#2631) 
SHAPE_REPRESENTATION_RELATIONSHIP() );
#2631 = ITEM_DEFINED_TRANSFORMATION('','',#11,#31);
#2632 = PRODUCT_DEFINITION_SHAPE('Placement','Placement of an item',
  #2633);
#2633 = NEXT_ASSEMBLY_USAGE_OCCURRENCE('5','FB2','',#5,#944,$);
#2634 = CONTEXT_DEPENDENT_SHAPE_REPRESENTATION(#2635,#2637);
#2635 = ( REPRESENTATION_RELATIONSHIP('','',#76,#10) 
REPRESENTATION_RELATIONSHIP_WITH_TRANSFORMATION(#2636) 
SHAPE_REPRESENTATION_RELATIONSHIP() );
#2636 = ITEM_DEFINED_TRANSFORMATION('','',#11,#35);
#2637 = PRODUCT_DEFINITION_SHAPE('Placement','Placement of an item',
  #2638);
#2638 = NEXT_ASSEMBLY_USAGE_OCCURRENCE('6','C4','',#5,#71,$);
#2639 = CONTEXT_DEPENDENT_SHAPE_REPRESENTATION(#2640,#2642);
#2640 = ( REPRESENTATION_RELATIONSHIP('','',#76,#10) 
REPRESENTATION_RELATIONSHIP_WITH_TRANSFORMATION(#2641) 
SHAPE_REPRESENTATION_RELATIONSHIP() );
#2641 = ITEM_DEFINED_TRANSFORMATION('','',#11,#39);
#2642 = PRODUCT_DEFINITION_SHAPE('Placement','Placement of an item',
  #2643);
#2643 = NEXT_ASSEMBLY_USAGE_OCCURRENCE('7','C1','',#5,#71,$);
#2644 = SHAPE_DEFINITION_REPRESENTATION(#2645,#2651);
#2645 = PRODUCT_DEFINITION_SHAPE('','',#2646);
#2646 = PRODUCT_DEFINITION('design','',#2647,#2650);
#2647 = PRODUCT_DEFINITION_FORMATION('','',#2648);
#2648 = PRODUCT('SW_PUSH_6mm_H5mm','SW_PUSH_6mm_H5mm','',(#2649));
#2649 = PRODUCT_CONTEXT('',#2,'mechanical');
#2650 = PRODUCT_DEFINITION_CONTEXT('part definition',#2,'design');
#2651 = ADVANCED_BREP_SHAPE_REPRESENTATION('',(#11,#2652),#5881);
#2652 = MANIFOLD_SOLID_BREP('',#2653);
#2653 = CLOSED_SHELL('',(#2654,#2671,#2696,#2819,#2850,#2875,#2900,#2924
    ,#2948,#2973,#2998,#3015,#3040,#3065,#3090,#3115,#3146,#3171,#3196,
    #3284,#3372,#3397,#3422,#3439,#3448,#3474,#3483,#3492,#3536,#3686,
    #3710,#3853,#4003,#4153,#4170,#4320,#4344,#4487,#4637,#4787,#4804,
    #4813,#4830,#4847,#4864,#4881,#4903,#4920,#4937,#4954,#4971,#4983,
    #5000,#5017,#5034,#5051,#5068,#5085,#5102,#5119,#5131,#5153,#5170,
    #5187,#5204,#5221,#5233,#5250,#5267,#5284,#5301,#5318,#5335,#5352,
    #5369,#5381,#5403,#5420,#5437,#5454,#5471,#5483,#5500,#5517,#5534,
    #5551,#5568,#5585,#5602,#5619,#5631,#5653,#5670,#5687,#5704,#5721,
    #5733,#5750,#5767,#5784,#5801,#5818,#5835,#5852,#5869));
#2654 = ADVANCED_FACE('',(#2655),#2666,.F.);
#2655 = FACE_BOUND('',#2656,.T.);
#2656 = EDGE_LOOP('',(#2657));
#2657 = ORIENTED_EDGE('',*,*,#2658,.T.);
#2658 = EDGE_CURVE('',#2659,#2659,#2661,.T.);
#2659 = VERTEX_POINT('',#2660);
#2660 = CARTESIAN_POINT('',(1.65,-4.25,4.1));
#2661 = CIRCLE('',#2662,0.5);
#2662 = AXIS2_PLACEMENT_3D('',#2663,#2664,#2665);
#2663 = CARTESIAN_POINT('',(1.15,-4.25,4.1));
#2664 = DIRECTION('',(0.,0.,1.));
#2665 = DIRECTION('',(1.,0.,-0.));
#2666 = PLANE('',#2667);
#2667 = AXIS2_PLACEMENT_3D('',#2668,#2669,#2670);
#2668 = CARTESIAN_POINT('',(1.65,-4.25,4.1));
#2669 = DIRECTION('',(0.,0.,-1.));
#2670 = DIRECTION('',(-1.,0.,0.));
#2671 = ADVANCED_FACE('',(#2672),#2691,.T.);
#2672 = FACE_BOUND('',#2673,.T.);
#2673 = EDGE_LOOP('',(#2674,#2682,#2683,#2684));
#2674 = ORIENTED_EDGE('',*,*,#2675,.T.);
#2675 = EDGE_CURVE('',#2676,#2659,#2678,.T.);
#2676 = VERTEX_POINT('',#2677);
#2677 = CARTESIAN_POINT('',(1.65,-4.25,3.6));
#2678 = LINE('',#2679,#2680);
#2679 = CARTESIAN_POINT('',(1.65,-4.25,3.5));
#2680 = VECTOR('',#2681,1.);
#2681 = DIRECTION('',(0.,0.,1.));
#2682 = ORIENTED_EDGE('',*,*,#2658,.F.);
#2683 = ORIENTED_EDGE('',*,*,#2675,.F.);
#2684 = ORIENTED_EDGE('',*,*,#2685,.F.);
#2685 = EDGE_CURVE('',#2676,#2676,#2686,.T.);
#2686 = CIRCLE('',#2687,0.5);
#2687 = AXIS2_PLACEMENT_3D('',#2688,#2689,#2690);
#2688 = CARTESIAN_POINT('',(1.15,-4.25,3.6));
#2689 = DIRECTION('',(0.,0.,-1.));
#2690 = DIRECTION('',(1.,0.,0.));
#2691 = CYLINDRICAL_SURFACE('',#2692,0.5);
#2692 = AXIS2_PLACEMENT_3D('',#2693,#2694,#2695);
#2693 = CARTESIAN_POINT('',(1.15,-4.25,3.5));
#2694 = DIRECTION('',(-0.,-0.,-1.));
#2695 = DIRECTION('',(1.,0.,0.));
#2696 = ADVANCED_FACE('',(#2697,#2767,#2778,#2789,#2800,#2811),#2814,.F.
  );
#2697 = FACE_BOUND('',#2698,.F.);
#2698 = EDGE_LOOP('',(#2699,#2709,#2718,#2726,#2735,#2743,#2752,#2760));
#2699 = ORIENTED_EDGE('',*,*,#2700,.F.);
#2700 = EDGE_CURVE('',#2701,#2703,#2705,.T.);
#2701 = VERTEX_POINT('',#2702);
#2702 = CARTESIAN_POINT('',(0.45,-5.25,3.6));
#2703 = VERTEX_POINT('',#2704);
#2704 = CARTESIAN_POINT('',(5.85,-5.25,3.6));
#2705 = LINE('',#2706,#2707);
#2706 = CARTESIAN_POINT('',(0.15,-5.25,3.6));
#2707 = VECTOR('',#2708,1.);
#2708 = DIRECTION('',(1.,0.,0.));
#2709 = ORIENTED_EDGE('',*,*,#2710,.T.);
#2710 = EDGE_CURVE('',#2701,#2711,#2713,.T.);
#2711 = VERTEX_POINT('',#2712);
#2712 = CARTESIAN_POINT('',(0.15,-4.95,3.6));
#2713 = CIRCLE('',#2714,0.3);
#2714 = AXIS2_PLACEMENT_3D('',#2715,#2716,#2717);
#2715 = CARTESIAN_POINT('',(0.45,-4.95,3.6));
#2716 = DIRECTION('',(-0.,-0.,-1.));
#2717 = DIRECTION('',(0.,-1.,0.));
#2718 = ORIENTED_EDGE('',*,*,#2719,.F.);
#2719 = EDGE_CURVE('',#2720,#2711,#2722,.T.);
#2720 = VERTEX_POINT('',#2721);
#2721 = CARTESIAN_POINT('',(0.15,0.45,3.6));
#2722 = LINE('',#2723,#2724);
#2723 = CARTESIAN_POINT('',(0.15,0.75,3.6));
#2724 = VECTOR('',#2725,1.);
#2725 = DIRECTION('',(0.,-1.,0.));
#2726 = ORIENTED_EDGE('',*,*,#2727,.F.);
#2727 = EDGE_CURVE('',#2728,#2720,#2730,.T.);
#2728 = VERTEX_POINT('',#2729);
#2729 = CARTESIAN_POINT('',(0.45,0.75,3.6));
#2730 = CIRCLE('',#2731,0.3);
#2731 = AXIS2_PLACEMENT_3D('',#2732,#2733,#2734);
#2732 = CARTESIAN_POINT('',(0.45,0.45,3.6));
#2733 = DIRECTION('',(-0.,0.,1.));
#2734 = DIRECTION('',(0.,-1.,0.));
#2735 = ORIENTED_EDGE('',*,*,#2736,.F.);
#2736 = EDGE_CURVE('',#2737,#2728,#2739,.T.);
#2737 = VERTEX_POINT('',#2738);
#2738 = CARTESIAN_POINT('',(5.85,0.75,3.6));
#2739 = LINE('',#2740,#2741);
#2740 = CARTESIAN_POINT('',(6.15,0.75,3.6));
#2741 = VECTOR('',#2742,1.);
#2742 = DIRECTION('',(-1.,0.,0.));
#2743 = ORIENTED_EDGE('',*,*,#2744,.F.);
#2744 = EDGE_CURVE('',#2745,#2737,#2747,.T.);
#2745 = VERTEX_POINT('',#2746);
#2746 = CARTESIAN_POINT('',(6.15,0.45,3.6));
#2747 = CIRCLE('',#2748,0.3);
#2748 = AXIS2_PLACEMENT_3D('',#2749,#2750,#2751);
#2749 = CARTESIAN_POINT('',(5.85,0.45,3.6));
#2750 = DIRECTION('',(-0.,0.,1.));
#2751 = DIRECTION('',(0.,-1.,0.));
#2752 = ORIENTED_EDGE('',*,*,#2753,.F.);
#2753 = EDGE_CURVE('',#2754,#2745,#2756,.T.);
#2754 = VERTEX_POINT('',#2755);
#2755 = CARTESIAN_POINT('',(6.15,-4.95,3.6));
#2756 = LINE('',#2757,#2758);
#2757 = CARTESIAN_POINT('',(6.15,-5.25,3.6));
#2758 = VECTOR('',#2759,1.);
#2759 = DIRECTION('',(0.,1.,0.));
#2760 = ORIENTED_EDGE('',*,*,#2761,.F.);
#2761 = EDGE_CURVE('',#2703,#2754,#2762,.T.);
#2762 = CIRCLE('',#2763,0.3);
#2763 = AXIS2_PLACEMENT_3D('',#2764,#2765,#2766);
#2764 = CARTESIAN_POINT('',(5.85,-4.95,3.6));
#2765 = DIRECTION('',(-0.,0.,1.));
#2766 = DIRECTION('',(0.,-1.,0.));
#2767 = FACE_BOUND('',#2768,.F.);
#2768 = EDGE_LOOP('',(#2769));
#2769 = ORIENTED_EDGE('',*,*,#2770,.F.);
#2770 = EDGE_CURVE('',#2771,#2771,#2773,.T.);
#2771 = VERTEX_POINT('',#2772);
#2772 = CARTESIAN_POINT('',(5.65,-4.25,3.6));
#2773 = CIRCLE('',#2774,0.5);
#2774 = AXIS2_PLACEMENT_3D('',#2775,#2776,#2777);
#2775 = CARTESIAN_POINT('',(5.15,-4.25,3.6));
#2776 = DIRECTION('',(0.,0.,-1.));
#2777 = DIRECTION('',(1.,0.,0.));
#2778 = FACE_BOUND('',#2779,.F.);
#2779 = EDGE_LOOP('',(#2780));
#2780 = ORIENTED_EDGE('',*,*,#2781,.F.);
#2781 = EDGE_CURVE('',#2782,#2782,#2784,.T.);
#2782 = VERTEX_POINT('',#2783);
#2783 = CARTESIAN_POINT('',(4.9,-2.25,3.6));
#2784 = CIRCLE('',#2785,1.75);
#2785 = AXIS2_PLACEMENT_3D('',#2786,#2787,#2788);
#2786 = CARTESIAN_POINT('',(3.15,-2.25,3.6));
#2787 = DIRECTION('',(0.,0.,-1.));
#2788 = DIRECTION('',(1.,0.,0.));
#2789 = FACE_BOUND('',#2790,.F.);
#2790 = EDGE_LOOP('',(#2791));
#2791 = ORIENTED_EDGE('',*,*,#2792,.F.);
#2792 = EDGE_CURVE('',#2793,#2793,#2795,.T.);
#2793 = VERTEX_POINT('',#2794);
#2794 = CARTESIAN_POINT('',(1.65,-0.25,3.6));
#2795 = CIRCLE('',#2796,0.5);
#2796 = AXIS2_PLACEMENT_3D('',#2797,#2798,#2799);
#2797 = CARTESIAN_POINT('',(1.15,-0.25,3.6));
#2798 = DIRECTION('',(0.,0.,-1.));
#2799 = DIRECTION('',(1.,0.,0.));
#2800 = FACE_BOUND('',#2801,.F.);
#2801 = EDGE_LOOP('',(#2802));
#2802 = ORIENTED_EDGE('',*,*,#2803,.F.);
#2803 = EDGE_CURVE('',#2804,#2804,#2806,.T.);
#2804 = VERTEX_POINT('',#2805);
#2805 = CARTESIAN_POINT('',(5.65,-0.25,3.6));
#2806 = CIRCLE('',#2807,0.5);
#2807 = AXIS2_PLACEMENT_3D('',#2808,#2809,#2810);
#2808 = CARTESIAN_POINT('',(5.15,-0.25,3.6));
#2809 = DIRECTION('',(0.,0.,-1.));
#2810 = DIRECTION('',(1.,0.,0.));
#2811 = FACE_BOUND('',#2812,.F.);
#2812 = EDGE_LOOP('',(#2813));
#2813 = ORIENTED_EDGE('',*,*,#2685,.F.);
#2814 = PLANE('',#2815);
#2815 = AXIS2_PLACEMENT_3D('',#2816,#2817,#2818);
#2816 = CARTESIAN_POINT('',(0.15,-5.25,3.6));
#2817 = DIRECTION('',(0.,0.,-1.));
#2818 = DIRECTION('',(-1.,0.,0.));
#2819 = ADVANCED_FACE('',(#2820),#2845,.F.);
#2820 = FACE_BOUND('',#2821,.F.);
#2821 = EDGE_LOOP('',(#2822,#2832,#2838,#2839));
#2822 = ORIENTED_EDGE('',*,*,#2823,.F.);
#2823 = EDGE_CURVE('',#2824,#2826,#2828,.T.);
#2824 = VERTEX_POINT('',#2825);
#2825 = CARTESIAN_POINT('',(0.45,-5.25,3.5));
#2826 = VERTEX_POINT('',#2827);
#2827 = CARTESIAN_POINT('',(5.85,-5.25,3.5));
#2828 = LINE('',#2829,#2830);
#2829 = CARTESIAN_POINT('',(0.15,-5.25,3.5));
#2830 = VECTOR('',#2831,1.);
#2831 = DIRECTION('',(1.,0.,0.));
#2832 = ORIENTED_EDGE('',*,*,#2833,.T.);
#2833 = EDGE_CURVE('',#2824,#2701,#2834,.T.);
#2834 = LINE('',#2835,#2836);
#2835 = CARTESIAN_POINT('',(0.45,-5.25,3.5));
#2836 = VECTOR('',#2837,1.);
#2837 = DIRECTION('',(0.,0.,1.));
#2838 = ORIENTED_EDGE('',*,*,#2700,.T.);
#2839 = ORIENTED_EDGE('',*,*,#2840,.F.);
#2840 = EDGE_CURVE('',#2826,#2703,#2841,.T.);
#2841 = LINE('',#2842,#2843);
#2842 = CARTESIAN_POINT('',(5.85,-5.25,3.5));
#2843 = VECTOR('',#2844,1.);
#2844 = DIRECTION('',(0.,0.,1.));
#2845 = PLANE('',#2846);
#2846 = AXIS2_PLACEMENT_3D('',#2847,#2848,#2849);
#2847 = CARTESIAN_POINT('',(0.15,-5.25,3.5));
#2848 = DIRECTION('',(0.,1.,0.));
#2849 = DIRECTION('',(1.,0.,0.));
#2850 = ADVANCED_FACE('',(#2851),#2870,.T.);
#2851 = FACE_BOUND('',#2852,.T.);
#2852 = EDGE_LOOP('',(#2853,#2854,#2855,#2863));
#2853 = ORIENTED_EDGE('',*,*,#2833,.T.);
#2854 = ORIENTED_EDGE('',*,*,#2710,.T.);
#2855 = ORIENTED_EDGE('',*,*,#2856,.F.);
#2856 = EDGE_CURVE('',#2857,#2711,#2859,.T.);
#2857 = VERTEX_POINT('',#2858);
#2858 = CARTESIAN_POINT('',(0.15,-4.95,3.5));
#2859 = LINE('',#2860,#2861);
#2860 = CARTESIAN_POINT('',(0.15,-4.95,3.5));
#2861 = VECTOR('',#2862,1.);
#2862 = DIRECTION('',(0.,0.,1.));
#2863 = ORIENTED_EDGE('',*,*,#2864,.F.);
#2864 = EDGE_CURVE('',#2824,#2857,#2865,.T.);
#2865 = CIRCLE('',#2866,0.3);
#2866 = AXIS2_PLACEMENT_3D('',#2867,#2868,#2869);
#2867 = CARTESIAN_POINT('',(0.45,-4.95,3.5));
#2868 = DIRECTION('',(-0.,-0.,-1.));
#2869 = DIRECTION('',(0.,-1.,0.));
#2870 = CYLINDRICAL_SURFACE('',#2871,0.3);
#2871 = AXIS2_PLACEMENT_3D('',#2872,#2873,#2874);
#2872 = CARTESIAN_POINT('',(0.45,-4.95,3.5));
#2873 = DIRECTION('',(0.,0.,1.));
#2874 = DIRECTION('',(0.,-1.,0.));
#2875 = ADVANCED_FACE('',(#2876),#2895,.T.);
#2876 = FACE_BOUND('',#2877,.T.);
#2877 = EDGE_LOOP('',(#2878,#2887,#2893,#2894));
#2878 = ORIENTED_EDGE('',*,*,#2879,.T.);
#2879 = EDGE_CURVE('',#2826,#2880,#2882,.T.);
#2880 = VERTEX_POINT('',#2881);
#2881 = CARTESIAN_POINT('',(6.15,-4.95,3.5));
#2882 = CIRCLE('',#2883,0.3);
#2883 = AXIS2_PLACEMENT_3D('',#2884,#2885,#2886);
#2884 = CARTESIAN_POINT('',(5.85,-4.95,3.5));
#2885 = DIRECTION('',(-0.,0.,1.));
#2886 = DIRECTION('',(0.,-1.,0.));
#2887 = ORIENTED_EDGE('',*,*,#2888,.T.);
#2888 = EDGE_CURVE('',#2880,#2754,#2889,.T.);
#2889 = LINE('',#2890,#2891);
#2890 = CARTESIAN_POINT('',(6.15,-4.95,3.5));
#2891 = VECTOR('',#2892,1.);
#2892 = DIRECTION('',(0.,0.,1.));
#2893 = ORIENTED_EDGE('',*,*,#2761,.F.);
#2894 = ORIENTED_EDGE('',*,*,#2840,.F.);
#2895 = CYLINDRICAL_SURFACE('',#2896,0.3);
#2896 = AXIS2_PLACEMENT_3D('',#2897,#2898,#2899);
#2897 = CARTESIAN_POINT('',(5.85,-4.95,3.5));
#2898 = DIRECTION('',(0.,0.,1.));
#2899 = DIRECTION('',(0.,-1.,0.));
#2900 = ADVANCED_FACE('',(#2901),#2919,.F.);
#2901 = FACE_BOUND('',#2902,.F.);
#2902 = EDGE_LOOP('',(#2903,#2911,#2917,#2918));
#2903 = ORIENTED_EDGE('',*,*,#2904,.F.);
#2904 = EDGE_CURVE('',#2905,#2857,#2907,.T.);
#2905 = VERTEX_POINT('',#2906);
#2906 = CARTESIAN_POINT('',(0.15,0.45,3.5));
#2907 = LINE('',#2908,#2909);
#2908 = CARTESIAN_POINT('',(0.15,0.75,3.5));
#2909 = VECTOR('',#2910,1.);
#2910 = DIRECTION('',(0.,-1.,0.));
#2911 = ORIENTED_EDGE('',*,*,#2912,.T.);
#2912 = EDGE_CURVE('',#2905,#2720,#2913,.T.);
#2913 = LINE('',#2914,#2915);
#2914 = CARTESIAN_POINT('',(0.15,0.45,3.5));
#2915 = VECTOR('',#2916,1.);
#2916 = DIRECTION('',(0.,0.,1.));
#2917 = ORIENTED_EDGE('',*,*,#2719,.T.);
#2918 = ORIENTED_EDGE('',*,*,#2856,.F.);
#2919 = PLANE('',#2920);
#2920 = AXIS2_PLACEMENT_3D('',#2921,#2922,#2923);
#2921 = CARTESIAN_POINT('',(0.15,0.75,3.5));
#2922 = DIRECTION('',(1.,0.,0.));
#2923 = DIRECTION('',(0.,-1.,0.));
#2924 = ADVANCED_FACE('',(#2925),#2943,.F.);
#2925 = FACE_BOUND('',#2926,.F.);
#2926 = EDGE_LOOP('',(#2927,#2935,#2936,#2937));
#2927 = ORIENTED_EDGE('',*,*,#2928,.F.);
#2928 = EDGE_CURVE('',#2880,#2929,#2931,.T.);
#2929 = VERTEX_POINT('',#2930);
#2930 = CARTESIAN_POINT('',(6.15,0.45,3.5));
#2931 = LINE('',#2932,#2933);
#2932 = CARTESIAN_POINT('',(6.15,-5.25,3.5));
#2933 = VECTOR('',#2934,1.);
#2934 = DIRECTION('',(0.,1.,0.));
#2935 = ORIENTED_EDGE('',*,*,#2888,.T.);
#2936 = ORIENTED_EDGE('',*,*,#2753,.T.);
#2937 = ORIENTED_EDGE('',*,*,#2938,.F.);
#2938 = EDGE_CURVE('',#2929,#2745,#2939,.T.);
#2939 = LINE('',#2940,#2941);
#2940 = CARTESIAN_POINT('',(6.15,0.45,3.5));
#2941 = VECTOR('',#2942,1.);
#2942 = DIRECTION('',(0.,0.,1.));
#2943 = PLANE('',#2944);
#2944 = AXIS2_PLACEMENT_3D('',#2945,#2946,#2947);
#2945 = CARTESIAN_POINT('',(6.15,-5.25,3.5));
#2946 = DIRECTION('',(-1.,0.,0.));
#2947 = DIRECTION('',(0.,1.,0.));
#2948 = ADVANCED_FACE('',(#2949),#2968,.T.);
#2949 = FACE_BOUND('',#2950,.T.);
#2950 = EDGE_LOOP('',(#2951,#2960,#2961,#2962));
#2951 = ORIENTED_EDGE('',*,*,#2952,.T.);
#2952 = EDGE_CURVE('',#2953,#2905,#2955,.T.);
#2953 = VERTEX_POINT('',#2954);
#2954 = CARTESIAN_POINT('',(0.45,0.75,3.5));
#2955 = CIRCLE('',#2956,0.3);
#2956 = AXIS2_PLACEMENT_3D('',#2957,#2958,#2959);
#2957 = CARTESIAN_POINT('',(0.45,0.45,3.5));
#2958 = DIRECTION('',(-0.,0.,1.));
#2959 = DIRECTION('',(0.,-1.,0.));
#2960 = ORIENTED_EDGE('',*,*,#2912,.T.);
#2961 = ORIENTED_EDGE('',*,*,#2727,.F.);
#2962 = ORIENTED_EDGE('',*,*,#2963,.F.);
#2963 = EDGE_CURVE('',#2953,#2728,#2964,.T.);
#2964 = LINE('',#2965,#2966);
#2965 = CARTESIAN_POINT('',(0.45,0.75,3.5));
#2966 = VECTOR('',#2967,1.);
#2967 = DIRECTION('',(0.,0.,1.));
#2968 = CYLINDRICAL_SURFACE('',#2969,0.3);
#2969 = AXIS2_PLACEMENT_3D('',#2970,#2971,#2972);
#2970 = CARTESIAN_POINT('',(0.45,0.45,3.5));
#2971 = DIRECTION('',(0.,0.,1.));
#2972 = DIRECTION('',(0.,1.,0.));
#2973 = ADVANCED_FACE('',(#2974),#2993,.T.);
#2974 = FACE_BOUND('',#2975,.T.);
#2975 = EDGE_LOOP('',(#2976,#2985,#2991,#2992));
#2976 = ORIENTED_EDGE('',*,*,#2977,.T.);
#2977 = EDGE_CURVE('',#2929,#2978,#2980,.T.);
#2978 = VERTEX_POINT('',#2979);
#2979 = CARTESIAN_POINT('',(5.85,0.75,3.5));
#2980 = CIRCLE('',#2981,0.3);
#2981 = AXIS2_PLACEMENT_3D('',#2982,#2983,#2984);
#2982 = CARTESIAN_POINT('',(5.85,0.45,3.5));
#2983 = DIRECTION('',(-0.,0.,1.));
#2984 = DIRECTION('',(0.,-1.,0.));
#2985 = ORIENTED_EDGE('',*,*,#2986,.T.);
#2986 = EDGE_CURVE('',#2978,#2737,#2987,.T.);
#2987 = LINE('',#2988,#2989);
#2988 = CARTESIAN_POINT('',(5.85,0.75,3.5));
#2989 = VECTOR('',#2990,1.);
#2990 = DIRECTION('',(0.,0.,1.));
#2991 = ORIENTED_EDGE('',*,*,#2744,.F.);
#2992 = ORIENTED_EDGE('',*,*,#2938,.F.);
#2993 = CYLINDRICAL_SURFACE('',#2994,0.3);
#2994 = AXIS2_PLACEMENT_3D('',#2995,#2996,#2997);
#2995 = CARTESIAN_POINT('',(5.85,0.45,3.5));
#2996 = DIRECTION('',(0.,0.,1.));
#2997 = DIRECTION('',(1.,0.,-0.));
#2998 = ADVANCED_FACE('',(#2999),#3010,.F.);
#2999 = FACE_BOUND('',#3000,.F.);
#3000 = EDGE_LOOP('',(#3001,#3007,#3008,#3009));
#3001 = ORIENTED_EDGE('',*,*,#3002,.F.);
#3002 = EDGE_CURVE('',#2978,#2953,#3003,.T.);
#3003 = LINE('',#3004,#3005);
#3004 = CARTESIAN_POINT('',(6.15,0.75,3.5));
#3005 = VECTOR('',#3006,1.);
#3006 = DIRECTION('',(-1.,0.,0.));
#3007 = ORIENTED_EDGE('',*,*,#2986,.T.);
#3008 = ORIENTED_EDGE('',*,*,#2736,.T.);
#3009 = ORIENTED_EDGE('',*,*,#2963,.F.);
#3010 = PLANE('',#3011);
#3011 = AXIS2_PLACEMENT_3D('',#3012,#3013,#3014);
#3012 = CARTESIAN_POINT('',(6.15,0.75,3.5));
#3013 = DIRECTION('',(0.,-1.,0.));
#3014 = DIRECTION('',(-1.,0.,0.));
#3015 = ADVANCED_FACE('',(#3016),#3035,.T.);
#3016 = FACE_BOUND('',#3017,.T.);
#3017 = EDGE_LOOP('',(#3018,#3026,#3033,#3034));
#3018 = ORIENTED_EDGE('',*,*,#3019,.T.);
#3019 = EDGE_CURVE('',#2771,#3020,#3022,.T.);
#3020 = VERTEX_POINT('',#3021);
#3021 = CARTESIAN_POINT('',(5.65,-4.25,4.1));
#3022 = LINE('',#3023,#3024);
#3023 = CARTESIAN_POINT('',(5.65,-4.25,3.5));
#3024 = VECTOR('',#3025,1.);
#3025 = DIRECTION('',(0.,0.,1.));
#3026 = ORIENTED_EDGE('',*,*,#3027,.F.);
#3027 = EDGE_CURVE('',#3020,#3020,#3028,.T.);
#3028 = CIRCLE('',#3029,0.5);
#3029 = AXIS2_PLACEMENT_3D('',#3030,#3031,#3032);
#3030 = CARTESIAN_POINT('',(5.15,-4.25,4.1));
#3031 = DIRECTION('',(0.,0.,1.));
#3032 = DIRECTION('',(1.,0.,-0.));
#3033 = ORIENTED_EDGE('',*,*,#3019,.F.);
#3034 = ORIENTED_EDGE('',*,*,#2770,.F.);
#3035 = CYLINDRICAL_SURFACE('',#3036,0.5);
#3036 = AXIS2_PLACEMENT_3D('',#3037,#3038,#3039);
#3037 = CARTESIAN_POINT('',(5.15,-4.25,3.5));
#3038 = DIRECTION('',(-0.,-0.,-1.));
#3039 = DIRECTION('',(1.,0.,0.));
#3040 = ADVANCED_FACE('',(#3041),#3060,.T.);
#3041 = FACE_BOUND('',#3042,.T.);
#3042 = EDGE_LOOP('',(#3043,#3051,#3058,#3059));
#3043 = ORIENTED_EDGE('',*,*,#3044,.T.);
#3044 = EDGE_CURVE('',#2782,#3045,#3047,.T.);
#3045 = VERTEX_POINT('',#3046);
#3046 = CARTESIAN_POINT('',(4.9,-2.25,4.9));
#3047 = LINE('',#3048,#3049);
#3048 = CARTESIAN_POINT('',(4.9,-2.25,3.5));
#3049 = VECTOR('',#3050,1.);
#3050 = DIRECTION('',(0.,0.,1.));
#3051 = ORIENTED_EDGE('',*,*,#3052,.F.);
#3052 = EDGE_CURVE('',#3045,#3045,#3053,.T.);
#3053 = CIRCLE('',#3054,1.75);
#3054 = AXIS2_PLACEMENT_3D('',#3055,#3056,#3057);
#3055 = CARTESIAN_POINT('',(3.15,-2.25,4.9));
#3056 = DIRECTION('',(0.,0.,1.));
#3057 = DIRECTION('',(1.,0.,-0.));
#3058 = ORIENTED_EDGE('',*,*,#3044,.F.);
#3059 = ORIENTED_EDGE('',*,*,#2781,.F.);
#3060 = CYLINDRICAL_SURFACE('',#3061,1.75);
#3061 = AXIS2_PLACEMENT_3D('',#3062,#3063,#3064);
#3062 = CARTESIAN_POINT('',(3.15,-2.25,3.5));
#3063 = DIRECTION('',(-0.,-0.,-1.));
#3064 = DIRECTION('',(1.,0.,0.));
#3065 = ADVANCED_FACE('',(#3066),#3085,.T.);
#3066 = FACE_BOUND('',#3067,.T.);
#3067 = EDGE_LOOP('',(#3068,#3076,#3083,#3084));
#3068 = ORIENTED_EDGE('',*,*,#3069,.T.);
#3069 = EDGE_CURVE('',#2793,#3070,#3072,.T.);
#3070 = VERTEX_POINT('',#3071);
#3071 = CARTESIAN_POINT('',(1.65,-0.25,4.1));
#3072 = LINE('',#3073,#3074);
#3073 = CARTESIAN_POINT('',(1.65,-0.25,3.5));
#3074 = VECTOR('',#3075,1.);
#3075 = DIRECTION('',(0.,0.,1.));
#3076 = ORIENTED_EDGE('',*,*,#3077,.F.);
#3077 = EDGE_CURVE('',#3070,#3070,#3078,.T.);
#3078 = CIRCLE('',#3079,0.5);
#3079 = AXIS2_PLACEMENT_3D('',#3080,#3081,#3082);
#3080 = CARTESIAN_POINT('',(1.15,-0.25,4.1));
#3081 = DIRECTION('',(0.,0.,1.));
#3082 = DIRECTION('',(1.,0.,-0.));
#3083 = ORIENTED_EDGE('',*,*,#3069,.F.);
#3084 = ORIENTED_EDGE('',*,*,#2792,.F.);
#3085 = CYLINDRICAL_SURFACE('',#3086,0.5);
#3086 = AXIS2_PLACEMENT_3D('',#3087,#3088,#3089);
#3087 = CARTESIAN_POINT('',(1.15,-0.25,3.5));
#3088 = DIRECTION('',(-0.,-0.,-1.));
#3089 = DIRECTION('',(1.,0.,0.));
#3090 = ADVANCED_FACE('',(#3091),#3110,.T.);
#3091 = FACE_BOUND('',#3092,.T.);
#3092 = EDGE_LOOP('',(#3093,#3101,#3108,#3109));
#3093 = ORIENTED_EDGE('',*,*,#3094,.T.);
#3094 = EDGE_CURVE('',#2804,#3095,#3097,.T.);
#3095 = VERTEX_POINT('',#3096);
#3096 = CARTESIAN_POINT('',(5.65,-0.25,4.1));
#3097 = LINE('',#3098,#3099);
#3098 = CARTESIAN_POINT('',(5.65,-0.25,3.5));
#3099 = VECTOR('',#3100,1.);
#3100 = DIRECTION('',(0.,0.,1.));
#3101 = ORIENTED_EDGE('',*,*,#3102,.F.);
#3102 = EDGE_CURVE('',#3095,#3095,#3103,.T.);
#3103 = CIRCLE('',#3104,0.5);
#3104 = AXIS2_PLACEMENT_3D('',#3105,#3106,#3107);
#3105 = CARTESIAN_POINT('',(5.15,-0.25,4.1));
#3106 = DIRECTION('',(0.,0.,1.));
#3107 = DIRECTION('',(1.,0.,-0.));
#3108 = ORIENTED_EDGE('',*,*,#3094,.F.);
#3109 = ORIENTED_EDGE('',*,*,#2803,.F.);
#3110 = CYLINDRICAL_SURFACE('',#3111,0.5);
#3111 = AXIS2_PLACEMENT_3D('',#3112,#3113,#3114);
#3112 = CARTESIAN_POINT('',(5.15,-0.25,3.5));
#3113 = DIRECTION('',(-0.,-0.,-1.));
#3114 = DIRECTION('',(1.,0.,0.));
#3115 = ADVANCED_FACE('',(#3116),#3141,.F.);
#3116 = FACE_BOUND('',#3117,.F.);
#3117 = EDGE_LOOP('',(#3118,#3128,#3134,#3135));
#3118 = ORIENTED_EDGE('',*,*,#3119,.F.);
#3119 = EDGE_CURVE('',#3120,#3122,#3124,.T.);
#3120 = VERTEX_POINT('',#3121);
#3121 = CARTESIAN_POINT('',(0.45,-5.25,0.));
#3122 = VERTEX_POINT('',#3123);
#3123 = CARTESIAN_POINT('',(5.85,-5.25,0.));
#3124 = LINE('',#3125,#3126);
#3125 = CARTESIAN_POINT('',(0.15,-5.25,0.));
#3126 = VECTOR('',#3127,1.);
#3127 = DIRECTION('',(1.,0.,0.));
#3128 = ORIENTED_EDGE('',*,*,#3129,.T.);
#3129 = EDGE_CURVE('',#3120,#2824,#3130,.T.);
#3130 = LINE('',#3131,#3132);
#3131 = CARTESIAN_POINT('',(0.45,-5.25,0.));
#3132 = VECTOR('',#3133,1.);
#3133 = DIRECTION('',(0.,0.,1.));
#3134 = ORIENTED_EDGE('',*,*,#2823,.T.);
#3135 = ORIENTED_EDGE('',*,*,#3136,.F.);
#3136 = EDGE_CURVE('',#3122,#2826,#3137,.T.);
#3137 = LINE('',#3138,#3139);
#3138 = CARTESIAN_POINT('',(5.85,-5.25,0.));
#3139 = VECTOR('',#3140,1.);
#3140 = DIRECTION('',(0.,0.,1.));
#3141 = PLANE('',#3142);
#3142 = AXIS2_PLACEMENT_3D('',#3143,#3144,#3145);
#3143 = CARTESIAN_POINT('',(0.15,-5.25,0.));
#3144 = DIRECTION('',(0.,1.,0.));
#3145 = DIRECTION('',(1.,0.,0.));
#3146 = ADVANCED_FACE('',(#3147),#3166,.T.);
#3147 = FACE_BOUND('',#3148,.T.);
#3148 = EDGE_LOOP('',(#3149,#3150,#3151,#3159));
#3149 = ORIENTED_EDGE('',*,*,#3129,.T.);
#3150 = ORIENTED_EDGE('',*,*,#2864,.T.);
#3151 = ORIENTED_EDGE('',*,*,#3152,.F.);
#3152 = EDGE_CURVE('',#3153,#2857,#3155,.T.);
#3153 = VERTEX_POINT('',#3154);
#3154 = CARTESIAN_POINT('',(0.15,-4.95,0.));
#3155 = LINE('',#3156,#3157);
#3156 = CARTESIAN_POINT('',(0.15,-4.95,0.));
#3157 = VECTOR('',#3158,1.);
#3158 = DIRECTION('',(0.,0.,1.));
#3159 = ORIENTED_EDGE('',*,*,#3160,.F.);
#3160 = EDGE_CURVE('',#3120,#3153,#3161,.T.);
#3161 = CIRCLE('',#3162,0.3);
#3162 = AXIS2_PLACEMENT_3D('',#3163,#3164,#3165);
#3163 = CARTESIAN_POINT('',(0.45,-4.95,0.));
#3164 = DIRECTION('',(-0.,-0.,-1.));
#3165 = DIRECTION('',(0.,-1.,0.));
#3166 = CYLINDRICAL_SURFACE('',#3167,0.3);
#3167 = AXIS2_PLACEMENT_3D('',#3168,#3169,#3170);
#3168 = CARTESIAN_POINT('',(0.45,-4.95,0.));
#3169 = DIRECTION('',(0.,0.,1.));
#3170 = DIRECTION('',(0.,-1.,0.));
#3171 = ADVANCED_FACE('',(#3172),#3191,.T.);
#3172 = FACE_BOUND('',#3173,.T.);
#3173 = EDGE_LOOP('',(#3174,#3183,#3189,#3190));
#3174 = ORIENTED_EDGE('',*,*,#3175,.T.);
#3175 = EDGE_CURVE('',#3122,#3176,#3178,.T.);
#3176 = VERTEX_POINT('',#3177);
#3177 = CARTESIAN_POINT('',(6.15,-4.95,0.));
#3178 = CIRCLE('',#3179,0.3);
#3179 = AXIS2_PLACEMENT_3D('',#3180,#3181,#3182);
#3180 = CARTESIAN_POINT('',(5.85,-4.95,0.));
#3181 = DIRECTION('',(-0.,0.,1.));
#3182 = DIRECTION('',(0.,-1.,0.));
#3183 = ORIENTED_EDGE('',*,*,#3184,.T.);
#3184 = EDGE_CURVE('',#3176,#2880,#3185,.T.);
#3185 = LINE('',#3186,#3187);
#3186 = CARTESIAN_POINT('',(6.15,-4.95,0.));
#3187 = VECTOR('',#3188,1.);
#3188 = DIRECTION('',(0.,0.,1.));
#3189 = ORIENTED_EDGE('',*,*,#2879,.F.);
#3190 = ORIENTED_EDGE('',*,*,#3136,.F.);
#3191 = CYLINDRICAL_SURFACE('',#3192,0.3);
#3192 = AXIS2_PLACEMENT_3D('',#3193,#3194,#3195);
#3193 = CARTESIAN_POINT('',(5.85,-4.95,0.));
#3194 = DIRECTION('',(0.,0.,1.));
#3195 = DIRECTION('',(0.,-1.,0.));
#3196 = ADVANCED_FACE('',(#3197),#3279,.F.);
#3197 = FACE_BOUND('',#3198,.F.);
#3198 = EDGE_LOOP('',(#3199,#3209,#3215,#3216,#3217,#3225,#3233,#3241,
    #3249,#3257,#3265,#3273));
#3199 = ORIENTED_EDGE('',*,*,#3200,.F.);
#3200 = EDGE_CURVE('',#3201,#3203,#3205,.T.);
#3201 = VERTEX_POINT('',#3202);
#3202 = CARTESIAN_POINT('',(0.15,0.45,0.));
#3203 = VERTEX_POINT('',#3204);
#3204 = CARTESIAN_POINT('',(0.15,0.35,0.));
#3205 = LINE('',#3206,#3207);
#3206 = CARTESIAN_POINT('',(0.15,0.75,0.));
#3207 = VECTOR('',#3208,1.);
#3208 = DIRECTION('',(0.,-1.,0.));
#3209 = ORIENTED_EDGE('',*,*,#3210,.T.);
#3210 = EDGE_CURVE('',#3201,#2905,#3211,.T.);
#3211 = LINE('',#3212,#3213);
#3212 = CARTESIAN_POINT('',(0.15,0.45,0.));
#3213 = VECTOR('',#3214,1.);
#3214 = DIRECTION('',(0.,0.,1.));
#3215 = ORIENTED_EDGE('',*,*,#2904,.T.);
#3216 = ORIENTED_EDGE('',*,*,#3152,.F.);
#3217 = ORIENTED_EDGE('',*,*,#3218,.F.);
#3218 = EDGE_CURVE('',#3219,#3153,#3221,.T.);
#3219 = VERTEX_POINT('',#3220);
#3220 = CARTESIAN_POINT('',(0.15,-4.85,0.));
#3221 = LINE('',#3222,#3223);
#3222 = CARTESIAN_POINT('',(0.15,0.75,0.));
#3223 = VECTOR('',#3224,1.);
#3224 = DIRECTION('',(0.,-1.,0.));
#3225 = ORIENTED_EDGE('',*,*,#3226,.F.);
#3226 = EDGE_CURVE('',#3227,#3219,#3229,.T.);
#3227 = VERTEX_POINT('',#3228);
#3228 = CARTESIAN_POINT('',(0.15,-4.85,1.5));
#3229 = LINE('',#3230,#3231);
#3230 = CARTESIAN_POINT('',(0.15,-4.85,1.5));
#3231 = VECTOR('',#3232,1.);
#3232 = DIRECTION('',(0.,5.551115123126E-16,-1.));
#3233 = ORIENTED_EDGE('',*,*,#3234,.T.);
#3234 = EDGE_CURVE('',#3227,#3235,#3237,.T.);
#3235 = VERTEX_POINT('',#3236);
#3236 = CARTESIAN_POINT('',(0.15,-4.15,1.5));
#3237 = LINE('',#3238,#3239);
#3238 = CARTESIAN_POINT('',(0.15,-4.85,1.5));
#3239 = VECTOR('',#3240,1.);
#3240 = DIRECTION('',(0.,1.,3.330669073875E-16));
#3241 = ORIENTED_EDGE('',*,*,#3242,.T.);
#3242 = EDGE_CURVE('',#3235,#3243,#3245,.T.);
#3243 = VERTEX_POINT('',#3244);
#3244 = CARTESIAN_POINT('',(0.15,-4.15,0.));
#3245 = LINE('',#3246,#3247);
#3246 = CARTESIAN_POINT('',(0.15,-4.15,1.5));
#3247 = VECTOR('',#3248,1.);
#3248 = DIRECTION('',(0.,5.551115123126E-16,-1.));
#3249 = ORIENTED_EDGE('',*,*,#3250,.F.);
#3250 = EDGE_CURVE('',#3251,#3243,#3253,.T.);
#3251 = VERTEX_POINT('',#3252);
#3252 = CARTESIAN_POINT('',(0.15,-0.35,0.));
#3253 = LINE('',#3254,#3255);
#3254 = CARTESIAN_POINT('',(0.15,0.75,0.));
#3255 = VECTOR('',#3256,1.);
#3256 = DIRECTION('',(0.,-1.,0.));
#3257 = ORIENTED_EDGE('',*,*,#3258,.F.);
#3258 = EDGE_CURVE('',#3259,#3251,#3261,.T.);
#3259 = VERTEX_POINT('',#3260);
#3260 = CARTESIAN_POINT('',(0.15,-0.35,1.5));
#3261 = LINE('',#3262,#3263);
#3262 = CARTESIAN_POINT('',(0.15,-0.35,1.5));
#3263 = VECTOR('',#3264,1.);
#3264 = DIRECTION('',(0.,5.551115123126E-16,-1.));
#3265 = ORIENTED_EDGE('',*,*,#3266,.T.);
#3266 = EDGE_CURVE('',#3259,#3267,#3269,.T.);
#3267 = VERTEX_POINT('',#3268);
#3268 = CARTESIAN_POINT('',(0.15,0.35,1.5));
#3269 = LINE('',#3270,#3271);
#3270 = CARTESIAN_POINT('',(0.15,-0.35,1.5));
#3271 = VECTOR('',#3272,1.);
#3272 = DIRECTION('',(0.,1.,3.330669073875E-16));
#3273 = ORIENTED_EDGE('',*,*,#3274,.T.);
#3274 = EDGE_CURVE('',#3267,#3203,#3275,.T.);
#3275 = LINE('',#3276,#3277);
#3276 = CARTESIAN_POINT('',(0.15,0.35,1.5));
#3277 = VECTOR('',#3278,1.);
#3278 = DIRECTION('',(0.,5.551115123126E-16,-1.));
#3279 = PLANE('',#3280);
#3280 = AXIS2_PLACEMENT_3D('',#3281,#3282,#3283);
#3281 = CARTESIAN_POINT('',(0.15,0.75,0.));
#3282 = DIRECTION('',(1.,0.,0.));
#3283 = DIRECTION('',(0.,-1.,0.));
#3284 = ADVANCED_FACE('',(#3285),#3367,.F.);
#3285 = FACE_BOUND('',#3286,.F.);
#3286 = EDGE_LOOP('',(#3287,#3295,#3296,#3297,#3305,#3313,#3321,#3329,
    #3337,#3345,#3353,#3361));
#3287 = ORIENTED_EDGE('',*,*,#3288,.F.);
#3288 = EDGE_CURVE('',#3176,#3289,#3291,.T.);
#3289 = VERTEX_POINT('',#3290);
#3290 = CARTESIAN_POINT('',(6.15,-4.85,0.));
#3291 = LINE('',#3292,#3293);
#3292 = CARTESIAN_POINT('',(6.15,-5.25,0.));
#3293 = VECTOR('',#3294,1.);
#3294 = DIRECTION('',(0.,1.,0.));
#3295 = ORIENTED_EDGE('',*,*,#3184,.T.);
#3296 = ORIENTED_EDGE('',*,*,#2928,.T.);
#3297 = ORIENTED_EDGE('',*,*,#3298,.F.);
#3298 = EDGE_CURVE('',#3299,#2929,#3301,.T.);
#3299 = VERTEX_POINT('',#3300);
#3300 = CARTESIAN_POINT('',(6.15,0.45,0.));
#3301 = LINE('',#3302,#3303);
#3302 = CARTESIAN_POINT('',(6.15,0.45,0.));
#3303 = VECTOR('',#3304,1.);
#3304 = DIRECTION('',(0.,0.,1.));
#3305 = ORIENTED_EDGE('',*,*,#3306,.F.);
#3306 = EDGE_CURVE('',#3307,#3299,#3309,.T.);
#3307 = VERTEX_POINT('',#3308);
#3308 = CARTESIAN_POINT('',(6.15,0.35,0.));
#3309 = LINE('',#3310,#3311);
#3310 = CARTESIAN_POINT('',(6.15,-5.25,0.));
#3311 = VECTOR('',#3312,1.);
#3312 = DIRECTION('',(0.,1.,0.));
#3313 = ORIENTED_EDGE('',*,*,#3314,.F.);
#3314 = EDGE_CURVE('',#3315,#3307,#3317,.T.);
#3315 = VERTEX_POINT('',#3316);
#3316 = CARTESIAN_POINT('',(6.15,0.35,1.5));
#3317 = LINE('',#3318,#3319);
#3318 = CARTESIAN_POINT('',(6.15,0.35,1.5));
#3319 = VECTOR('',#3320,1.);
#3320 = DIRECTION('',(0.,5.551115123126E-16,-1.));
#3321 = ORIENTED_EDGE('',*,*,#3322,.F.);
#3322 = EDGE_CURVE('',#3323,#3315,#3325,.T.);
#3323 = VERTEX_POINT('',#3324);
#3324 = CARTESIAN_POINT('',(6.15,-0.35,1.5));
#3325 = LINE('',#3326,#3327);
#3326 = CARTESIAN_POINT('',(6.15,-0.35,1.5));
#3327 = VECTOR('',#3328,1.);
#3328 = DIRECTION('',(0.,1.,3.330669073875E-16));
#3329 = ORIENTED_EDGE('',*,*,#3330,.T.);
#3330 = EDGE_CURVE('',#3323,#3331,#3333,.T.);
#3331 = VERTEX_POINT('',#3332);
#3332 = CARTESIAN_POINT('',(6.15,-0.35,0.));
#3333 = LINE('',#3334,#3335);
#3334 = CARTESIAN_POINT('',(6.15,-0.35,1.5));
#3335 = VECTOR('',#3336,1.);
#3336 = DIRECTION('',(0.,5.551115123126E-16,-1.));
#3337 = ORIENTED_EDGE('',*,*,#3338,.F.);
#3338 = EDGE_CURVE('',#3339,#3331,#3341,.T.);
#3339 = VERTEX_POINT('',#3340);
#3340 = CARTESIAN_POINT('',(6.15,-4.15,0.));
#3341 = LINE('',#3342,#3343);
#3342 = CARTESIAN_POINT('',(6.15,-5.25,0.));
#3343 = VECTOR('',#3344,1.);
#3344 = DIRECTION('',(0.,1.,0.));
#3345 = ORIENTED_EDGE('',*,*,#3346,.F.);
#3346 = EDGE_CURVE('',#3347,#3339,#3349,.T.);
#3347 = VERTEX_POINT('',#3348);
#3348 = CARTESIAN_POINT('',(6.15,-4.15,1.5));
#3349 = LINE('',#3350,#3351);
#3350 = CARTESIAN_POINT('',(6.15,-4.15,1.5));
#3351 = VECTOR('',#3352,1.);
#3352 = DIRECTION('',(0.,5.551115123126E-16,-1.));
#3353 = ORIENTED_EDGE('',*,*,#3354,.F.);
#3354 = EDGE_CURVE('',#3355,#3347,#3357,.T.);
#3355 = VERTEX_POINT('',#3356);
#3356 = CARTESIAN_POINT('',(6.15,-4.85,1.5));
#3357 = LINE('',#3358,#3359);
#3358 = CARTESIAN_POINT('',(6.15,-4.85,1.5));
#3359 = VECTOR('',#3360,1.);
#3360 = DIRECTION('',(0.,1.,3.330669073875E-16));
#3361 = ORIENTED_EDGE('',*,*,#3362,.T.);
#3362 = EDGE_CURVE('',#3355,#3289,#3363,.T.);
#3363 = LINE('',#3364,#3365);
#3364 = CARTESIAN_POINT('',(6.15,-4.85,1.5));
#3365 = VECTOR('',#3366,1.);
#3366 = DIRECTION('',(0.,5.551115123126E-16,-1.));
#3367 = PLANE('',#3368);
#3368 = AXIS2_PLACEMENT_3D('',#3369,#3370,#3371);
#3369 = CARTESIAN_POINT('',(6.15,-5.25,0.));
#3370 = DIRECTION('',(-1.,0.,0.));
#3371 = DIRECTION('',(0.,1.,0.));
#3372 = ADVANCED_FACE('',(#3373),#3392,.T.);
#3373 = FACE_BOUND('',#3374,.T.);
#3374 = EDGE_LOOP('',(#3375,#3384,#3385,#3386));
#3375 = ORIENTED_EDGE('',*,*,#3376,.T.);
#3376 = EDGE_CURVE('',#3377,#3201,#3379,.T.);
#3377 = VERTEX_POINT('',#3378);
#3378 = CARTESIAN_POINT('',(0.45,0.75,0.));
#3379 = CIRCLE('',#3380,0.3);
#3380 = AXIS2_PLACEMENT_3D('',#3381,#3382,#3383);
#3381 = CARTESIAN_POINT('',(0.45,0.45,0.));
#3382 = DIRECTION('',(-0.,0.,1.));
#3383 = DIRECTION('',(0.,-1.,0.));
#3384 = ORIENTED_EDGE('',*,*,#3210,.T.);
#3385 = ORIENTED_EDGE('',*,*,#2952,.F.);
#3386 = ORIENTED_EDGE('',*,*,#3387,.F.);
#3387 = EDGE_CURVE('',#3377,#2953,#3388,.T.);
#3388 = LINE('',#3389,#3390);
#3389 = CARTESIAN_POINT('',(0.45,0.75,0.));
#3390 = VECTOR('',#3391,1.);
#3391 = DIRECTION('',(0.,0.,1.));
#3392 = CYLINDRICAL_SURFACE('',#3393,0.3);
#3393 = AXIS2_PLACEMENT_3D('',#3394,#3395,#3396);
#3394 = CARTESIAN_POINT('',(0.45,0.45,0.));
#3395 = DIRECTION('',(0.,0.,1.));
#3396 = DIRECTION('',(0.,1.,0.));
#3397 = ADVANCED_FACE('',(#3398),#3417,.T.);
#3398 = FACE_BOUND('',#3399,.T.);
#3399 = EDGE_LOOP('',(#3400,#3409,#3415,#3416));
#3400 = ORIENTED_EDGE('',*,*,#3401,.T.);
#3401 = EDGE_CURVE('',#3299,#3402,#3404,.T.);
#3402 = VERTEX_POINT('',#3403);
#3403 = CARTESIAN_POINT('',(5.85,0.75,0.));
#3404 = CIRCLE('',#3405,0.3);
#3405 = AXIS2_PLACEMENT_3D('',#3406,#3407,#3408);
#3406 = CARTESIAN_POINT('',(5.85,0.45,0.));
#3407 = DIRECTION('',(-0.,0.,1.));
#3408 = DIRECTION('',(0.,-1.,0.));
#3409 = ORIENTED_EDGE('',*,*,#3410,.T.);
#3410 = EDGE_CURVE('',#3402,#2978,#3411,.T.);
#3411 = LINE('',#3412,#3413);
#3412 = CARTESIAN_POINT('',(5.85,0.75,0.));
#3413 = VECTOR('',#3414,1.);
#3414 = DIRECTION('',(0.,0.,1.));
#3415 = ORIENTED_EDGE('',*,*,#2977,.F.);
#3416 = ORIENTED_EDGE('',*,*,#3298,.F.);
#3417 = CYLINDRICAL_SURFACE('',#3418,0.3);
#3418 = AXIS2_PLACEMENT_3D('',#3419,#3420,#3421);
#3419 = CARTESIAN_POINT('',(5.85,0.45,0.));
#3420 = DIRECTION('',(0.,0.,1.));
#3421 = DIRECTION('',(1.,0.,-0.));
#3422 = ADVANCED_FACE('',(#3423),#3434,.F.);
#3423 = FACE_BOUND('',#3424,.F.);
#3424 = EDGE_LOOP('',(#3425,#3431,#3432,#3433));
#3425 = ORIENTED_EDGE('',*,*,#3426,.F.);
#3426 = EDGE_CURVE('',#3402,#3377,#3427,.T.);
#3427 = LINE('',#3428,#3429);
#3428 = CARTESIAN_POINT('',(6.15,0.75,0.));
#3429 = VECTOR('',#3430,1.);
#3430 = DIRECTION('',(-1.,0.,0.));
#3431 = ORIENTED_EDGE('',*,*,#3410,.T.);
#3432 = ORIENTED_EDGE('',*,*,#3002,.T.);
#3433 = ORIENTED_EDGE('',*,*,#3387,.F.);
#3434 = PLANE('',#3435);
#3435 = AXIS2_PLACEMENT_3D('',#3436,#3437,#3438);
#3436 = CARTESIAN_POINT('',(6.15,0.75,0.));
#3437 = DIRECTION('',(0.,-1.,0.));
#3438 = DIRECTION('',(-1.,0.,0.));
#3439 = ADVANCED_FACE('',(#3440),#3443,.F.);
#3440 = FACE_BOUND('',#3441,.T.);
#3441 = EDGE_LOOP('',(#3442));
#3442 = ORIENTED_EDGE('',*,*,#3027,.T.);
#3443 = PLANE('',#3444);
#3444 = AXIS2_PLACEMENT_3D('',#3445,#3446,#3447);
#3445 = CARTESIAN_POINT('',(5.65,-4.25,4.1));
#3446 = DIRECTION('',(0.,0.,-1.));
#3447 = DIRECTION('',(-1.,0.,0.));
#3448 = ADVANCED_FACE('',(#3449),#3469,.T.);
#3449 = FACE_BOUND('',#3450,.T.);
#3450 = EDGE_LOOP('',(#3451,#3452,#3461,#3468));
#3451 = ORIENTED_EDGE('',*,*,#3052,.T.);
#3452 = ORIENTED_EDGE('',*,*,#3453,.F.);
#3453 = EDGE_CURVE('',#3454,#3045,#3456,.T.);
#3454 = VERTEX_POINT('',#3455);
#3455 = CARTESIAN_POINT('',(4.8,-2.25,5.));
#3456 = CIRCLE('',#3457,0.1);
#3457 = AXIS2_PLACEMENT_3D('',#3458,#3459,#3460);
#3458 = CARTESIAN_POINT('',(4.8,-2.25,4.9));
#3459 = DIRECTION('',(-0.,1.,0.));
#3460 = DIRECTION('',(1.,0.,0.));
#3461 = ORIENTED_EDGE('',*,*,#3462,.F.);
#3462 = EDGE_CURVE('',#3454,#3454,#3463,.T.);
#3463 = CIRCLE('',#3464,1.65);
#3464 = AXIS2_PLACEMENT_3D('',#3465,#3466,#3467);
#3465 = CARTESIAN_POINT('',(3.15,-2.25,5.));
#3466 = DIRECTION('',(0.,0.,1.));
#3467 = DIRECTION('',(1.,0.,-0.));
#3468 = ORIENTED_EDGE('',*,*,#3453,.T.);
#3469 = TOROIDAL_SURFACE('',#3470,1.65,0.1);
#3470 = AXIS2_PLACEMENT_3D('',#3471,#3472,#3473);
#3471 = CARTESIAN_POINT('',(3.15,-2.25,4.9));
#3472 = DIRECTION('',(0.,0.,-1.));
#3473 = DIRECTION('',(1.,0.,0.));
#3474 = ADVANCED_FACE('',(#3475),#3478,.F.);
#3475 = FACE_BOUND('',#3476,.T.);
#3476 = EDGE_LOOP('',(#3477));
#3477 = ORIENTED_EDGE('',*,*,#3077,.T.);
#3478 = PLANE('',#3479);
#3479 = AXIS2_PLACEMENT_3D('',#3480,#3481,#3482);
#3480 = CARTESIAN_POINT('',(1.65,-0.25,4.1));
#3481 = DIRECTION('',(0.,0.,-1.));
#3482 = DIRECTION('',(-1.,0.,0.));
#3483 = ADVANCED_FACE('',(#3484),#3487,.F.);
#3484 = FACE_BOUND('',#3485,.T.);
#3485 = EDGE_LOOP('',(#3486));
#3486 = ORIENTED_EDGE('',*,*,#3102,.T.);
#3487 = PLANE('',#3488);
#3488 = AXIS2_PLACEMENT_3D('',#3489,#3490,#3491);
#3489 = CARTESIAN_POINT('',(5.65,-0.25,4.1));
#3490 = DIRECTION('',(0.,0.,-1.));
#3491 = DIRECTION('',(-1.,0.,0.));
#3492 = ADVANCED_FACE('',(#3493),#3531,.T.);
#3493 = FACE_BOUND('',#3494,.T.);
#3494 = EDGE_LOOP('',(#3495,#3496,#3497,#3498,#3504,#3505,#3511,#3512,
    #3513,#3514,#3515,#3516,#3522,#3523,#3529,#3530));
#3495 = ORIENTED_EDGE('',*,*,#3119,.F.);
#3496 = ORIENTED_EDGE('',*,*,#3160,.T.);
#3497 = ORIENTED_EDGE('',*,*,#3218,.F.);
#3498 = ORIENTED_EDGE('',*,*,#3499,.F.);
#3499 = EDGE_CURVE('',#3243,#3219,#3500,.T.);
#3500 = LINE('',#3501,#3502);
#3501 = CARTESIAN_POINT('',(0.15,0.75,0.));
#3502 = VECTOR('',#3503,1.);
#3503 = DIRECTION('',(0.,-1.,0.));
#3504 = ORIENTED_EDGE('',*,*,#3250,.F.);
#3505 = ORIENTED_EDGE('',*,*,#3506,.F.);
#3506 = EDGE_CURVE('',#3203,#3251,#3507,.T.);
#3507 = LINE('',#3508,#3509);
#3508 = CARTESIAN_POINT('',(0.15,0.75,0.));
#3509 = VECTOR('',#3510,1.);
#3510 = DIRECTION('',(0.,-1.,0.));
#3511 = ORIENTED_EDGE('',*,*,#3200,.F.);
#3512 = ORIENTED_EDGE('',*,*,#3376,.F.);
#3513 = ORIENTED_EDGE('',*,*,#3426,.F.);
#3514 = ORIENTED_EDGE('',*,*,#3401,.F.);
#3515 = ORIENTED_EDGE('',*,*,#3306,.F.);
#3516 = ORIENTED_EDGE('',*,*,#3517,.F.);
#3517 = EDGE_CURVE('',#3331,#3307,#3518,.T.);
#3518 = LINE('',#3519,#3520);
#3519 = CARTESIAN_POINT('',(6.15,-5.25,0.));
#3520 = VECTOR('',#3521,1.);
#3521 = DIRECTION('',(0.,1.,0.));
#3522 = ORIENTED_EDGE('',*,*,#3338,.F.);
#3523 = ORIENTED_EDGE('',*,*,#3524,.F.);
#3524 = EDGE_CURVE('',#3289,#3339,#3525,.T.);
#3525 = LINE('',#3526,#3527);
#3526 = CARTESIAN_POINT('',(6.15,-5.25,0.));
#3527 = VECTOR('',#3528,1.);
#3528 = DIRECTION('',(0.,1.,0.));
#3529 = ORIENTED_EDGE('',*,*,#3288,.F.);
#3530 = ORIENTED_EDGE('',*,*,#3175,.F.);
#3531 = PLANE('',#3532);
#3532 = AXIS2_PLACEMENT_3D('',#3533,#3534,#3535);
#3533 = CARTESIAN_POINT('',(0.15,-5.25,0.));
#3534 = DIRECTION('',(0.,0.,-1.));
#3535 = DIRECTION('',(-1.,0.,0.));
#3536 = ADVANCED_FACE('',(#3537),#3681,.F.);
#3537 = FACE_BOUND('',#3538,.F.);
#3538 = EDGE_LOOP('',(#3539,#3549,#3558,#3566,#3575,#3583,#3591,#3599,
    #3608,#3616,#3625,#3633,#3642,#3648,#3649,#3657,#3666,#3674));
#3539 = ORIENTED_EDGE('',*,*,#3540,.T.);
#3540 = EDGE_CURVE('',#3541,#3543,#3545,.T.);
#3541 = VERTEX_POINT('',#3542);
#3542 = CARTESIAN_POINT('',(-0.162230377286,0.35,-0.540767924286));
#3543 = VERTEX_POINT('',#3544);
#3544 = CARTESIAN_POINT('',(-0.425000733956,0.35,-1.416669113186));
#3545 = LINE('',#3546,#3547);
#3546 = CARTESIAN_POINT('',(-0.15,0.35,-0.5));
#3547 = VECTOR('',#3548,1.);
#3548 = DIRECTION('',(-0.287347885566,5.31700397722E-16,-0.957826285221)
  );
#3549 = ORIENTED_EDGE('',*,*,#3550,.T.);
#3550 = EDGE_CURVE('',#3543,#3551,#3553,.T.);
#3551 = VERTEX_POINT('',#3552);
#3552 = CARTESIAN_POINT('',(-0.425000733956,0.35,-1.583330886814));
#3553 = CIRCLE('',#3554,0.29);
#3554 = AXIS2_PLACEMENT_3D('',#3555,#3556,#3557);
#3555 = CARTESIAN_POINT('',(-0.147231111242,0.35,-1.5));
#3556 = DIRECTION('',(0.,-1.,-3.330669073875E-16));
#3557 = DIRECTION('',(0.,-3.330669073875E-16,1.));
#3558 = ORIENTED_EDGE('',*,*,#3559,.T.);
#3559 = EDGE_CURVE('',#3551,#3560,#3562,.T.);
#3560 = VERTEX_POINT('',#3561);
#3561 = CARTESIAN_POINT('',(-0.162230377286,0.35,-2.459232075714));
#3562 = LINE('',#3563,#3564);
#3563 = CARTESIAN_POINT('',(-0.45,0.35,-1.5));
#3564 = VECTOR('',#3565,1.);
#3565 = DIRECTION('',(0.287347885566,5.31700397722E-16,-0.957826285221)
  );
#3566 = ORIENTED_EDGE('',*,*,#3567,.F.);
#3567 = EDGE_CURVE('',#3568,#3560,#3570,.T.);
#3568 = VERTEX_POINT('',#3569);
#3569 = CARTESIAN_POINT('',(-0.15,0.35,-2.542562962528));
#3570 = CIRCLE('',#3571,0.29);
#3571 = AXIS2_PLACEMENT_3D('',#3572,#3573,#3574);
#3572 = CARTESIAN_POINT('',(-0.44,0.35,-2.542562962528));
#3573 = DIRECTION('',(0.,-1.,-3.330669073875E-16));
#3574 = DIRECTION('',(0.,-3.330669073875E-16,1.));
#3575 = ORIENTED_EDGE('',*,*,#3576,.F.);
#3576 = EDGE_CURVE('',#3577,#3568,#3579,.T.);
#3577 = VERTEX_POINT('',#3578);
#3578 = CARTESIAN_POINT('',(-0.15,0.35,-3.5));
#3579 = LINE('',#3580,#3581);
#3580 = CARTESIAN_POINT('',(-0.15,0.35,-3.5));
#3581 = VECTOR('',#3582,1.);
#3582 = DIRECTION('',(0.,-5.551115123126E-16,1.));
#3583 = ORIENTED_EDGE('',*,*,#3584,.F.);
#3584 = EDGE_CURVE('',#3585,#3577,#3587,.T.);
#3585 = VERTEX_POINT('',#3586);
#3586 = CARTESIAN_POINT('',(0.15,0.35,-3.5));
#3587 = LINE('',#3588,#3589);
#3588 = CARTESIAN_POINT('',(0.15,0.35,-3.5));
#3589 = VECTOR('',#3590,1.);
#3590 = DIRECTION('',(-1.,-0.,0.));
#3591 = ORIENTED_EDGE('',*,*,#3592,.F.);
#3592 = EDGE_CURVE('',#3593,#3585,#3595,.T.);
#3593 = VERTEX_POINT('',#3594);
#3594 = CARTESIAN_POINT('',(0.15,0.35,-2.542562962528));
#3595 = LINE('',#3596,#3597);
#3596 = CARTESIAN_POINT('',(0.15,0.35,-2.5));
#3597 = VECTOR('',#3598,1.);
#3598 = DIRECTION('',(0.,5.551115123126E-16,-1.));
#3599 = ORIENTED_EDGE('',*,*,#3600,.F.);
#3600 = EDGE_CURVE('',#3601,#3593,#3603,.T.);
#3601 = VERTEX_POINT('',#3602);
#3602 = CARTESIAN_POINT('',(0.137769622714,0.35,-2.459232075714));
#3603 = CIRCLE('',#3604,0.29);
#3604 = AXIS2_PLACEMENT_3D('',#3605,#3606,#3607);
#3605 = CARTESIAN_POINT('',(-0.14,0.35,-2.542562962528));
#3606 = DIRECTION('',(-0.,1.,3.330669073875E-16));
#3607 = DIRECTION('',(0.,-3.330669073875E-16,1.));
#3608 = ORIENTED_EDGE('',*,*,#3609,.T.);
#3609 = EDGE_CURVE('',#3601,#3610,#3612,.T.);
#3610 = VERTEX_POINT('',#3611);
#3611 = CARTESIAN_POINT('',(-0.125000733956,0.35,-1.583330886814));
#3612 = LINE('',#3613,#3614);
#3613 = CARTESIAN_POINT('',(0.15,0.35,-2.5));
#3614 = VECTOR('',#3615,1.);
#3615 = DIRECTION('',(-0.287347885566,-5.31700397722E-16,0.957826285221)
  );
#3616 = ORIENTED_EDGE('',*,*,#3617,.F.);
#3617 = EDGE_CURVE('',#3618,#3610,#3620,.T.);
#3618 = VERTEX_POINT('',#3619);
#3619 = CARTESIAN_POINT('',(-0.125000733956,0.35,-1.416669113186));
#3620 = CIRCLE('',#3621,0.29);
#3621 = AXIS2_PLACEMENT_3D('',#3622,#3623,#3624);
#3622 = CARTESIAN_POINT('',(0.152768888758,0.35,-1.5));
#3623 = DIRECTION('',(0.,-1.,-3.330669073875E-16));
#3624 = DIRECTION('',(0.,-3.330669073875E-16,1.));
#3625 = ORIENTED_EDGE('',*,*,#3626,.T.);
#3626 = EDGE_CURVE('',#3618,#3627,#3629,.T.);
#3627 = VERTEX_POINT('',#3628);
#3628 = CARTESIAN_POINT('',(0.137769622714,0.35,-0.540767924286));
#3629 = LINE('',#3630,#3631);
#3630 = CARTESIAN_POINT('',(-0.15,0.35,-1.5));
#3631 = VECTOR('',#3632,1.);
#3632 = DIRECTION('',(0.287347885566,-5.31700397722E-16,0.957826285221)
  );
#3633 = ORIENTED_EDGE('',*,*,#3634,.F.);
#3634 = EDGE_CURVE('',#3635,#3627,#3637,.T.);
#3635 = VERTEX_POINT('',#3636);
#3636 = CARTESIAN_POINT('',(0.15,0.35,-0.457437037472));
#3637 = CIRCLE('',#3638,0.29);
#3638 = AXIS2_PLACEMENT_3D('',#3639,#3640,#3641);
#3639 = CARTESIAN_POINT('',(-0.14,0.35,-0.457437037472));
#3640 = DIRECTION('',(-0.,1.,3.330669073875E-16));
#3641 = DIRECTION('',(0.,-3.330669073875E-16,1.));
#3642 = ORIENTED_EDGE('',*,*,#3643,.F.);
#3643 = EDGE_CURVE('',#3203,#3635,#3644,.T.);
#3644 = LINE('',#3645,#3646);
#3645 = CARTESIAN_POINT('',(0.15,0.35,1.5));
#3646 = VECTOR('',#3647,1.);
#3647 = DIRECTION('',(0.,5.551115123126E-16,-1.));
#3648 = ORIENTED_EDGE('',*,*,#3274,.F.);
#3649 = ORIENTED_EDGE('',*,*,#3650,.F.);
#3650 = EDGE_CURVE('',#3651,#3267,#3653,.T.);
#3651 = VERTEX_POINT('',#3652);
#3652 = CARTESIAN_POINT('',(0.14,0.35,1.5));
#3653 = LINE('',#3654,#3655);
#3654 = CARTESIAN_POINT('',(-0.15,0.35,1.5));
#3655 = VECTOR('',#3656,1.);
#3656 = DIRECTION('',(1.,0.,0.));
#3657 = ORIENTED_EDGE('',*,*,#3658,.F.);
#3658 = EDGE_CURVE('',#3659,#3651,#3661,.T.);
#3659 = VERTEX_POINT('',#3660);
#3660 = CARTESIAN_POINT('',(-0.15,0.35,1.21));
#3661 = CIRCLE('',#3662,0.29);
#3662 = AXIS2_PLACEMENT_3D('',#3663,#3664,#3665);
#3663 = CARTESIAN_POINT('',(0.14,0.35,1.21));
#3664 = DIRECTION('',(-0.,1.,3.330669073875E-16));
#3665 = DIRECTION('',(0.,-3.330669073875E-16,1.));
#3666 = ORIENTED_EDGE('',*,*,#3667,.F.);
#3667 = EDGE_CURVE('',#3668,#3659,#3670,.T.);
#3668 = VERTEX_POINT('',#3669);
#3669 = CARTESIAN_POINT('',(-0.15,0.35,-0.457437037472));
#3670 = LINE('',#3671,#3672);
#3671 = CARTESIAN_POINT('',(-0.15,0.35,-0.5));
#3672 = VECTOR('',#3673,1.);
#3673 = DIRECTION('',(0.,-5.551115123126E-16,1.));
#3674 = ORIENTED_EDGE('',*,*,#3675,.F.);
#3675 = EDGE_CURVE('',#3541,#3668,#3676,.T.);
#3676 = CIRCLE('',#3677,0.29);
#3677 = AXIS2_PLACEMENT_3D('',#3678,#3679,#3680);
#3678 = CARTESIAN_POINT('',(-0.44,0.35,-0.457437037472));
#3679 = DIRECTION('',(0.,-1.,-3.330669073875E-16));
#3680 = DIRECTION('',(0.,-3.330669073875E-16,1.));
#3681 = PLANE('',#3682);
#3682 = AXIS2_PLACEMENT_3D('',#3683,#3684,#3685);
#3683 = CARTESIAN_POINT('',(-0.15,0.35,-0.5));
#3684 = DIRECTION('',(1.64346021921E-31,-1.,-5.551115123126E-16));
#3685 = DIRECTION('',(0.,5.551115123126E-16,-1.));
#3686 = ADVANCED_FACE('',(#3687),#3705,.F.);
#3687 = FACE_BOUND('',#3688,.F.);
#3688 = EDGE_LOOP('',(#3689,#3697,#3703,#3704));
#3689 = ORIENTED_EDGE('',*,*,#3690,.F.);
#3690 = EDGE_CURVE('',#3691,#3259,#3693,.T.);
#3691 = VERTEX_POINT('',#3692);
#3692 = CARTESIAN_POINT('',(0.14,-0.35,1.5));
#3693 = LINE('',#3694,#3695);
#3694 = CARTESIAN_POINT('',(-0.15,-0.35,1.5));
#3695 = VECTOR('',#3696,1.);
#3696 = DIRECTION('',(1.,0.,0.));
#3697 = ORIENTED_EDGE('',*,*,#3698,.T.);
#3698 = EDGE_CURVE('',#3691,#3651,#3699,.T.);
#3699 = LINE('',#3700,#3701);
#3700 = CARTESIAN_POINT('',(0.14,-0.35,1.5));
#3701 = VECTOR('',#3702,1.);
#3702 = DIRECTION('',(0.,1.,3.330669073875E-16));
#3703 = ORIENTED_EDGE('',*,*,#3650,.T.);
#3704 = ORIENTED_EDGE('',*,*,#3266,.F.);
#3705 = PLANE('',#3706);
#3706 = AXIS2_PLACEMENT_3D('',#3707,#3708,#3709);
#3707 = CARTESIAN_POINT('',(-0.15,-0.35,1.5));
#3708 = DIRECTION('',(0.,3.330669073875E-16,-1.));
#3709 = DIRECTION('',(1.,0.,0.));
#3710 = ADVANCED_FACE('',(#3711),#3848,.T.);
#3711 = FACE_BOUND('',#3712,.T.);
#3712 = EDGE_LOOP('',(#3713,#3723,#3732,#3740,#3749,#3757,#3765,#3773,
    #3782,#3790,#3799,#3807,#3816,#3822,#3823,#3824,#3833,#3841));
#3713 = ORIENTED_EDGE('',*,*,#3714,.T.);
#3714 = EDGE_CURVE('',#3715,#3717,#3719,.T.);
#3715 = VERTEX_POINT('',#3716);
#3716 = CARTESIAN_POINT('',(-0.162230377286,-0.35,-0.540767924286));
#3717 = VERTEX_POINT('',#3718);
#3718 = CARTESIAN_POINT('',(-0.425000733956,-0.35,-1.416669113186));
#3719 = LINE('',#3720,#3721);
#3720 = CARTESIAN_POINT('',(-0.15,-0.35,-0.5));
#3721 = VECTOR('',#3722,1.);
#3722 = DIRECTION('',(-0.287347885566,5.31700397722E-16,-0.957826285221)
  );
#3723 = ORIENTED_EDGE('',*,*,#3724,.T.);
#3724 = EDGE_CURVE('',#3717,#3725,#3727,.T.);
#3725 = VERTEX_POINT('',#3726);
#3726 = CARTESIAN_POINT('',(-0.425000733956,-0.35,-1.583330886814));
#3727 = CIRCLE('',#3728,0.29);
#3728 = AXIS2_PLACEMENT_3D('',#3729,#3730,#3731);
#3729 = CARTESIAN_POINT('',(-0.147231111242,-0.35,-1.5));
#3730 = DIRECTION('',(0.,-1.,-3.330669073875E-16));
#3731 = DIRECTION('',(0.,-3.330669073875E-16,1.));
#3732 = ORIENTED_EDGE('',*,*,#3733,.T.);
#3733 = EDGE_CURVE('',#3725,#3734,#3736,.T.);
#3734 = VERTEX_POINT('',#3735);
#3735 = CARTESIAN_POINT('',(-0.162230377286,-0.35,-2.459232075714));
#3736 = LINE('',#3737,#3738);
#3737 = CARTESIAN_POINT('',(-0.45,-0.35,-1.5));
#3738 = VECTOR('',#3739,1.);
#3739 = DIRECTION('',(0.287347885566,5.31700397722E-16,-0.957826285221)
  );
#3740 = ORIENTED_EDGE('',*,*,#3741,.F.);
#3741 = EDGE_CURVE('',#3742,#3734,#3744,.T.);
#3742 = VERTEX_POINT('',#3743);
#3743 = CARTESIAN_POINT('',(-0.15,-0.35,-2.542562962528));
#3744 = CIRCLE('',#3745,0.29);
#3745 = AXIS2_PLACEMENT_3D('',#3746,#3747,#3748);
#3746 = CARTESIAN_POINT('',(-0.44,-0.35,-2.542562962528));
#3747 = DIRECTION('',(0.,-1.,-3.330669073875E-16));
#3748 = DIRECTION('',(0.,-3.330669073875E-16,1.));
#3749 = ORIENTED_EDGE('',*,*,#3750,.F.);
#3750 = EDGE_CURVE('',#3751,#3742,#3753,.T.);
#3751 = VERTEX_POINT('',#3752);
#3752 = CARTESIAN_POINT('',(-0.15,-0.35,-3.5));
#3753 = LINE('',#3754,#3755);
#3754 = CARTESIAN_POINT('',(-0.15,-0.35,-3.5));
#3755 = VECTOR('',#3756,1.);
#3756 = DIRECTION('',(0.,-5.551115123126E-16,1.));
#3757 = ORIENTED_EDGE('',*,*,#3758,.F.);
#3758 = EDGE_CURVE('',#3759,#3751,#3761,.T.);
#3759 = VERTEX_POINT('',#3760);
#3760 = CARTESIAN_POINT('',(0.15,-0.35,-3.5));
#3761 = LINE('',#3762,#3763);
#3762 = CARTESIAN_POINT('',(0.15,-0.35,-3.5));
#3763 = VECTOR('',#3764,1.);
#3764 = DIRECTION('',(-1.,-0.,0.));
#3765 = ORIENTED_EDGE('',*,*,#3766,.F.);
#3766 = EDGE_CURVE('',#3767,#3759,#3769,.T.);
#3767 = VERTEX_POINT('',#3768);
#3768 = CARTESIAN_POINT('',(0.15,-0.35,-2.542562962528));
#3769 = LINE('',#3770,#3771);
#3770 = CARTESIAN_POINT('',(0.15,-0.35,-2.5));
#3771 = VECTOR('',#3772,1.);
#3772 = DIRECTION('',(0.,5.551115123126E-16,-1.));
#3773 = ORIENTED_EDGE('',*,*,#3774,.F.);
#3774 = EDGE_CURVE('',#3775,#3767,#3777,.T.);
#3775 = VERTEX_POINT('',#3776);
#3776 = CARTESIAN_POINT('',(0.137769622714,-0.35,-2.459232075714));
#3777 = CIRCLE('',#3778,0.29);
#3778 = AXIS2_PLACEMENT_3D('',#3779,#3780,#3781);
#3779 = CARTESIAN_POINT('',(-0.14,-0.35,-2.542562962528));
#3780 = DIRECTION('',(-0.,1.,3.330669073875E-16));
#3781 = DIRECTION('',(0.,-3.330669073875E-16,1.));
#3782 = ORIENTED_EDGE('',*,*,#3783,.T.);
#3783 = EDGE_CURVE('',#3775,#3784,#3786,.T.);
#3784 = VERTEX_POINT('',#3785);
#3785 = CARTESIAN_POINT('',(-0.125000733956,-0.35,-1.583330886814));
#3786 = LINE('',#3787,#3788);
#3787 = CARTESIAN_POINT('',(0.15,-0.35,-2.5));
#3788 = VECTOR('',#3789,1.);
#3789 = DIRECTION('',(-0.287347885566,-5.31700397722E-16,0.957826285221)
  );
#3790 = ORIENTED_EDGE('',*,*,#3791,.F.);
#3791 = EDGE_CURVE('',#3792,#3784,#3794,.T.);
#3792 = VERTEX_POINT('',#3793);
#3793 = CARTESIAN_POINT('',(-0.125000733956,-0.35,-1.416669113186));
#3794 = CIRCLE('',#3795,0.29);
#3795 = AXIS2_PLACEMENT_3D('',#3796,#3797,#3798);
#3796 = CARTESIAN_POINT('',(0.152768888758,-0.35,-1.5));
#3797 = DIRECTION('',(0.,-1.,-3.330669073875E-16));
#3798 = DIRECTION('',(0.,-3.330669073875E-16,1.));
#3799 = ORIENTED_EDGE('',*,*,#3800,.T.);
#3800 = EDGE_CURVE('',#3792,#3801,#3803,.T.);
#3801 = VERTEX_POINT('',#3802);
#3802 = CARTESIAN_POINT('',(0.137769622714,-0.35,-0.540767924286));
#3803 = LINE('',#3804,#3805);
#3804 = CARTESIAN_POINT('',(-0.15,-0.35,-1.5));
#3805 = VECTOR('',#3806,1.);
#3806 = DIRECTION('',(0.287347885566,-5.31700397722E-16,0.957826285221)
  );
#3807 = ORIENTED_EDGE('',*,*,#3808,.F.);
#3808 = EDGE_CURVE('',#3809,#3801,#3811,.T.);
#3809 = VERTEX_POINT('',#3810);
#3810 = CARTESIAN_POINT('',(0.15,-0.35,-0.457437037472));
#3811 = CIRCLE('',#3812,0.29);
#3812 = AXIS2_PLACEMENT_3D('',#3813,#3814,#3815);
#3813 = CARTESIAN_POINT('',(-0.14,-0.35,-0.457437037472));
#3814 = DIRECTION('',(-0.,1.,3.330669073875E-16));
#3815 = DIRECTION('',(0.,-3.330669073875E-16,1.));
#3816 = ORIENTED_EDGE('',*,*,#3817,.F.);
#3817 = EDGE_CURVE('',#3251,#3809,#3818,.T.);
#3818 = LINE('',#3819,#3820);
#3819 = CARTESIAN_POINT('',(0.15,-0.35,1.5));
#3820 = VECTOR('',#3821,1.);
#3821 = DIRECTION('',(0.,5.551115123126E-16,-1.));
#3822 = ORIENTED_EDGE('',*,*,#3258,.F.);
#3823 = ORIENTED_EDGE('',*,*,#3690,.F.);
#3824 = ORIENTED_EDGE('',*,*,#3825,.F.);
#3825 = EDGE_CURVE('',#3826,#3691,#3828,.T.);
#3826 = VERTEX_POINT('',#3827);
#3827 = CARTESIAN_POINT('',(-0.15,-0.35,1.21));
#3828 = CIRCLE('',#3829,0.29);
#3829 = AXIS2_PLACEMENT_3D('',#3830,#3831,#3832);
#3830 = CARTESIAN_POINT('',(0.14,-0.35,1.21));
#3831 = DIRECTION('',(-0.,1.,3.330669073875E-16));
#3832 = DIRECTION('',(0.,-3.330669073875E-16,1.));
#3833 = ORIENTED_EDGE('',*,*,#3834,.F.);
#3834 = EDGE_CURVE('',#3835,#3826,#3837,.T.);
#3835 = VERTEX_POINT('',#3836);
#3836 = CARTESIAN_POINT('',(-0.15,-0.35,-0.457437037472));
#3837 = LINE('',#3838,#3839);
#3838 = CARTESIAN_POINT('',(-0.15,-0.35,-0.5));
#3839 = VECTOR('',#3840,1.);
#3840 = DIRECTION('',(0.,-5.551115123126E-16,1.));
#3841 = ORIENTED_EDGE('',*,*,#3842,.F.);
#3842 = EDGE_CURVE('',#3715,#3835,#3843,.T.);
#3843 = CIRCLE('',#3844,0.29);
#3844 = AXIS2_PLACEMENT_3D('',#3845,#3846,#3847);
#3845 = CARTESIAN_POINT('',(-0.44,-0.35,-0.457437037472));
#3846 = DIRECTION('',(0.,-1.,-3.330669073875E-16));
#3847 = DIRECTION('',(0.,-3.330669073875E-16,1.));
#3848 = PLANE('',#3849);
#3849 = AXIS2_PLACEMENT_3D('',#3850,#3851,#3852);
#3850 = CARTESIAN_POINT('',(-0.15,-0.35,-0.5));
#3851 = DIRECTION('',(1.64346021921E-31,-1.,-5.551115123126E-16));
#3852 = DIRECTION('',(0.,5.551115123126E-16,-1.));
#3853 = ADVANCED_FACE('',(#3854),#3998,.T.);
#3854 = FACE_BOUND('',#3855,.T.);
#3855 = EDGE_LOOP('',(#3856,#3866,#3875,#3883,#3892,#3900,#3908,#3916,
    #3925,#3933,#3942,#3950,#3959,#3965,#3966,#3974,#3983,#3991));
#3856 = ORIENTED_EDGE('',*,*,#3857,.T.);
#3857 = EDGE_CURVE('',#3858,#3860,#3862,.T.);
#3858 = VERTEX_POINT('',#3859);
#3859 = CARTESIAN_POINT('',(-0.162230377286,-4.85,-0.540767924286));
#3860 = VERTEX_POINT('',#3861);
#3861 = CARTESIAN_POINT('',(-0.425000733956,-4.85,-1.416669113186));
#3862 = LINE('',#3863,#3864);
#3863 = CARTESIAN_POINT('',(-0.15,-4.85,-0.5));
#3864 = VECTOR('',#3865,1.);
#3865 = DIRECTION('',(-0.287347885566,5.31700397722E-16,-0.957826285221)
  );
#3866 = ORIENTED_EDGE('',*,*,#3867,.T.);
#3867 = EDGE_CURVE('',#3860,#3868,#3870,.T.);
#3868 = VERTEX_POINT('',#3869);
#3869 = CARTESIAN_POINT('',(-0.425000733956,-4.85,-1.583330886814));
#3870 = CIRCLE('',#3871,0.29);
#3871 = AXIS2_PLACEMENT_3D('',#3872,#3873,#3874);
#3872 = CARTESIAN_POINT('',(-0.147231111242,-4.85,-1.5));
#3873 = DIRECTION('',(0.,-1.,-3.330669073875E-16));
#3874 = DIRECTION('',(0.,-3.330669073875E-16,1.));
#3875 = ORIENTED_EDGE('',*,*,#3876,.T.);
#3876 = EDGE_CURVE('',#3868,#3877,#3879,.T.);
#3877 = VERTEX_POINT('',#3878);
#3878 = CARTESIAN_POINT('',(-0.162230377286,-4.85,-2.459232075714));
#3879 = LINE('',#3880,#3881);
#3880 = CARTESIAN_POINT('',(-0.45,-4.85,-1.5));
#3881 = VECTOR('',#3882,1.);
#3882 = DIRECTION('',(0.287347885566,5.31700397722E-16,-0.957826285221)
  );
#3883 = ORIENTED_EDGE('',*,*,#3884,.F.);
#3884 = EDGE_CURVE('',#3885,#3877,#3887,.T.);
#3885 = VERTEX_POINT('',#3886);
#3886 = CARTESIAN_POINT('',(-0.15,-4.85,-2.542562962528));
#3887 = CIRCLE('',#3888,0.29);
#3888 = AXIS2_PLACEMENT_3D('',#3889,#3890,#3891);
#3889 = CARTESIAN_POINT('',(-0.44,-4.85,-2.542562962528));
#3890 = DIRECTION('',(0.,-1.,-3.330669073875E-16));
#3891 = DIRECTION('',(0.,-3.330669073875E-16,1.));
#3892 = ORIENTED_EDGE('',*,*,#3893,.F.);
#3893 = EDGE_CURVE('',#3894,#3885,#3896,.T.);
#3894 = VERTEX_POINT('',#3895);
#3895 = CARTESIAN_POINT('',(-0.15,-4.85,-3.5));
#3896 = LINE('',#3897,#3898);
#3897 = CARTESIAN_POINT('',(-0.15,-4.85,-3.5));
#3898 = VECTOR('',#3899,1.);
#3899 = DIRECTION('',(0.,-5.551115123126E-16,1.));
#3900 = ORIENTED_EDGE('',*,*,#3901,.F.);
#3901 = EDGE_CURVE('',#3902,#3894,#3904,.T.);
#3902 = VERTEX_POINT('',#3903);
#3903 = CARTESIAN_POINT('',(0.15,-4.85,-3.5));
#3904 = LINE('',#3905,#3906);
#3905 = CARTESIAN_POINT('',(0.15,-4.85,-3.5));
#3906 = VECTOR('',#3907,1.);
#3907 = DIRECTION('',(-1.,-0.,0.));
#3908 = ORIENTED_EDGE('',*,*,#3909,.F.);
#3909 = EDGE_CURVE('',#3910,#3902,#3912,.T.);
#3910 = VERTEX_POINT('',#3911);
#3911 = CARTESIAN_POINT('',(0.15,-4.85,-2.542562962528));
#3912 = LINE('',#3913,#3914);
#3913 = CARTESIAN_POINT('',(0.15,-4.85,-2.5));
#3914 = VECTOR('',#3915,1.);
#3915 = DIRECTION('',(0.,5.551115123126E-16,-1.));
#3916 = ORIENTED_EDGE('',*,*,#3917,.F.);
#3917 = EDGE_CURVE('',#3918,#3910,#3920,.T.);
#3918 = VERTEX_POINT('',#3919);
#3919 = CARTESIAN_POINT('',(0.137769622714,-4.85,-2.459232075714));
#3920 = CIRCLE('',#3921,0.29);
#3921 = AXIS2_PLACEMENT_3D('',#3922,#3923,#3924);
#3922 = CARTESIAN_POINT('',(-0.14,-4.85,-2.542562962528));
#3923 = DIRECTION('',(-0.,1.,3.330669073875E-16));
#3924 = DIRECTION('',(0.,-3.330669073875E-16,1.));
#3925 = ORIENTED_EDGE('',*,*,#3926,.T.);
#3926 = EDGE_CURVE('',#3918,#3927,#3929,.T.);
#3927 = VERTEX_POINT('',#3928);
#3928 = CARTESIAN_POINT('',(-0.125000733956,-4.85,-1.583330886814));
#3929 = LINE('',#3930,#3931);
#3930 = CARTESIAN_POINT('',(0.15,-4.85,-2.5));
#3931 = VECTOR('',#3932,1.);
#3932 = DIRECTION('',(-0.287347885566,-5.31700397722E-16,0.957826285221)
  );
#3933 = ORIENTED_EDGE('',*,*,#3934,.F.);
#3934 = EDGE_CURVE('',#3935,#3927,#3937,.T.);
#3935 = VERTEX_POINT('',#3936);
#3936 = CARTESIAN_POINT('',(-0.125000733956,-4.85,-1.416669113186));
#3937 = CIRCLE('',#3938,0.29);
#3938 = AXIS2_PLACEMENT_3D('',#3939,#3940,#3941);
#3939 = CARTESIAN_POINT('',(0.152768888758,-4.85,-1.5));
#3940 = DIRECTION('',(0.,-1.,-3.330669073875E-16));
#3941 = DIRECTION('',(0.,-3.330669073875E-16,1.));
#3942 = ORIENTED_EDGE('',*,*,#3943,.T.);
#3943 = EDGE_CURVE('',#3935,#3944,#3946,.T.);
#3944 = VERTEX_POINT('',#3945);
#3945 = CARTESIAN_POINT('',(0.137769622714,-4.85,-0.540767924286));
#3946 = LINE('',#3947,#3948);
#3947 = CARTESIAN_POINT('',(-0.15,-4.85,-1.5));
#3948 = VECTOR('',#3949,1.);
#3949 = DIRECTION('',(0.287347885566,-5.31700397722E-16,0.957826285221)
  );
#3950 = ORIENTED_EDGE('',*,*,#3951,.F.);
#3951 = EDGE_CURVE('',#3952,#3944,#3954,.T.);
#3952 = VERTEX_POINT('',#3953);
#3953 = CARTESIAN_POINT('',(0.15,-4.85,-0.457437037472));
#3954 = CIRCLE('',#3955,0.29);
#3955 = AXIS2_PLACEMENT_3D('',#3956,#3957,#3958);
#3956 = CARTESIAN_POINT('',(-0.14,-4.85,-0.457437037472));
#3957 = DIRECTION('',(-0.,1.,3.330669073875E-16));
#3958 = DIRECTION('',(0.,-3.330669073875E-16,1.));
#3959 = ORIENTED_EDGE('',*,*,#3960,.F.);
#3960 = EDGE_CURVE('',#3219,#3952,#3961,.T.);
#3961 = LINE('',#3962,#3963);
#3962 = CARTESIAN_POINT('',(0.15,-4.85,1.5));
#3963 = VECTOR('',#3964,1.);
#3964 = DIRECTION('',(0.,5.551115123126E-16,-1.));
#3965 = ORIENTED_EDGE('',*,*,#3226,.F.);
#3966 = ORIENTED_EDGE('',*,*,#3967,.F.);
#3967 = EDGE_CURVE('',#3968,#3227,#3970,.T.);
#3968 = VERTEX_POINT('',#3969);
#3969 = CARTESIAN_POINT('',(0.14,-4.85,1.5));
#3970 = LINE('',#3971,#3972);
#3971 = CARTESIAN_POINT('',(-0.15,-4.85,1.5));
#3972 = VECTOR('',#3973,1.);
#3973 = DIRECTION('',(1.,0.,0.));
#3974 = ORIENTED_EDGE('',*,*,#3975,.F.);
#3975 = EDGE_CURVE('',#3976,#3968,#3978,.T.);
#3976 = VERTEX_POINT('',#3977);
#3977 = CARTESIAN_POINT('',(-0.15,-4.85,1.21));
#3978 = CIRCLE('',#3979,0.29);
#3979 = AXIS2_PLACEMENT_3D('',#3980,#3981,#3982);
#3980 = CARTESIAN_POINT('',(0.14,-4.85,1.21));
#3981 = DIRECTION('',(-0.,1.,3.330669073875E-16));
#3982 = DIRECTION('',(0.,-3.330669073875E-16,1.));
#3983 = ORIENTED_EDGE('',*,*,#3984,.F.);
#3984 = EDGE_CURVE('',#3985,#3976,#3987,.T.);
#3985 = VERTEX_POINT('',#3986);
#3986 = CARTESIAN_POINT('',(-0.15,-4.85,-0.457437037472));
#3987 = LINE('',#3988,#3989);
#3988 = CARTESIAN_POINT('',(-0.15,-4.85,-0.5));
#3989 = VECTOR('',#3990,1.);
#3990 = DIRECTION('',(0.,-5.551115123126E-16,1.));
#3991 = ORIENTED_EDGE('',*,*,#3992,.F.);
#3992 = EDGE_CURVE('',#3858,#3985,#3993,.T.);
#3993 = CIRCLE('',#3994,0.29);
#3994 = AXIS2_PLACEMENT_3D('',#3995,#3996,#3997);
#3995 = CARTESIAN_POINT('',(-0.44,-4.85,-0.457437037472));
#3996 = DIRECTION('',(0.,-1.,-3.330669073875E-16));
#3997 = DIRECTION('',(0.,-3.330669073875E-16,1.));
#3998 = PLANE('',#3999);
#3999 = AXIS2_PLACEMENT_3D('',#4000,#4001,#4002);
#4000 = CARTESIAN_POINT('',(-0.15,-4.85,-0.5));
#4001 = DIRECTION('',(0.,-1.,-3.330669073875E-16));
#4002 = DIRECTION('',(0.,3.330669073875E-16,-1.));
#4003 = ADVANCED_FACE('',(#4004),#4148,.F.);
#4004 = FACE_BOUND('',#4005,.F.);
#4005 = EDGE_LOOP('',(#4006,#4016,#4025,#4033,#4042,#4050,#4058,#4066,
    #4075,#4083,#4092,#4100,#4109,#4115,#4116,#4124,#4133,#4141));
#4006 = ORIENTED_EDGE('',*,*,#4007,.T.);
#4007 = EDGE_CURVE('',#4008,#4010,#4012,.T.);
#4008 = VERTEX_POINT('',#4009);
#4009 = CARTESIAN_POINT('',(-0.162230377286,-4.15,-0.540767924286));
#4010 = VERTEX_POINT('',#4011);
#4011 = CARTESIAN_POINT('',(-0.425000733956,-4.15,-1.416669113186));
#4012 = LINE('',#4013,#4014);
#4013 = CARTESIAN_POINT('',(-0.15,-4.15,-0.5));
#4014 = VECTOR('',#4015,1.);
#4015 = DIRECTION('',(-0.287347885566,5.31700397722E-16,-0.957826285221)
  );
#4016 = ORIENTED_EDGE('',*,*,#4017,.T.);
#4017 = EDGE_CURVE('',#4010,#4018,#4020,.T.);
#4018 = VERTEX_POINT('',#4019);
#4019 = CARTESIAN_POINT('',(-0.425000733956,-4.15,-1.583330886814));
#4020 = CIRCLE('',#4021,0.29);
#4021 = AXIS2_PLACEMENT_3D('',#4022,#4023,#4024);
#4022 = CARTESIAN_POINT('',(-0.147231111242,-4.15,-1.5));
#4023 = DIRECTION('',(0.,-1.,-3.330669073875E-16));
#4024 = DIRECTION('',(0.,-3.330669073875E-16,1.));
#4025 = ORIENTED_EDGE('',*,*,#4026,.T.);
#4026 = EDGE_CURVE('',#4018,#4027,#4029,.T.);
#4027 = VERTEX_POINT('',#4028);
#4028 = CARTESIAN_POINT('',(-0.162230377286,-4.15,-2.459232075714));
#4029 = LINE('',#4030,#4031);
#4030 = CARTESIAN_POINT('',(-0.45,-4.15,-1.5));
#4031 = VECTOR('',#4032,1.);
#4032 = DIRECTION('',(0.287347885566,5.31700397722E-16,-0.957826285221)
  );
#4033 = ORIENTED_EDGE('',*,*,#4034,.F.);
#4034 = EDGE_CURVE('',#4035,#4027,#4037,.T.);
#4035 = VERTEX_POINT('',#4036);
#4036 = CARTESIAN_POINT('',(-0.15,-4.15,-2.542562962528));
#4037 = CIRCLE('',#4038,0.29);
#4038 = AXIS2_PLACEMENT_3D('',#4039,#4040,#4041);
#4039 = CARTESIAN_POINT('',(-0.44,-4.15,-2.542562962528));
#4040 = DIRECTION('',(0.,-1.,-3.330669073875E-16));
#4041 = DIRECTION('',(0.,-3.330669073875E-16,1.));
#4042 = ORIENTED_EDGE('',*,*,#4043,.F.);
#4043 = EDGE_CURVE('',#4044,#4035,#4046,.T.);
#4044 = VERTEX_POINT('',#4045);
#4045 = CARTESIAN_POINT('',(-0.15,-4.15,-3.5));
#4046 = LINE('',#4047,#4048);
#4047 = CARTESIAN_POINT('',(-0.15,-4.15,-3.5));
#4048 = VECTOR('',#4049,1.);
#4049 = DIRECTION('',(0.,-5.551115123126E-16,1.));
#4050 = ORIENTED_EDGE('',*,*,#4051,.F.);
#4051 = EDGE_CURVE('',#4052,#4044,#4054,.T.);
#4052 = VERTEX_POINT('',#4053);
#4053 = CARTESIAN_POINT('',(0.15,-4.15,-3.5));
#4054 = LINE('',#4055,#4056);
#4055 = CARTESIAN_POINT('',(0.15,-4.15,-3.5));
#4056 = VECTOR('',#4057,1.);
#4057 = DIRECTION('',(-1.,-0.,0.));
#4058 = ORIENTED_EDGE('',*,*,#4059,.F.);
#4059 = EDGE_CURVE('',#4060,#4052,#4062,.T.);
#4060 = VERTEX_POINT('',#4061);
#4061 = CARTESIAN_POINT('',(0.15,-4.15,-2.542562962528));
#4062 = LINE('',#4063,#4064);
#4063 = CARTESIAN_POINT('',(0.15,-4.15,-2.5));
#4064 = VECTOR('',#4065,1.);
#4065 = DIRECTION('',(0.,5.551115123126E-16,-1.));
#4066 = ORIENTED_EDGE('',*,*,#4067,.F.);
#4067 = EDGE_CURVE('',#4068,#4060,#4070,.T.);
#4068 = VERTEX_POINT('',#4069);
#4069 = CARTESIAN_POINT('',(0.137769622714,-4.15,-2.459232075714));
#4070 = CIRCLE('',#4071,0.29);
#4071 = AXIS2_PLACEMENT_3D('',#4072,#4073,#4074);
#4072 = CARTESIAN_POINT('',(-0.14,-4.15,-2.542562962528));
#4073 = DIRECTION('',(-0.,1.,3.330669073875E-16));
#4074 = DIRECTION('',(0.,-3.330669073875E-16,1.));
#4075 = ORIENTED_EDGE('',*,*,#4076,.T.);
#4076 = EDGE_CURVE('',#4068,#4077,#4079,.T.);
#4077 = VERTEX_POINT('',#4078);
#4078 = CARTESIAN_POINT('',(-0.125000733956,-4.15,-1.583330886814));
#4079 = LINE('',#4080,#4081);
#4080 = CARTESIAN_POINT('',(0.15,-4.15,-2.5));
#4081 = VECTOR('',#4082,1.);
#4082 = DIRECTION('',(-0.287347885566,-5.31700397722E-16,0.957826285221)
  );
#4083 = ORIENTED_EDGE('',*,*,#4084,.F.);
#4084 = EDGE_CURVE('',#4085,#4077,#4087,.T.);
#4085 = VERTEX_POINT('',#4086);
#4086 = CARTESIAN_POINT('',(-0.125000733956,-4.15,-1.416669113186));
#4087 = CIRCLE('',#4088,0.29);
#4088 = AXIS2_PLACEMENT_3D('',#4089,#4090,#4091);
#4089 = CARTESIAN_POINT('',(0.152768888758,-4.15,-1.5));
#4090 = DIRECTION('',(0.,-1.,-3.330669073875E-16));
#4091 = DIRECTION('',(0.,-3.330669073875E-16,1.));
#4092 = ORIENTED_EDGE('',*,*,#4093,.T.);
#4093 = EDGE_CURVE('',#4085,#4094,#4096,.T.);
#4094 = VERTEX_POINT('',#4095);
#4095 = CARTESIAN_POINT('',(0.137769622714,-4.15,-0.540767924286));
#4096 = LINE('',#4097,#4098);
#4097 = CARTESIAN_POINT('',(-0.15,-4.15,-1.5));
#4098 = VECTOR('',#4099,1.);
#4099 = DIRECTION('',(0.287347885566,-5.31700397722E-16,0.957826285221)
  );
#4100 = ORIENTED_EDGE('',*,*,#4101,.F.);
#4101 = EDGE_CURVE('',#4102,#4094,#4104,.T.);
#4102 = VERTEX_POINT('',#4103);
#4103 = CARTESIAN_POINT('',(0.15,-4.15,-0.457437037472));
#4104 = CIRCLE('',#4105,0.29);
#4105 = AXIS2_PLACEMENT_3D('',#4106,#4107,#4108);
#4106 = CARTESIAN_POINT('',(-0.14,-4.15,-0.457437037472));
#4107 = DIRECTION('',(-0.,1.,3.330669073875E-16));
#4108 = DIRECTION('',(0.,-3.330669073875E-16,1.));
#4109 = ORIENTED_EDGE('',*,*,#4110,.F.);
#4110 = EDGE_CURVE('',#3243,#4102,#4111,.T.);
#4111 = LINE('',#4112,#4113);
#4112 = CARTESIAN_POINT('',(0.15,-4.15,1.5));
#4113 = VECTOR('',#4114,1.);
#4114 = DIRECTION('',(0.,5.551115123126E-16,-1.));
#4115 = ORIENTED_EDGE('',*,*,#3242,.F.);
#4116 = ORIENTED_EDGE('',*,*,#4117,.F.);
#4117 = EDGE_CURVE('',#4118,#3235,#4120,.T.);
#4118 = VERTEX_POINT('',#4119);
#4119 = CARTESIAN_POINT('',(0.14,-4.15,1.5));
#4120 = LINE('',#4121,#4122);
#4121 = CARTESIAN_POINT('',(-0.15,-4.15,1.5));
#4122 = VECTOR('',#4123,1.);
#4123 = DIRECTION('',(1.,0.,0.));
#4124 = ORIENTED_EDGE('',*,*,#4125,.F.);
#4125 = EDGE_CURVE('',#4126,#4118,#4128,.T.);
#4126 = VERTEX_POINT('',#4127);
#4127 = CARTESIAN_POINT('',(-0.15,-4.15,1.21));
#4128 = CIRCLE('',#4129,0.29);
#4129 = AXIS2_PLACEMENT_3D('',#4130,#4131,#4132);
#4130 = CARTESIAN_POINT('',(0.14,-4.15,1.21));
#4131 = DIRECTION('',(-0.,1.,3.330669073875E-16));
#4132 = DIRECTION('',(0.,-3.330669073875E-16,1.));
#4133 = ORIENTED_EDGE('',*,*,#4134,.F.);
#4134 = EDGE_CURVE('',#4135,#4126,#4137,.T.);
#4135 = VERTEX_POINT('',#4136);
#4136 = CARTESIAN_POINT('',(-0.15,-4.15,-0.457437037472));
#4137 = LINE('',#4138,#4139);
#4138 = CARTESIAN_POINT('',(-0.15,-4.15,-0.5));
#4139 = VECTOR('',#4140,1.);
#4140 = DIRECTION('',(0.,-5.551115123126E-16,1.));
#4141 = ORIENTED_EDGE('',*,*,#4142,.F.);
#4142 = EDGE_CURVE('',#4008,#4135,#4143,.T.);
#4143 = CIRCLE('',#4144,0.29);
#4144 = AXIS2_PLACEMENT_3D('',#4145,#4146,#4147);
#4145 = CARTESIAN_POINT('',(-0.44,-4.15,-0.457437037472));
#4146 = DIRECTION('',(0.,-1.,-3.330669073875E-16));
#4147 = DIRECTION('',(0.,-3.330669073875E-16,1.));
#4148 = PLANE('',#4149);
#4149 = AXIS2_PLACEMENT_3D('',#4150,#4151,#4152);
#4150 = CARTESIAN_POINT('',(-0.15,-4.15,-0.5));
#4151 = DIRECTION('',(0.,-1.,-3.330669073875E-16));
#4152 = DIRECTION('',(0.,3.330669073875E-16,-1.));
#4153 = ADVANCED_FACE('',(#4154),#4165,.F.);
#4154 = FACE_BOUND('',#4155,.F.);
#4155 = EDGE_LOOP('',(#4156,#4157,#4163,#4164));
#4156 = ORIENTED_EDGE('',*,*,#3967,.F.);
#4157 = ORIENTED_EDGE('',*,*,#4158,.T.);
#4158 = EDGE_CURVE('',#3968,#4118,#4159,.T.);
#4159 = LINE('',#4160,#4161);
#4160 = CARTESIAN_POINT('',(0.14,-4.85,1.5));
#4161 = VECTOR('',#4162,1.);
#4162 = DIRECTION('',(0.,1.,3.330669073875E-16));
#4163 = ORIENTED_EDGE('',*,*,#4117,.T.);
#4164 = ORIENTED_EDGE('',*,*,#3234,.F.);
#4165 = PLANE('',#4166);
#4166 = AXIS2_PLACEMENT_3D('',#4167,#4168,#4169);
#4167 = CARTESIAN_POINT('',(-0.15,-4.85,1.5));
#4168 = DIRECTION('',(0.,3.330669073875E-16,-1.));
#4169 = DIRECTION('',(1.,0.,0.));
#4170 = ADVANCED_FACE('',(#4171),#4315,.F.);
#4171 = FACE_BOUND('',#4172,.F.);
#4172 = EDGE_LOOP('',(#4173,#4183,#4192,#4200,#4209,#4217,#4225,#4233,
    #4242,#4250,#4259,#4267,#4276,#4282,#4283,#4291,#4300,#4308));
#4173 = ORIENTED_EDGE('',*,*,#4174,.T.);
#4174 = EDGE_CURVE('',#4175,#4177,#4179,.T.);
#4175 = VERTEX_POINT('',#4176);
#4176 = CARTESIAN_POINT('',(6.462230377286,-4.85,-0.540767924286));
#4177 = VERTEX_POINT('',#4178);
#4178 = CARTESIAN_POINT('',(6.725000733956,-4.85,-1.416669113186));
#4179 = LINE('',#4180,#4181);
#4180 = CARTESIAN_POINT('',(6.45,-4.85,-0.5));
#4181 = VECTOR('',#4182,1.);
#4182 = DIRECTION('',(0.287347885566,5.31700397722E-16,-0.957826285221)
  );
#4183 = ORIENTED_EDGE('',*,*,#4184,.T.);
#4184 = EDGE_CURVE('',#4177,#4185,#4187,.T.);
#4185 = VERTEX_POINT('',#4186);
#4186 = CARTESIAN_POINT('',(6.725000733956,-4.85,-1.583330886814));
#4187 = CIRCLE('',#4188,0.29);
#4188 = AXIS2_PLACEMENT_3D('',#4189,#4190,#4191);
#4189 = CARTESIAN_POINT('',(6.447231111242,-4.85,-1.5));
#4190 = DIRECTION('',(-0.,1.,3.330669073875E-16));
#4191 = DIRECTION('',(0.,-3.330669073875E-16,1.));
#4192 = ORIENTED_EDGE('',*,*,#4193,.T.);
#4193 = EDGE_CURVE('',#4185,#4194,#4196,.T.);
#4194 = VERTEX_POINT('',#4195);
#4195 = CARTESIAN_POINT('',(6.462230377286,-4.85,-2.459232075714));
#4196 = LINE('',#4197,#4198);
#4197 = CARTESIAN_POINT('',(6.75,-4.85,-1.5));
#4198 = VECTOR('',#4199,1.);
#4199 = DIRECTION('',(-0.287347885566,5.31700397722E-16,-0.957826285221)
  );
#4200 = ORIENTED_EDGE('',*,*,#4201,.F.);
#4201 = EDGE_CURVE('',#4202,#4194,#4204,.T.);
#4202 = VERTEX_POINT('',#4203);
#4203 = CARTESIAN_POINT('',(6.45,-4.85,-2.542562962528));
#4204 = CIRCLE('',#4205,0.29);
#4205 = AXIS2_PLACEMENT_3D('',#4206,#4207,#4208);
#4206 = CARTESIAN_POINT('',(6.74,-4.85,-2.542562962528));
#4207 = DIRECTION('',(-0.,1.,3.330669073875E-16));
#4208 = DIRECTION('',(0.,-3.330669073875E-16,1.));
#4209 = ORIENTED_EDGE('',*,*,#4210,.F.);
#4210 = EDGE_CURVE('',#4211,#4202,#4213,.T.);
#4211 = VERTEX_POINT('',#4212);
#4212 = CARTESIAN_POINT('',(6.45,-4.85,-3.5));
#4213 = LINE('',#4214,#4215);
#4214 = CARTESIAN_POINT('',(6.45,-4.85,-3.5));
#4215 = VECTOR('',#4216,1.);
#4216 = DIRECTION('',(0.,-5.551115123126E-16,1.));
#4217 = ORIENTED_EDGE('',*,*,#4218,.F.);
#4218 = EDGE_CURVE('',#4219,#4211,#4221,.T.);
#4219 = VERTEX_POINT('',#4220);
#4220 = CARTESIAN_POINT('',(6.15,-4.85,-3.5));
#4221 = LINE('',#4222,#4223);
#4222 = CARTESIAN_POINT('',(6.15,-4.85,-3.5));
#4223 = VECTOR('',#4224,1.);
#4224 = DIRECTION('',(1.,0.,0.));
#4225 = ORIENTED_EDGE('',*,*,#4226,.F.);
#4226 = EDGE_CURVE('',#4227,#4219,#4229,.T.);
#4227 = VERTEX_POINT('',#4228);
#4228 = CARTESIAN_POINT('',(6.15,-4.85,-2.542562962528));
#4229 = LINE('',#4230,#4231);
#4230 = CARTESIAN_POINT('',(6.15,-4.85,-2.5));
#4231 = VECTOR('',#4232,1.);
#4232 = DIRECTION('',(0.,5.551115123126E-16,-1.));
#4233 = ORIENTED_EDGE('',*,*,#4234,.F.);
#4234 = EDGE_CURVE('',#4235,#4227,#4237,.T.);
#4235 = VERTEX_POINT('',#4236);
#4236 = CARTESIAN_POINT('',(6.162230377286,-4.85,-2.459232075714));
#4237 = CIRCLE('',#4238,0.29);
#4238 = AXIS2_PLACEMENT_3D('',#4239,#4240,#4241);
#4239 = CARTESIAN_POINT('',(6.44,-4.85,-2.542562962528));
#4240 = DIRECTION('',(0.,-1.,-3.330669073875E-16));
#4241 = DIRECTION('',(0.,-3.330669073875E-16,1.));
#4242 = ORIENTED_EDGE('',*,*,#4243,.T.);
#4243 = EDGE_CURVE('',#4235,#4244,#4246,.T.);
#4244 = VERTEX_POINT('',#4245);
#4245 = CARTESIAN_POINT('',(6.425000733956,-4.85,-1.583330886814));
#4246 = LINE('',#4247,#4248);
#4247 = CARTESIAN_POINT('',(6.15,-4.85,-2.5));
#4248 = VECTOR('',#4249,1.);
#4249 = DIRECTION('',(0.287347885566,-5.31700397722E-16,0.957826285221)
  );
#4250 = ORIENTED_EDGE('',*,*,#4251,.F.);
#4251 = EDGE_CURVE('',#4252,#4244,#4254,.T.);
#4252 = VERTEX_POINT('',#4253);
#4253 = CARTESIAN_POINT('',(6.425000733956,-4.85,-1.416669113186));
#4254 = CIRCLE('',#4255,0.29);
#4255 = AXIS2_PLACEMENT_3D('',#4256,#4257,#4258);
#4256 = CARTESIAN_POINT('',(6.147231111242,-4.85,-1.5));
#4257 = DIRECTION('',(-0.,1.,3.330669073875E-16));
#4258 = DIRECTION('',(0.,-3.330669073875E-16,1.));
#4259 = ORIENTED_EDGE('',*,*,#4260,.T.);
#4260 = EDGE_CURVE('',#4252,#4261,#4263,.T.);
#4261 = VERTEX_POINT('',#4262);
#4262 = CARTESIAN_POINT('',(6.162230377286,-4.85,-0.540767924286));
#4263 = LINE('',#4264,#4265);
#4264 = CARTESIAN_POINT('',(6.45,-4.85,-1.5));
#4265 = VECTOR('',#4266,1.);
#4266 = DIRECTION('',(-0.287347885566,-5.31700397722E-16,0.957826285221)
  );
#4267 = ORIENTED_EDGE('',*,*,#4268,.F.);
#4268 = EDGE_CURVE('',#4269,#4261,#4271,.T.);
#4269 = VERTEX_POINT('',#4270);
#4270 = CARTESIAN_POINT('',(6.15,-4.85,-0.457437037472));
#4271 = CIRCLE('',#4272,0.29);
#4272 = AXIS2_PLACEMENT_3D('',#4273,#4274,#4275);
#4273 = CARTESIAN_POINT('',(6.44,-4.85,-0.457437037472));
#4274 = DIRECTION('',(0.,-1.,-3.330669073875E-16));
#4275 = DIRECTION('',(0.,-3.330669073875E-16,1.));
#4276 = ORIENTED_EDGE('',*,*,#4277,.F.);
#4277 = EDGE_CURVE('',#3289,#4269,#4278,.T.);
#4278 = LINE('',#4279,#4280);
#4279 = CARTESIAN_POINT('',(6.15,-4.85,1.5));
#4280 = VECTOR('',#4281,1.);
#4281 = DIRECTION('',(0.,5.551115123126E-16,-1.));
#4282 = ORIENTED_EDGE('',*,*,#3362,.F.);
#4283 = ORIENTED_EDGE('',*,*,#4284,.F.);
#4284 = EDGE_CURVE('',#4285,#3355,#4287,.T.);
#4285 = VERTEX_POINT('',#4286);
#4286 = CARTESIAN_POINT('',(6.16,-4.85,1.5));
#4287 = LINE('',#4288,#4289);
#4288 = CARTESIAN_POINT('',(6.45,-4.85,1.5));
#4289 = VECTOR('',#4290,1.);
#4290 = DIRECTION('',(-1.,-0.,0.));
#4291 = ORIENTED_EDGE('',*,*,#4292,.F.);
#4292 = EDGE_CURVE('',#4293,#4285,#4295,.T.);
#4293 = VERTEX_POINT('',#4294);
#4294 = CARTESIAN_POINT('',(6.45,-4.85,1.21));
#4295 = CIRCLE('',#4296,0.29);
#4296 = AXIS2_PLACEMENT_3D('',#4297,#4298,#4299);
#4297 = CARTESIAN_POINT('',(6.16,-4.85,1.21));
#4298 = DIRECTION('',(0.,-1.,-3.330669073875E-16));
#4299 = DIRECTION('',(0.,-3.330669073875E-16,1.));
#4300 = ORIENTED_EDGE('',*,*,#4301,.F.);
#4301 = EDGE_CURVE('',#4302,#4293,#4304,.T.);
#4302 = VERTEX_POINT('',#4303);
#4303 = CARTESIAN_POINT('',(6.45,-4.85,-0.457437037472));
#4304 = LINE('',#4305,#4306);
#4305 = CARTESIAN_POINT('',(6.45,-4.85,-0.5));
#4306 = VECTOR('',#4307,1.);
#4307 = DIRECTION('',(0.,-5.551115123126E-16,1.));
#4308 = ORIENTED_EDGE('',*,*,#4309,.F.);
#4309 = EDGE_CURVE('',#4175,#4302,#4310,.T.);
#4310 = CIRCLE('',#4311,0.29);
#4311 = AXIS2_PLACEMENT_3D('',#4312,#4313,#4314);
#4312 = CARTESIAN_POINT('',(6.74,-4.85,-0.457437037472));
#4313 = DIRECTION('',(-0.,1.,3.330669073875E-16));
#4314 = DIRECTION('',(0.,-3.330669073875E-16,1.));
#4315 = PLANE('',#4316);
#4316 = AXIS2_PLACEMENT_3D('',#4317,#4318,#4319);
#4317 = CARTESIAN_POINT('',(6.45,-4.85,-0.5));
#4318 = DIRECTION('',(0.,1.,3.330669073875E-16));
#4319 = DIRECTION('',(0.,-3.330669073875E-16,1.));
#4320 = ADVANCED_FACE('',(#4321),#4339,.T.);
#4321 = FACE_BOUND('',#4322,.T.);
#4322 = EDGE_LOOP('',(#4323,#4324,#4332,#4338));
#4323 = ORIENTED_EDGE('',*,*,#4284,.F.);
#4324 = ORIENTED_EDGE('',*,*,#4325,.T.);
#4325 = EDGE_CURVE('',#4285,#4326,#4328,.T.);
#4326 = VERTEX_POINT('',#4327);
#4327 = CARTESIAN_POINT('',(6.16,-4.15,1.5));
#4328 = LINE('',#4329,#4330);
#4329 = CARTESIAN_POINT('',(6.16,-4.85,1.5));
#4330 = VECTOR('',#4331,1.);
#4331 = DIRECTION('',(0.,1.,3.330669073875E-16));
#4332 = ORIENTED_EDGE('',*,*,#4333,.T.);
#4333 = EDGE_CURVE('',#4326,#3347,#4334,.T.);
#4334 = LINE('',#4335,#4336);
#4335 = CARTESIAN_POINT('',(6.45,-4.15,1.5));
#4336 = VECTOR('',#4337,1.);
#4337 = DIRECTION('',(-1.,-0.,0.));
#4338 = ORIENTED_EDGE('',*,*,#3354,.F.);
#4339 = PLANE('',#4340);
#4340 = AXIS2_PLACEMENT_3D('',#4341,#4342,#4343);
#4341 = CARTESIAN_POINT('',(6.45,-4.85,1.5));
#4342 = DIRECTION('',(0.,-3.330669073875E-16,1.));
#4343 = DIRECTION('',(-1.,0.,0.));
#4344 = ADVANCED_FACE('',(#4345),#4482,.T.);
#4345 = FACE_BOUND('',#4346,.T.);
#4346 = EDGE_LOOP('',(#4347,#4357,#4366,#4374,#4383,#4391,#4399,#4407,
    #4416,#4424,#4433,#4441,#4450,#4456,#4457,#4458,#4467,#4475));
#4347 = ORIENTED_EDGE('',*,*,#4348,.T.);
#4348 = EDGE_CURVE('',#4349,#4351,#4353,.T.);
#4349 = VERTEX_POINT('',#4350);
#4350 = CARTESIAN_POINT('',(6.462230377286,-4.15,-0.540767924286));
#4351 = VERTEX_POINT('',#4352);
#4352 = CARTESIAN_POINT('',(6.725000733956,-4.15,-1.416669113186));
#4353 = LINE('',#4354,#4355);
#4354 = CARTESIAN_POINT('',(6.45,-4.15,-0.5));
#4355 = VECTOR('',#4356,1.);
#4356 = DIRECTION('',(0.287347885566,5.31700397722E-16,-0.957826285221)
  );
#4357 = ORIENTED_EDGE('',*,*,#4358,.T.);
#4358 = EDGE_CURVE('',#4351,#4359,#4361,.T.);
#4359 = VERTEX_POINT('',#4360);
#4360 = CARTESIAN_POINT('',(6.725000733956,-4.15,-1.583330886814));
#4361 = CIRCLE('',#4362,0.29);
#4362 = AXIS2_PLACEMENT_3D('',#4363,#4364,#4365);
#4363 = CARTESIAN_POINT('',(6.447231111242,-4.15,-1.5));
#4364 = DIRECTION('',(-0.,1.,3.330669073875E-16));
#4365 = DIRECTION('',(0.,-3.330669073875E-16,1.));
#4366 = ORIENTED_EDGE('',*,*,#4367,.T.);
#4367 = EDGE_CURVE('',#4359,#4368,#4370,.T.);
#4368 = VERTEX_POINT('',#4369);
#4369 = CARTESIAN_POINT('',(6.462230377286,-4.15,-2.459232075714));
#4370 = LINE('',#4371,#4372);
#4371 = CARTESIAN_POINT('',(6.75,-4.15,-1.5));
#4372 = VECTOR('',#4373,1.);
#4373 = DIRECTION('',(-0.287347885566,5.31700397722E-16,-0.957826285221)
  );
#4374 = ORIENTED_EDGE('',*,*,#4375,.F.);
#4375 = EDGE_CURVE('',#4376,#4368,#4378,.T.);
#4376 = VERTEX_POINT('',#4377);
#4377 = CARTESIAN_POINT('',(6.45,-4.15,-2.542562962528));
#4378 = CIRCLE('',#4379,0.29);
#4379 = AXIS2_PLACEMENT_3D('',#4380,#4381,#4382);
#4380 = CARTESIAN_POINT('',(6.74,-4.15,-2.542562962528));
#4381 = DIRECTION('',(-0.,1.,3.330669073875E-16));
#4382 = DIRECTION('',(0.,-3.330669073875E-16,1.));
#4383 = ORIENTED_EDGE('',*,*,#4384,.F.);
#4384 = EDGE_CURVE('',#4385,#4376,#4387,.T.);
#4385 = VERTEX_POINT('',#4386);
#4386 = CARTESIAN_POINT('',(6.45,-4.15,-3.5));
#4387 = LINE('',#4388,#4389);
#4388 = CARTESIAN_POINT('',(6.45,-4.15,-3.5));
#4389 = VECTOR('',#4390,1.);
#4390 = DIRECTION('',(0.,-5.551115123126E-16,1.));
#4391 = ORIENTED_EDGE('',*,*,#4392,.F.);
#4392 = EDGE_CURVE('',#4393,#4385,#4395,.T.);
#4393 = VERTEX_POINT('',#4394);
#4394 = CARTESIAN_POINT('',(6.15,-4.15,-3.5));
#4395 = LINE('',#4396,#4397);
#4396 = CARTESIAN_POINT('',(6.15,-4.15,-3.5));
#4397 = VECTOR('',#4398,1.);
#4398 = DIRECTION('',(1.,0.,0.));
#4399 = ORIENTED_EDGE('',*,*,#4400,.F.);
#4400 = EDGE_CURVE('',#4401,#4393,#4403,.T.);
#4401 = VERTEX_POINT('',#4402);
#4402 = CARTESIAN_POINT('',(6.15,-4.15,-2.542562962528));
#4403 = LINE('',#4404,#4405);
#4404 = CARTESIAN_POINT('',(6.15,-4.15,-2.5));
#4405 = VECTOR('',#4406,1.);
#4406 = DIRECTION('',(0.,5.551115123126E-16,-1.));
#4407 = ORIENTED_EDGE('',*,*,#4408,.F.);
#4408 = EDGE_CURVE('',#4409,#4401,#4411,.T.);
#4409 = VERTEX_POINT('',#4410);
#4410 = CARTESIAN_POINT('',(6.162230377286,-4.15,-2.459232075714));
#4411 = CIRCLE('',#4412,0.29);
#4412 = AXIS2_PLACEMENT_3D('',#4413,#4414,#4415);
#4413 = CARTESIAN_POINT('',(6.44,-4.15,-2.542562962528));
#4414 = DIRECTION('',(0.,-1.,-3.330669073875E-16));
#4415 = DIRECTION('',(0.,-3.330669073875E-16,1.));
#4416 = ORIENTED_EDGE('',*,*,#4417,.T.);
#4417 = EDGE_CURVE('',#4409,#4418,#4420,.T.);
#4418 = VERTEX_POINT('',#4419);
#4419 = CARTESIAN_POINT('',(6.425000733956,-4.15,-1.583330886814));
#4420 = LINE('',#4421,#4422);
#4421 = CARTESIAN_POINT('',(6.15,-4.15,-2.5));
#4422 = VECTOR('',#4423,1.);
#4423 = DIRECTION('',(0.287347885566,-5.31700397722E-16,0.957826285221)
  );
#4424 = ORIENTED_EDGE('',*,*,#4425,.F.);
#4425 = EDGE_CURVE('',#4426,#4418,#4428,.T.);
#4426 = VERTEX_POINT('',#4427);
#4427 = CARTESIAN_POINT('',(6.425000733956,-4.15,-1.416669113186));
#4428 = CIRCLE('',#4429,0.29);
#4429 = AXIS2_PLACEMENT_3D('',#4430,#4431,#4432);
#4430 = CARTESIAN_POINT('',(6.147231111242,-4.15,-1.5));
#4431 = DIRECTION('',(-0.,1.,3.330669073875E-16));
#4432 = DIRECTION('',(0.,-3.330669073875E-16,1.));
#4433 = ORIENTED_EDGE('',*,*,#4434,.T.);
#4434 = EDGE_CURVE('',#4426,#4435,#4437,.T.);
#4435 = VERTEX_POINT('',#4436);
#4436 = CARTESIAN_POINT('',(6.162230377286,-4.15,-0.540767924286));
#4437 = LINE('',#4438,#4439);
#4438 = CARTESIAN_POINT('',(6.45,-4.15,-1.5));
#4439 = VECTOR('',#4440,1.);
#4440 = DIRECTION('',(-0.287347885566,-5.31700397722E-16,0.957826285221)
  );
#4441 = ORIENTED_EDGE('',*,*,#4442,.F.);
#4442 = EDGE_CURVE('',#4443,#4435,#4445,.T.);
#4443 = VERTEX_POINT('',#4444);
#4444 = CARTESIAN_POINT('',(6.15,-4.15,-0.457437037472));
#4445 = CIRCLE('',#4446,0.29);
#4446 = AXIS2_PLACEMENT_3D('',#4447,#4448,#4449);
#4447 = CARTESIAN_POINT('',(6.44,-4.15,-0.457437037472));
#4448 = DIRECTION('',(0.,-1.,-3.330669073875E-16));
#4449 = DIRECTION('',(0.,-3.330669073875E-16,1.));
#4450 = ORIENTED_EDGE('',*,*,#4451,.F.);
#4451 = EDGE_CURVE('',#3339,#4443,#4452,.T.);
#4452 = LINE('',#4453,#4454);
#4453 = CARTESIAN_POINT('',(6.15,-4.15,1.5));
#4454 = VECTOR('',#4455,1.);
#4455 = DIRECTION('',(0.,5.551115123126E-16,-1.));
#4456 = ORIENTED_EDGE('',*,*,#3346,.F.);
#4457 = ORIENTED_EDGE('',*,*,#4333,.F.);
#4458 = ORIENTED_EDGE('',*,*,#4459,.F.);
#4459 = EDGE_CURVE('',#4460,#4326,#4462,.T.);
#4460 = VERTEX_POINT('',#4461);
#4461 = CARTESIAN_POINT('',(6.45,-4.15,1.21));
#4462 = CIRCLE('',#4463,0.29);
#4463 = AXIS2_PLACEMENT_3D('',#4464,#4465,#4466);
#4464 = CARTESIAN_POINT('',(6.16,-4.15,1.21));
#4465 = DIRECTION('',(0.,-1.,-3.330669073875E-16));
#4466 = DIRECTION('',(0.,-3.330669073875E-16,1.));
#4467 = ORIENTED_EDGE('',*,*,#4468,.F.);
#4468 = EDGE_CURVE('',#4469,#4460,#4471,.T.);
#4469 = VERTEX_POINT('',#4470);
#4470 = CARTESIAN_POINT('',(6.45,-4.15,-0.457437037472));
#4471 = LINE('',#4472,#4473);
#4472 = CARTESIAN_POINT('',(6.45,-4.15,-0.5));
#4473 = VECTOR('',#4474,1.);
#4474 = DIRECTION('',(0.,-5.551115123126E-16,1.));
#4475 = ORIENTED_EDGE('',*,*,#4476,.F.);
#4476 = EDGE_CURVE('',#4349,#4469,#4477,.T.);
#4477 = CIRCLE('',#4478,0.29);
#4478 = AXIS2_PLACEMENT_3D('',#4479,#4480,#4481);
#4479 = CARTESIAN_POINT('',(6.74,-4.15,-0.457437037472));
#4480 = DIRECTION('',(-0.,1.,3.330669073875E-16));
#4481 = DIRECTION('',(0.,-3.330669073875E-16,1.));
#4482 = PLANE('',#4483);
#4483 = AXIS2_PLACEMENT_3D('',#4484,#4485,#4486);
#4484 = CARTESIAN_POINT('',(6.45,-4.15,-0.5));
#4485 = DIRECTION('',(0.,1.,3.330669073875E-16));
#4486 = DIRECTION('',(0.,-3.330669073875E-16,1.));
#4487 = ADVANCED_FACE('',(#4488),#4632,.T.);
#4488 = FACE_BOUND('',#4489,.T.);
#4489 = EDGE_LOOP('',(#4490,#4500,#4509,#4517,#4526,#4534,#4542,#4550,
    #4559,#4567,#4576,#4584,#4593,#4599,#4600,#4608,#4617,#4625));
#4490 = ORIENTED_EDGE('',*,*,#4491,.T.);
#4491 = EDGE_CURVE('',#4492,#4494,#4496,.T.);
#4492 = VERTEX_POINT('',#4493);
#4493 = CARTESIAN_POINT('',(6.462230377286,0.35,-0.540767924286));
#4494 = VERTEX_POINT('',#4495);
#4495 = CARTESIAN_POINT('',(6.725000733956,0.35,-1.416669113186));
#4496 = LINE('',#4497,#4498);
#4497 = CARTESIAN_POINT('',(6.45,0.35,-0.5));
#4498 = VECTOR('',#4499,1.);
#4499 = DIRECTION('',(0.287347885566,5.31700397722E-16,-0.957826285221)
  );
#4500 = ORIENTED_EDGE('',*,*,#4501,.T.);
#4501 = EDGE_CURVE('',#4494,#4502,#4504,.T.);
#4502 = VERTEX_POINT('',#4503);
#4503 = CARTESIAN_POINT('',(6.725000733956,0.35,-1.583330886814));
#4504 = CIRCLE('',#4505,0.29);
#4505 = AXIS2_PLACEMENT_3D('',#4506,#4507,#4508);
#4506 = CARTESIAN_POINT('',(6.447231111242,0.35,-1.5));
#4507 = DIRECTION('',(-0.,1.,3.330669073875E-16));
#4508 = DIRECTION('',(0.,-3.330669073875E-16,1.));
#4509 = ORIENTED_EDGE('',*,*,#4510,.T.);
#4510 = EDGE_CURVE('',#4502,#4511,#4513,.T.);
#4511 = VERTEX_POINT('',#4512);
#4512 = CARTESIAN_POINT('',(6.462230377286,0.35,-2.459232075714));
#4513 = LINE('',#4514,#4515);
#4514 = CARTESIAN_POINT('',(6.75,0.35,-1.5));
#4515 = VECTOR('',#4516,1.);
#4516 = DIRECTION('',(-0.287347885566,5.31700397722E-16,-0.957826285221)
  );
#4517 = ORIENTED_EDGE('',*,*,#4518,.F.);
#4518 = EDGE_CURVE('',#4519,#4511,#4521,.T.);
#4519 = VERTEX_POINT('',#4520);
#4520 = CARTESIAN_POINT('',(6.45,0.35,-2.542562962528));
#4521 = CIRCLE('',#4522,0.29);
#4522 = AXIS2_PLACEMENT_3D('',#4523,#4524,#4525);
#4523 = CARTESIAN_POINT('',(6.74,0.35,-2.542562962528));
#4524 = DIRECTION('',(-0.,1.,3.330669073875E-16));
#4525 = DIRECTION('',(0.,-3.330669073875E-16,1.));
#4526 = ORIENTED_EDGE('',*,*,#4527,.F.);
#4527 = EDGE_CURVE('',#4528,#4519,#4530,.T.);
#4528 = VERTEX_POINT('',#4529);
#4529 = CARTESIAN_POINT('',(6.45,0.35,-3.5));
#4530 = LINE('',#4531,#4532);
#4531 = CARTESIAN_POINT('',(6.45,0.35,-3.5));
#4532 = VECTOR('',#4533,1.);
#4533 = DIRECTION('',(0.,-5.551115123126E-16,1.));
#4534 = ORIENTED_EDGE('',*,*,#4535,.F.);
#4535 = EDGE_CURVE('',#4536,#4528,#4538,.T.);
#4536 = VERTEX_POINT('',#4537);
#4537 = CARTESIAN_POINT('',(6.15,0.35,-3.5));
#4538 = LINE('',#4539,#4540);
#4539 = CARTESIAN_POINT('',(6.15,0.35,-3.5));
#4540 = VECTOR('',#4541,1.);
#4541 = DIRECTION('',(1.,0.,0.));
#4542 = ORIENTED_EDGE('',*,*,#4543,.F.);
#4543 = EDGE_CURVE('',#4544,#4536,#4546,.T.);
#4544 = VERTEX_POINT('',#4545);
#4545 = CARTESIAN_POINT('',(6.15,0.35,-2.542562962528));
#4546 = LINE('',#4547,#4548);
#4547 = CARTESIAN_POINT('',(6.15,0.35,-2.5));
#4548 = VECTOR('',#4549,1.);
#4549 = DIRECTION('',(0.,5.551115123126E-16,-1.));
#4550 = ORIENTED_EDGE('',*,*,#4551,.F.);
#4551 = EDGE_CURVE('',#4552,#4544,#4554,.T.);
#4552 = VERTEX_POINT('',#4553);
#4553 = CARTESIAN_POINT('',(6.162230377286,0.35,-2.459232075714));
#4554 = CIRCLE('',#4555,0.29);
#4555 = AXIS2_PLACEMENT_3D('',#4556,#4557,#4558);
#4556 = CARTESIAN_POINT('',(6.44,0.35,-2.542562962528));
#4557 = DIRECTION('',(0.,-1.,-3.330669073875E-16));
#4558 = DIRECTION('',(0.,-3.330669073875E-16,1.));
#4559 = ORIENTED_EDGE('',*,*,#4560,.T.);
#4560 = EDGE_CURVE('',#4552,#4561,#4563,.T.);
#4561 = VERTEX_POINT('',#4562);
#4562 = CARTESIAN_POINT('',(6.425000733956,0.35,-1.583330886814));
#4563 = LINE('',#4564,#4565);
#4564 = CARTESIAN_POINT('',(6.15,0.35,-2.5));
#4565 = VECTOR('',#4566,1.);
#4566 = DIRECTION('',(0.287347885566,-5.31700397722E-16,0.957826285221)
  );
#4567 = ORIENTED_EDGE('',*,*,#4568,.F.);
#4568 = EDGE_CURVE('',#4569,#4561,#4571,.T.);
#4569 = VERTEX_POINT('',#4570);
#4570 = CARTESIAN_POINT('',(6.425000733956,0.35,-1.416669113186));
#4571 = CIRCLE('',#4572,0.29);
#4572 = AXIS2_PLACEMENT_3D('',#4573,#4574,#4575);
#4573 = CARTESIAN_POINT('',(6.147231111242,0.35,-1.5));
#4574 = DIRECTION('',(-0.,1.,3.330669073875E-16));
#4575 = DIRECTION('',(0.,-3.330669073875E-16,1.));
#4576 = ORIENTED_EDGE('',*,*,#4577,.T.);
#4577 = EDGE_CURVE('',#4569,#4578,#4580,.T.);
#4578 = VERTEX_POINT('',#4579);
#4579 = CARTESIAN_POINT('',(6.162230377286,0.35,-0.540767924286));
#4580 = LINE('',#4581,#4582);
#4581 = CARTESIAN_POINT('',(6.45,0.35,-1.5));
#4582 = VECTOR('',#4583,1.);
#4583 = DIRECTION('',(-0.287347885566,-5.31700397722E-16,0.957826285221)
  );
#4584 = ORIENTED_EDGE('',*,*,#4585,.F.);
#4585 = EDGE_CURVE('',#4586,#4578,#4588,.T.);
#4586 = VERTEX_POINT('',#4587);
#4587 = CARTESIAN_POINT('',(6.15,0.35,-0.457437037472));
#4588 = CIRCLE('',#4589,0.29);
#4589 = AXIS2_PLACEMENT_3D('',#4590,#4591,#4592);
#4590 = CARTESIAN_POINT('',(6.44,0.35,-0.457437037472));
#4591 = DIRECTION('',(0.,-1.,-3.330669073875E-16));
#4592 = DIRECTION('',(0.,-3.330669073875E-16,1.));
#4593 = ORIENTED_EDGE('',*,*,#4594,.F.);
#4594 = EDGE_CURVE('',#3307,#4586,#4595,.T.);
#4595 = LINE('',#4596,#4597);
#4596 = CARTESIAN_POINT('',(6.15,0.35,1.5));
#4597 = VECTOR('',#4598,1.);
#4598 = DIRECTION('',(0.,5.551115123126E-16,-1.));
#4599 = ORIENTED_EDGE('',*,*,#3314,.F.);
#4600 = ORIENTED_EDGE('',*,*,#4601,.F.);
#4601 = EDGE_CURVE('',#4602,#3315,#4604,.T.);
#4602 = VERTEX_POINT('',#4603);
#4603 = CARTESIAN_POINT('',(6.16,0.35,1.5));
#4604 = LINE('',#4605,#4606);
#4605 = CARTESIAN_POINT('',(6.45,0.35,1.5));
#4606 = VECTOR('',#4607,1.);
#4607 = DIRECTION('',(-1.,-0.,0.));
#4608 = ORIENTED_EDGE('',*,*,#4609,.F.);
#4609 = EDGE_CURVE('',#4610,#4602,#4612,.T.);
#4610 = VERTEX_POINT('',#4611);
#4611 = CARTESIAN_POINT('',(6.45,0.35,1.21));
#4612 = CIRCLE('',#4613,0.29);
#4613 = AXIS2_PLACEMENT_3D('',#4614,#4615,#4616);
#4614 = CARTESIAN_POINT('',(6.16,0.35,1.21));
#4615 = DIRECTION('',(0.,-1.,-3.330669073875E-16));
#4616 = DIRECTION('',(0.,-3.330669073875E-16,1.));
#4617 = ORIENTED_EDGE('',*,*,#4618,.F.);
#4618 = EDGE_CURVE('',#4619,#4610,#4621,.T.);
#4619 = VERTEX_POINT('',#4620);
#4620 = CARTESIAN_POINT('',(6.45,0.35,-0.457437037472));
#4621 = LINE('',#4622,#4623);
#4622 = CARTESIAN_POINT('',(6.45,0.35,-0.5));
#4623 = VECTOR('',#4624,1.);
#4624 = DIRECTION('',(0.,-5.551115123126E-16,1.));
#4625 = ORIENTED_EDGE('',*,*,#4626,.F.);
#4626 = EDGE_CURVE('',#4492,#4619,#4627,.T.);
#4627 = CIRCLE('',#4628,0.29);
#4628 = AXIS2_PLACEMENT_3D('',#4629,#4630,#4631);
#4629 = CARTESIAN_POINT('',(6.74,0.35,-0.457437037472));
#4630 = DIRECTION('',(-0.,1.,3.330669073875E-16));
#4631 = DIRECTION('',(0.,-3.330669073875E-16,1.));
#4632 = PLANE('',#4633);
#4633 = AXIS2_PLACEMENT_3D('',#4634,#4635,#4636);
#4634 = CARTESIAN_POINT('',(6.45,0.35,-0.5));
#4635 = DIRECTION('',(1.64346021921E-31,1.,5.551115123126E-16));
#4636 = DIRECTION('',(0.,-5.551115123126E-16,1.));
#4637 = ADVANCED_FACE('',(#4638),#4782,.F.);
#4638 = FACE_BOUND('',#4639,.F.);
#4639 = EDGE_LOOP('',(#4640,#4650,#4659,#4667,#4676,#4684,#4692,#4700,
    #4709,#4717,#4726,#4734,#4743,#4749,#4750,#4758,#4767,#4775));
#4640 = ORIENTED_EDGE('',*,*,#4641,.T.);
#4641 = EDGE_CURVE('',#4642,#4644,#4646,.T.);
#4642 = VERTEX_POINT('',#4643);
#4643 = CARTESIAN_POINT('',(6.462230377286,-0.35,-0.540767924286));
#4644 = VERTEX_POINT('',#4645);
#4645 = CARTESIAN_POINT('',(6.725000733956,-0.35,-1.416669113186));
#4646 = LINE('',#4647,#4648);
#4647 = CARTESIAN_POINT('',(6.45,-0.35,-0.5));
#4648 = VECTOR('',#4649,1.);
#4649 = DIRECTION('',(0.287347885566,5.31700397722E-16,-0.957826285221)
  );
#4650 = ORIENTED_EDGE('',*,*,#4651,.T.);
#4651 = EDGE_CURVE('',#4644,#4652,#4654,.T.);
#4652 = VERTEX_POINT('',#4653);
#4653 = CARTESIAN_POINT('',(6.725000733956,-0.35,-1.583330886814));
#4654 = CIRCLE('',#4655,0.29);
#4655 = AXIS2_PLACEMENT_3D('',#4656,#4657,#4658);
#4656 = CARTESIAN_POINT('',(6.447231111242,-0.35,-1.5));
#4657 = DIRECTION('',(-0.,1.,3.330669073875E-16));
#4658 = DIRECTION('',(0.,-3.330669073875E-16,1.));
#4659 = ORIENTED_EDGE('',*,*,#4660,.T.);
#4660 = EDGE_CURVE('',#4652,#4661,#4663,.T.);
#4661 = VERTEX_POINT('',#4662);
#4662 = CARTESIAN_POINT('',(6.462230377286,-0.35,-2.459232075714));
#4663 = LINE('',#4664,#4665);
#4664 = CARTESIAN_POINT('',(6.75,-0.35,-1.5));
#4665 = VECTOR('',#4666,1.);
#4666 = DIRECTION('',(-0.287347885566,5.31700397722E-16,-0.957826285221)
  );
#4667 = ORIENTED_EDGE('',*,*,#4668,.F.);
#4668 = EDGE_CURVE('',#4669,#4661,#4671,.T.);
#4669 = VERTEX_POINT('',#4670);
#4670 = CARTESIAN_POINT('',(6.45,-0.35,-2.542562962528));
#4671 = CIRCLE('',#4672,0.29);
#4672 = AXIS2_PLACEMENT_3D('',#4673,#4674,#4675);
#4673 = CARTESIAN_POINT('',(6.74,-0.35,-2.542562962528));
#4674 = DIRECTION('',(-0.,1.,3.330669073875E-16));
#4675 = DIRECTION('',(0.,-3.330669073875E-16,1.));
#4676 = ORIENTED_EDGE('',*,*,#4677,.F.);
#4677 = EDGE_CURVE('',#4678,#4669,#4680,.T.);
#4678 = VERTEX_POINT('',#4679);
#4679 = CARTESIAN_POINT('',(6.45,-0.35,-3.5));
#4680 = LINE('',#4681,#4682);
#4681 = CARTESIAN_POINT('',(6.45,-0.35,-3.5));
#4682 = VECTOR('',#4683,1.);
#4683 = DIRECTION('',(0.,-5.551115123126E-16,1.));
#4684 = ORIENTED_EDGE('',*,*,#4685,.F.);
#4685 = EDGE_CURVE('',#4686,#4678,#4688,.T.);
#4686 = VERTEX_POINT('',#4687);
#4687 = CARTESIAN_POINT('',(6.15,-0.35,-3.5));
#4688 = LINE('',#4689,#4690);
#4689 = CARTESIAN_POINT('',(6.15,-0.35,-3.5));
#4690 = VECTOR('',#4691,1.);
#4691 = DIRECTION('',(1.,0.,0.));
#4692 = ORIENTED_EDGE('',*,*,#4693,.F.);
#4693 = EDGE_CURVE('',#4694,#4686,#4696,.T.);
#4694 = VERTEX_POINT('',#4695);
#4695 = CARTESIAN_POINT('',(6.15,-0.35,-2.542562962528));
#4696 = LINE('',#4697,#4698);
#4697 = CARTESIAN_POINT('',(6.15,-0.35,-2.5));
#4698 = VECTOR('',#4699,1.);
#4699 = DIRECTION('',(0.,5.551115123126E-16,-1.));
#4700 = ORIENTED_EDGE('',*,*,#4701,.F.);
#4701 = EDGE_CURVE('',#4702,#4694,#4704,.T.);
#4702 = VERTEX_POINT('',#4703);
#4703 = CARTESIAN_POINT('',(6.162230377286,-0.35,-2.459232075714));
#4704 = CIRCLE('',#4705,0.29);
#4705 = AXIS2_PLACEMENT_3D('',#4706,#4707,#4708);
#4706 = CARTESIAN_POINT('',(6.44,-0.35,-2.542562962528));
#4707 = DIRECTION('',(0.,-1.,-3.330669073875E-16));
#4708 = DIRECTION('',(0.,-3.330669073875E-16,1.));
#4709 = ORIENTED_EDGE('',*,*,#4710,.T.);
#4710 = EDGE_CURVE('',#4702,#4711,#4713,.T.);
#4711 = VERTEX_POINT('',#4712);
#4712 = CARTESIAN_POINT('',(6.425000733956,-0.35,-1.583330886814));
#4713 = LINE('',#4714,#4715);
#4714 = CARTESIAN_POINT('',(6.15,-0.35,-2.5));
#4715 = VECTOR('',#4716,1.);
#4716 = DIRECTION('',(0.287347885566,-5.31700397722E-16,0.957826285221)
  );
#4717 = ORIENTED_EDGE('',*,*,#4718,.F.);
#4718 = EDGE_CURVE('',#4719,#4711,#4721,.T.);
#4719 = VERTEX_POINT('',#4720);
#4720 = CARTESIAN_POINT('',(6.425000733956,-0.35,-1.416669113186));
#4721 = CIRCLE('',#4722,0.29);
#4722 = AXIS2_PLACEMENT_3D('',#4723,#4724,#4725);
#4723 = CARTESIAN_POINT('',(6.147231111242,-0.35,-1.5));
#4724 = DIRECTION('',(-0.,1.,3.330669073875E-16));
#4725 = DIRECTION('',(0.,-3.330669073875E-16,1.));
#4726 = ORIENTED_EDGE('',*,*,#4727,.T.);
#4727 = EDGE_CURVE('',#4719,#4728,#4730,.T.);
#4728 = VERTEX_POINT('',#4729);
#4729 = CARTESIAN_POINT('',(6.162230377286,-0.35,-0.540767924286));
#4730 = LINE('',#4731,#4732);
#4731 = CARTESIAN_POINT('',(6.45,-0.35,-1.5));
#4732 = VECTOR('',#4733,1.);
#4733 = DIRECTION('',(-0.287347885566,-5.31700397722E-16,0.957826285221)
  );
#4734 = ORIENTED_EDGE('',*,*,#4735,.F.);
#4735 = EDGE_CURVE('',#4736,#4728,#4738,.T.);
#4736 = VERTEX_POINT('',#4737);
#4737 = CARTESIAN_POINT('',(6.15,-0.35,-0.457437037472));
#4738 = CIRCLE('',#4739,0.29);
#4739 = AXIS2_PLACEMENT_3D('',#4740,#4741,#4742);
#4740 = CARTESIAN_POINT('',(6.44,-0.35,-0.457437037472));
#4741 = DIRECTION('',(0.,-1.,-3.330669073875E-16));
#4742 = DIRECTION('',(0.,-3.330669073875E-16,1.));
#4743 = ORIENTED_EDGE('',*,*,#4744,.F.);
#4744 = EDGE_CURVE('',#3331,#4736,#4745,.T.);
#4745 = LINE('',#4746,#4747);
#4746 = CARTESIAN_POINT('',(6.15,-0.35,1.5));
#4747 = VECTOR('',#4748,1.);
#4748 = DIRECTION('',(0.,5.551115123126E-16,-1.));
#4749 = ORIENTED_EDGE('',*,*,#3330,.F.);
#4750 = ORIENTED_EDGE('',*,*,#4751,.F.);
#4751 = EDGE_CURVE('',#4752,#3323,#4754,.T.);
#4752 = VERTEX_POINT('',#4753);
#4753 = CARTESIAN_POINT('',(6.16,-0.35,1.5));
#4754 = LINE('',#4755,#4756);
#4755 = CARTESIAN_POINT('',(6.45,-0.35,1.5));
#4756 = VECTOR('',#4757,1.);
#4757 = DIRECTION('',(-1.,-0.,0.));
#4758 = ORIENTED_EDGE('',*,*,#4759,.F.);
#4759 = EDGE_CURVE('',#4760,#4752,#4762,.T.);
#4760 = VERTEX_POINT('',#4761);
#4761 = CARTESIAN_POINT('',(6.45,-0.35,1.21));
#4762 = CIRCLE('',#4763,0.29);
#4763 = AXIS2_PLACEMENT_3D('',#4764,#4765,#4766);
#4764 = CARTESIAN_POINT('',(6.16,-0.35,1.21));
#4765 = DIRECTION('',(0.,-1.,-3.330669073875E-16));
#4766 = DIRECTION('',(0.,-3.330669073875E-16,1.));
#4767 = ORIENTED_EDGE('',*,*,#4768,.F.);
#4768 = EDGE_CURVE('',#4769,#4760,#4771,.T.);
#4769 = VERTEX_POINT('',#4770);
#4770 = CARTESIAN_POINT('',(6.45,-0.35,-0.457437037472));
#4771 = LINE('',#4772,#4773);
#4772 = CARTESIAN_POINT('',(6.45,-0.35,-0.5));
#4773 = VECTOR('',#4774,1.);
#4774 = DIRECTION('',(0.,-5.551115123126E-16,1.));
#4775 = ORIENTED_EDGE('',*,*,#4776,.F.);
#4776 = EDGE_CURVE('',#4642,#4769,#4777,.T.);
#4777 = CIRCLE('',#4778,0.29);
#4778 = AXIS2_PLACEMENT_3D('',#4779,#4780,#4781);
#4779 = CARTESIAN_POINT('',(6.74,-0.35,-0.457437037472));
#4780 = DIRECTION('',(-0.,1.,3.330669073875E-16));
#4781 = DIRECTION('',(0.,-3.330669073875E-16,1.));
#4782 = PLANE('',#4783);
#4783 = AXIS2_PLACEMENT_3D('',#4784,#4785,#4786);
#4784 = CARTESIAN_POINT('',(6.45,-0.35,-0.5));
#4785 = DIRECTION('',(1.64346021921E-31,1.,5.551115123126E-16));
#4786 = DIRECTION('',(0.,-5.551115123126E-16,1.));
#4787 = ADVANCED_FACE('',(#4788),#4799,.T.);
#4788 = FACE_BOUND('',#4789,.T.);
#4789 = EDGE_LOOP('',(#4790,#4791,#4797,#4798));
#4790 = ORIENTED_EDGE('',*,*,#4751,.F.);
#4791 = ORIENTED_EDGE('',*,*,#4792,.T.);
#4792 = EDGE_CURVE('',#4752,#4602,#4793,.T.);
#4793 = LINE('',#4794,#4795);
#4794 = CARTESIAN_POINT('',(6.16,-0.35,1.5));
#4795 = VECTOR('',#4796,1.);
#4796 = DIRECTION('',(0.,1.,3.330669073875E-16));
#4797 = ORIENTED_EDGE('',*,*,#4601,.T.);
#4798 = ORIENTED_EDGE('',*,*,#3322,.F.);
#4799 = PLANE('',#4800);
#4800 = AXIS2_PLACEMENT_3D('',#4801,#4802,#4803);
#4801 = CARTESIAN_POINT('',(6.45,-0.35,1.5));
#4802 = DIRECTION('',(0.,-3.330669073875E-16,1.));
#4803 = DIRECTION('',(-1.,0.,0.));
#4804 = ADVANCED_FACE('',(#4805),#4808,.F.);
#4805 = FACE_BOUND('',#4806,.F.);
#4806 = EDGE_LOOP('',(#4807));
#4807 = ORIENTED_EDGE('',*,*,#3462,.F.);
#4808 = PLANE('',#4809);
#4809 = AXIS2_PLACEMENT_3D('',#4810,#4811,#4812);
#4810 = CARTESIAN_POINT('',(4.9,-2.25,5.));
#4811 = DIRECTION('',(0.,0.,-1.));
#4812 = DIRECTION('',(-1.,0.,0.));
#4813 = ADVANCED_FACE('',(#4814),#4825,.F.);
#4814 = FACE_BOUND('',#4815,.F.);
#4815 = EDGE_LOOP('',(#4816,#4817,#4818,#4819));
#4816 = ORIENTED_EDGE('',*,*,#3960,.F.);
#4817 = ORIENTED_EDGE('',*,*,#3499,.F.);
#4818 = ORIENTED_EDGE('',*,*,#4110,.T.);
#4819 = ORIENTED_EDGE('',*,*,#4820,.F.);
#4820 = EDGE_CURVE('',#3952,#4102,#4821,.T.);
#4821 = LINE('',#4822,#4823);
#4822 = CARTESIAN_POINT('',(0.15,-4.85,-0.457437037472));
#4823 = VECTOR('',#4824,1.);
#4824 = DIRECTION('',(0.,1.,3.330669073875E-16));
#4825 = PLANE('',#4826);
#4826 = AXIS2_PLACEMENT_3D('',#4827,#4828,#4829);
#4827 = CARTESIAN_POINT('',(0.15,-4.85,1.5));
#4828 = DIRECTION('',(-1.,0.,-0.));
#4829 = DIRECTION('',(0.,5.551115123126E-16,-1.));
#4830 = ADVANCED_FACE('',(#4831),#4842,.T.);
#4831 = FACE_BOUND('',#4832,.T.);
#4832 = EDGE_LOOP('',(#4833,#4834,#4835,#4836));
#4833 = ORIENTED_EDGE('',*,*,#4277,.F.);
#4834 = ORIENTED_EDGE('',*,*,#3524,.T.);
#4835 = ORIENTED_EDGE('',*,*,#4451,.T.);
#4836 = ORIENTED_EDGE('',*,*,#4837,.F.);
#4837 = EDGE_CURVE('',#4269,#4443,#4838,.T.);
#4838 = LINE('',#4839,#4840);
#4839 = CARTESIAN_POINT('',(6.15,-4.85,-0.457437037472));
#4840 = VECTOR('',#4841,1.);
#4841 = DIRECTION('',(0.,1.,3.330669073875E-16));
#4842 = PLANE('',#4843);
#4843 = AXIS2_PLACEMENT_3D('',#4844,#4845,#4846);
#4844 = CARTESIAN_POINT('',(6.15,-4.85,1.5));
#4845 = DIRECTION('',(-1.,0.,-0.));
#4846 = DIRECTION('',(0.,5.551115123126E-16,-1.));
#4847 = ADVANCED_FACE('',(#4848),#4859,.F.);
#4848 = FACE_BOUND('',#4849,.F.);
#4849 = EDGE_LOOP('',(#4850,#4851,#4852,#4853));
#4850 = ORIENTED_EDGE('',*,*,#3817,.F.);
#4851 = ORIENTED_EDGE('',*,*,#3506,.F.);
#4852 = ORIENTED_EDGE('',*,*,#3643,.T.);
#4853 = ORIENTED_EDGE('',*,*,#4854,.F.);
#4854 = EDGE_CURVE('',#3809,#3635,#4855,.T.);
#4855 = LINE('',#4856,#4857);
#4856 = CARTESIAN_POINT('',(0.15,-0.35,-0.457437037472));
#4857 = VECTOR('',#4858,1.);
#4858 = DIRECTION('',(0.,1.,3.330669073875E-16));
#4859 = PLANE('',#4860);
#4860 = AXIS2_PLACEMENT_3D('',#4861,#4862,#4863);
#4861 = CARTESIAN_POINT('',(0.15,-0.35,1.5));
#4862 = DIRECTION('',(-1.,0.,-0.));
#4863 = DIRECTION('',(0.,5.551115123126E-16,-1.));
#4864 = ADVANCED_FACE('',(#4865),#4876,.T.);
#4865 = FACE_BOUND('',#4866,.T.);
#4866 = EDGE_LOOP('',(#4867,#4868,#4869,#4870));
#4867 = ORIENTED_EDGE('',*,*,#4744,.F.);
#4868 = ORIENTED_EDGE('',*,*,#3517,.T.);
#4869 = ORIENTED_EDGE('',*,*,#4594,.T.);
#4870 = ORIENTED_EDGE('',*,*,#4871,.F.);
#4871 = EDGE_CURVE('',#4736,#4586,#4872,.T.);
#4872 = LINE('',#4873,#4874);
#4873 = CARTESIAN_POINT('',(6.15,-0.35,-0.457437037472));
#4874 = VECTOR('',#4875,1.);
#4875 = DIRECTION('',(0.,1.,3.330669073875E-16));
#4876 = PLANE('',#4877);
#4877 = AXIS2_PLACEMENT_3D('',#4878,#4879,#4880);
#4878 = CARTESIAN_POINT('',(6.15,-0.35,1.5));
#4879 = DIRECTION('',(-1.,0.,-0.));
#4880 = DIRECTION('',(0.,5.551115123126E-16,-1.));
#4881 = ADVANCED_FACE('',(#4882),#4898,.T.);
#4882 = FACE_BOUND('',#4883,.T.);
#4883 = EDGE_LOOP('',(#4884,#4885,#4891,#4892));
#4884 = ORIENTED_EDGE('',*,*,#3714,.F.);
#4885 = ORIENTED_EDGE('',*,*,#4886,.T.);
#4886 = EDGE_CURVE('',#3715,#3541,#4887,.T.);
#4887 = LINE('',#4888,#4889);
#4888 = CARTESIAN_POINT('',(-0.162230377286,-0.35,-0.540767924286));
#4889 = VECTOR('',#4890,1.);
#4890 = DIRECTION('',(0.,1.,3.330669073875E-16));
#4891 = ORIENTED_EDGE('',*,*,#3540,.T.);
#4892 = ORIENTED_EDGE('',*,*,#4893,.F.);
#4893 = EDGE_CURVE('',#3717,#3543,#4894,.T.);
#4894 = LINE('',#4895,#4896);
#4895 = CARTESIAN_POINT('',(-0.425000733956,-0.35,-1.416669113186));
#4896 = VECTOR('',#4897,1.);
#4897 = DIRECTION('',(0.,1.,3.330669073875E-16));
#4898 = PLANE('',#4899);
#4899 = AXIS2_PLACEMENT_3D('',#4900,#4901,#4902);
#4900 = CARTESIAN_POINT('',(-0.15,-0.35,-0.5));
#4901 = DIRECTION('',(-0.957826285221,-9.570607158995E-17,0.287347885566
    ));
#4902 = DIRECTION('',(-0.287347885566,5.31700397722E-16,-0.957826285221)
  );
#4903 = ADVANCED_FACE('',(#4904),#4915,.F.);
#4904 = FACE_BOUND('',#4905,.F.);
#4905 = EDGE_LOOP('',(#4906,#4907,#4908,#4914));
#4906 = ORIENTED_EDGE('',*,*,#4886,.T.);
#4907 = ORIENTED_EDGE('',*,*,#3675,.T.);
#4908 = ORIENTED_EDGE('',*,*,#4909,.F.);
#4909 = EDGE_CURVE('',#3835,#3668,#4910,.T.);
#4910 = LINE('',#4911,#4912);
#4911 = CARTESIAN_POINT('',(-0.15,-0.35,-0.457437037472));
#4912 = VECTOR('',#4913,1.);
#4913 = DIRECTION('',(0.,1.,3.330669073875E-16));
#4914 = ORIENTED_EDGE('',*,*,#3842,.F.);
#4915 = CYLINDRICAL_SURFACE('',#4916,0.29);
#4916 = AXIS2_PLACEMENT_3D('',#4917,#4918,#4919);
#4917 = CARTESIAN_POINT('',(-0.44,-0.35,-0.457437037472));
#4918 = DIRECTION('',(0.,1.,3.330669073875E-16));
#4919 = DIRECTION('',(0.957826285221,9.570607158983E-17,-0.287347885566)
  );
#4920 = ADVANCED_FACE('',(#4921),#4932,.T.);
#4921 = FACE_BOUND('',#4922,.T.);
#4922 = EDGE_LOOP('',(#4923,#4924,#4925,#4931));
#4923 = ORIENTED_EDGE('',*,*,#4893,.T.);
#4924 = ORIENTED_EDGE('',*,*,#3550,.T.);
#4925 = ORIENTED_EDGE('',*,*,#4926,.F.);
#4926 = EDGE_CURVE('',#3725,#3551,#4927,.T.);
#4927 = LINE('',#4928,#4929);
#4928 = CARTESIAN_POINT('',(-0.425000733956,-0.35,-1.583330886814));
#4929 = VECTOR('',#4930,1.);
#4930 = DIRECTION('',(0.,1.,3.330669073875E-16));
#4931 = ORIENTED_EDGE('',*,*,#3724,.F.);
#4932 = CYLINDRICAL_SURFACE('',#4933,0.29);
#4933 = AXIS2_PLACEMENT_3D('',#4934,#4935,#4936);
#4934 = CARTESIAN_POINT('',(-0.147231111242,-0.35,-1.5));
#4935 = DIRECTION('',(0.,1.,3.330669073875E-16));
#4936 = DIRECTION('',(-0.957826285221,-9.570607158983E-17,0.287347885566
    ));
#4937 = ADVANCED_FACE('',(#4938),#4949,.F.);
#4938 = FACE_BOUND('',#4939,.F.);
#4939 = EDGE_LOOP('',(#4940,#4941,#4942,#4943));
#4940 = ORIENTED_EDGE('',*,*,#3834,.F.);
#4941 = ORIENTED_EDGE('',*,*,#4909,.T.);
#4942 = ORIENTED_EDGE('',*,*,#3667,.T.);
#4943 = ORIENTED_EDGE('',*,*,#4944,.F.);
#4944 = EDGE_CURVE('',#3826,#3659,#4945,.T.);
#4945 = LINE('',#4946,#4947);
#4946 = CARTESIAN_POINT('',(-0.15,-0.35,1.21));
#4947 = VECTOR('',#4948,1.);
#4948 = DIRECTION('',(0.,1.,3.330669073875E-16));
#4949 = PLANE('',#4950);
#4950 = AXIS2_PLACEMENT_3D('',#4951,#4952,#4953);
#4951 = CARTESIAN_POINT('',(-0.15,-0.35,-0.5));
#4952 = DIRECTION('',(1.,0.,0.));
#4953 = DIRECTION('',(0.,-5.551115123126E-16,1.));
#4954 = ADVANCED_FACE('',(#4955),#4966,.T.);
#4955 = FACE_BOUND('',#4956,.T.);
#4956 = EDGE_LOOP('',(#4957,#4958,#4959,#4960));
#4957 = ORIENTED_EDGE('',*,*,#3733,.F.);
#4958 = ORIENTED_EDGE('',*,*,#4926,.T.);
#4959 = ORIENTED_EDGE('',*,*,#3559,.T.);
#4960 = ORIENTED_EDGE('',*,*,#4961,.F.);
#4961 = EDGE_CURVE('',#3734,#3560,#4962,.T.);
#4962 = LINE('',#4963,#4964);
#4963 = CARTESIAN_POINT('',(-0.162230377286,-0.35,-2.459232075714));
#4964 = VECTOR('',#4965,1.);
#4965 = DIRECTION('',(0.,1.,3.330669073875E-16));
#4966 = PLANE('',#4967);
#4967 = AXIS2_PLACEMENT_3D('',#4968,#4969,#4970);
#4968 = CARTESIAN_POINT('',(-0.45,-0.35,-1.5));
#4969 = DIRECTION('',(-0.957826285221,9.570607158995E-17,-0.287347885566
    ));
#4970 = DIRECTION('',(0.287347885566,5.31700397722E-16,-0.957826285221)
  );
#4971 = ADVANCED_FACE('',(#4972),#4978,.T.);
#4972 = FACE_BOUND('',#4973,.T.);
#4973 = EDGE_LOOP('',(#4974,#4975,#4976,#4977));
#4974 = ORIENTED_EDGE('',*,*,#3825,.T.);
#4975 = ORIENTED_EDGE('',*,*,#3698,.T.);
#4976 = ORIENTED_EDGE('',*,*,#3658,.F.);
#4977 = ORIENTED_EDGE('',*,*,#4944,.F.);
#4978 = CYLINDRICAL_SURFACE('',#4979,0.29);
#4979 = AXIS2_PLACEMENT_3D('',#4980,#4981,#4982);
#4980 = CARTESIAN_POINT('',(0.14,-0.35,1.21));
#4981 = DIRECTION('',(0.,1.,3.330669073875E-16));
#4982 = DIRECTION('',(-1.,0.,0.));
#4983 = ADVANCED_FACE('',(#4984),#4995,.F.);
#4984 = FACE_BOUND('',#4985,.F.);
#4985 = EDGE_LOOP('',(#4986,#4992,#4993,#4994));
#4986 = ORIENTED_EDGE('',*,*,#4987,.T.);
#4987 = EDGE_CURVE('',#3742,#3568,#4988,.T.);
#4988 = LINE('',#4989,#4990);
#4989 = CARTESIAN_POINT('',(-0.15,-0.35,-2.542562962528));
#4990 = VECTOR('',#4991,1.);
#4991 = DIRECTION('',(0.,1.,3.330669073875E-16));
#4992 = ORIENTED_EDGE('',*,*,#3567,.T.);
#4993 = ORIENTED_EDGE('',*,*,#4961,.F.);
#4994 = ORIENTED_EDGE('',*,*,#3741,.F.);
#4995 = CYLINDRICAL_SURFACE('',#4996,0.29);
#4996 = AXIS2_PLACEMENT_3D('',#4997,#4998,#4999);
#4997 = CARTESIAN_POINT('',(-0.44,-0.35,-2.542562962528));
#4998 = DIRECTION('',(0.,1.,3.330669073875E-16));
#4999 = DIRECTION('',(1.,0.,-0.));
#5000 = ADVANCED_FACE('',(#5001),#5012,.F.);
#5001 = FACE_BOUND('',#5002,.F.);
#5002 = EDGE_LOOP('',(#5003,#5004,#5010,#5011));
#5003 = ORIENTED_EDGE('',*,*,#3750,.F.);
#5004 = ORIENTED_EDGE('',*,*,#5005,.T.);
#5005 = EDGE_CURVE('',#3751,#3577,#5006,.T.);
#5006 = LINE('',#5007,#5008);
#5007 = CARTESIAN_POINT('',(-0.15,-0.35,-3.5));
#5008 = VECTOR('',#5009,1.);
#5009 = DIRECTION('',(0.,1.,3.330669073875E-16));
#5010 = ORIENTED_EDGE('',*,*,#3576,.T.);
#5011 = ORIENTED_EDGE('',*,*,#4987,.F.);
#5012 = PLANE('',#5013);
#5013 = AXIS2_PLACEMENT_3D('',#5014,#5015,#5016);
#5014 = CARTESIAN_POINT('',(-0.15,-0.35,-3.5));
#5015 = DIRECTION('',(1.,0.,0.));
#5016 = DIRECTION('',(0.,-5.551115123126E-16,1.));
#5017 = ADVANCED_FACE('',(#5018),#5029,.F.);
#5018 = FACE_BOUND('',#5019,.F.);
#5019 = EDGE_LOOP('',(#5020,#5026,#5027,#5028));
#5020 = ORIENTED_EDGE('',*,*,#5021,.T.);
#5021 = EDGE_CURVE('',#3759,#3585,#5022,.T.);
#5022 = LINE('',#5023,#5024);
#5023 = CARTESIAN_POINT('',(0.15,-0.35,-3.5));
#5024 = VECTOR('',#5025,1.);
#5025 = DIRECTION('',(0.,1.,3.330669073875E-16));
#5026 = ORIENTED_EDGE('',*,*,#3584,.T.);
#5027 = ORIENTED_EDGE('',*,*,#5005,.F.);
#5028 = ORIENTED_EDGE('',*,*,#3758,.F.);
#5029 = PLANE('',#5030);
#5030 = AXIS2_PLACEMENT_3D('',#5031,#5032,#5033);
#5031 = CARTESIAN_POINT('',(0.15,-0.35,-3.5));
#5032 = DIRECTION('',(0.,-3.330669073875E-16,1.));
#5033 = DIRECTION('',(-1.,0.,0.));
#5034 = ADVANCED_FACE('',(#5035),#5046,.F.);
#5035 = FACE_BOUND('',#5036,.F.);
#5036 = EDGE_LOOP('',(#5037,#5038,#5044,#5045));
#5037 = ORIENTED_EDGE('',*,*,#3766,.F.);
#5038 = ORIENTED_EDGE('',*,*,#5039,.T.);
#5039 = EDGE_CURVE('',#3767,#3593,#5040,.T.);
#5040 = LINE('',#5041,#5042);
#5041 = CARTESIAN_POINT('',(0.15,-0.35,-2.542562962528));
#5042 = VECTOR('',#5043,1.);
#5043 = DIRECTION('',(0.,1.,3.330669073875E-16));
#5044 = ORIENTED_EDGE('',*,*,#3592,.T.);
#5045 = ORIENTED_EDGE('',*,*,#5021,.F.);
#5046 = PLANE('',#5047);
#5047 = AXIS2_PLACEMENT_3D('',#5048,#5049,#5050);
#5048 = CARTESIAN_POINT('',(0.15,-0.35,-2.5));
#5049 = DIRECTION('',(-1.,0.,-0.));
#5050 = DIRECTION('',(0.,5.551115123126E-16,-1.));
#5051 = ADVANCED_FACE('',(#5052),#5063,.T.);
#5052 = FACE_BOUND('',#5053,.T.);
#5053 = EDGE_LOOP('',(#5054,#5055,#5061,#5062));
#5054 = ORIENTED_EDGE('',*,*,#3808,.T.);
#5055 = ORIENTED_EDGE('',*,*,#5056,.T.);
#5056 = EDGE_CURVE('',#3801,#3627,#5057,.T.);
#5057 = LINE('',#5058,#5059);
#5058 = CARTESIAN_POINT('',(0.137769622714,-0.35,-0.540767924286));
#5059 = VECTOR('',#5060,1.);
#5060 = DIRECTION('',(0.,1.,3.330669073875E-16));
#5061 = ORIENTED_EDGE('',*,*,#3634,.F.);
#5062 = ORIENTED_EDGE('',*,*,#4854,.F.);
#5063 = CYLINDRICAL_SURFACE('',#5064,0.29);
#5064 = AXIS2_PLACEMENT_3D('',#5065,#5066,#5067);
#5065 = CARTESIAN_POINT('',(-0.14,-0.35,-0.457437037472));
#5066 = DIRECTION('',(0.,1.,3.330669073875E-16));
#5067 = DIRECTION('',(1.,0.,-0.));
#5068 = ADVANCED_FACE('',(#5069),#5080,.T.);
#5069 = FACE_BOUND('',#5070,.T.);
#5070 = EDGE_LOOP('',(#5071,#5072,#5073,#5074));
#5071 = ORIENTED_EDGE('',*,*,#3774,.T.);
#5072 = ORIENTED_EDGE('',*,*,#5039,.T.);
#5073 = ORIENTED_EDGE('',*,*,#3600,.F.);
#5074 = ORIENTED_EDGE('',*,*,#5075,.F.);
#5075 = EDGE_CURVE('',#3775,#3601,#5076,.T.);
#5076 = LINE('',#5077,#5078);
#5077 = CARTESIAN_POINT('',(0.137769622714,-0.35,-2.459232075714));
#5078 = VECTOR('',#5079,1.);
#5079 = DIRECTION('',(0.,1.,3.330669073875E-16));
#5080 = CYLINDRICAL_SURFACE('',#5081,0.29);
#5081 = AXIS2_PLACEMENT_3D('',#5082,#5083,#5084);
#5082 = CARTESIAN_POINT('',(-0.14,-0.35,-2.542562962528));
#5083 = DIRECTION('',(0.,1.,3.330669073875E-16));
#5084 = DIRECTION('',(0.957826285221,-9.570607158983E-17,0.287347885566)
  );
#5085 = ADVANCED_FACE('',(#5086),#5097,.T.);
#5086 = FACE_BOUND('',#5087,.T.);
#5087 = EDGE_LOOP('',(#5088,#5089,#5095,#5096));
#5088 = ORIENTED_EDGE('',*,*,#3800,.F.);
#5089 = ORIENTED_EDGE('',*,*,#5090,.T.);
#5090 = EDGE_CURVE('',#3792,#3618,#5091,.T.);
#5091 = LINE('',#5092,#5093);
#5092 = CARTESIAN_POINT('',(-0.125000733956,-0.35,-1.416669113186));
#5093 = VECTOR('',#5094,1.);
#5094 = DIRECTION('',(0.,1.,3.330669073875E-16));
#5095 = ORIENTED_EDGE('',*,*,#3626,.T.);
#5096 = ORIENTED_EDGE('',*,*,#5056,.F.);
#5097 = PLANE('',#5098);
#5098 = AXIS2_PLACEMENT_3D('',#5099,#5100,#5101);
#5099 = CARTESIAN_POINT('',(-0.15,-0.35,-1.5));
#5100 = DIRECTION('',(0.957826285221,9.570607158995E-17,-0.287347885566)
  );
#5101 = DIRECTION('',(0.287347885566,-5.31700397722E-16,0.957826285221)
  );
#5102 = ADVANCED_FACE('',(#5103),#5114,.T.);
#5103 = FACE_BOUND('',#5104,.T.);
#5104 = EDGE_LOOP('',(#5105,#5106,#5107,#5108));
#5105 = ORIENTED_EDGE('',*,*,#3783,.F.);
#5106 = ORIENTED_EDGE('',*,*,#5075,.T.);
#5107 = ORIENTED_EDGE('',*,*,#3609,.T.);
#5108 = ORIENTED_EDGE('',*,*,#5109,.F.);
#5109 = EDGE_CURVE('',#3784,#3610,#5110,.T.);
#5110 = LINE('',#5111,#5112);
#5111 = CARTESIAN_POINT('',(-0.125000733956,-0.35,-1.583330886814));
#5112 = VECTOR('',#5113,1.);
#5113 = DIRECTION('',(0.,1.,3.330669073875E-16));
#5114 = PLANE('',#5115);
#5115 = AXIS2_PLACEMENT_3D('',#5116,#5117,#5118);
#5116 = CARTESIAN_POINT('',(0.15,-0.35,-2.5));
#5117 = DIRECTION('',(0.957826285221,-9.570607158995E-17,0.287347885566)
  );
#5118 = DIRECTION('',(-0.287347885566,-5.31700397722E-16,0.957826285221)
  );
#5119 = ADVANCED_FACE('',(#5120),#5126,.F.);
#5120 = FACE_BOUND('',#5121,.F.);
#5121 = EDGE_LOOP('',(#5122,#5123,#5124,#5125));
#5122 = ORIENTED_EDGE('',*,*,#5090,.T.);
#5123 = ORIENTED_EDGE('',*,*,#3617,.T.);
#5124 = ORIENTED_EDGE('',*,*,#5109,.F.);
#5125 = ORIENTED_EDGE('',*,*,#3791,.F.);
#5126 = CYLINDRICAL_SURFACE('',#5127,0.29);
#5127 = AXIS2_PLACEMENT_3D('',#5128,#5129,#5130);
#5128 = CARTESIAN_POINT('',(0.152768888758,-0.35,-1.5));
#5129 = DIRECTION('',(0.,1.,3.330669073875E-16));
#5130 = DIRECTION('',(-0.957826285221,-9.570607158983E-17,0.287347885566
    ));
#5131 = ADVANCED_FACE('',(#5132),#5148,.T.);
#5132 = FACE_BOUND('',#5133,.T.);
#5133 = EDGE_LOOP('',(#5134,#5135,#5141,#5142));
#5134 = ORIENTED_EDGE('',*,*,#3857,.F.);
#5135 = ORIENTED_EDGE('',*,*,#5136,.T.);
#5136 = EDGE_CURVE('',#3858,#4008,#5137,.T.);
#5137 = LINE('',#5138,#5139);
#5138 = CARTESIAN_POINT('',(-0.162230377286,-4.85,-0.540767924286));
#5139 = VECTOR('',#5140,1.);
#5140 = DIRECTION('',(0.,1.,3.330669073875E-16));
#5141 = ORIENTED_EDGE('',*,*,#4007,.T.);
#5142 = ORIENTED_EDGE('',*,*,#5143,.F.);
#5143 = EDGE_CURVE('',#3860,#4010,#5144,.T.);
#5144 = LINE('',#5145,#5146);
#5145 = CARTESIAN_POINT('',(-0.425000733956,-4.85,-1.416669113186));
#5146 = VECTOR('',#5147,1.);
#5147 = DIRECTION('',(0.,1.,3.330669073875E-16));
#5148 = PLANE('',#5149);
#5149 = AXIS2_PLACEMENT_3D('',#5150,#5151,#5152);
#5150 = CARTESIAN_POINT('',(-0.15,-4.85,-0.5));
#5151 = DIRECTION('',(-0.957826285221,-9.570607158995E-17,0.287347885566
    ));
#5152 = DIRECTION('',(-0.287347885566,5.31700397722E-16,-0.957826285221)
  );
#5153 = ADVANCED_FACE('',(#5154),#5165,.F.);
#5154 = FACE_BOUND('',#5155,.F.);
#5155 = EDGE_LOOP('',(#5156,#5157,#5158,#5164));
#5156 = ORIENTED_EDGE('',*,*,#5136,.T.);
#5157 = ORIENTED_EDGE('',*,*,#4142,.T.);
#5158 = ORIENTED_EDGE('',*,*,#5159,.F.);
#5159 = EDGE_CURVE('',#3985,#4135,#5160,.T.);
#5160 = LINE('',#5161,#5162);
#5161 = CARTESIAN_POINT('',(-0.15,-4.85,-0.457437037472));
#5162 = VECTOR('',#5163,1.);
#5163 = DIRECTION('',(0.,1.,3.330669073875E-16));
#5164 = ORIENTED_EDGE('',*,*,#3992,.F.);
#5165 = CYLINDRICAL_SURFACE('',#5166,0.29);
#5166 = AXIS2_PLACEMENT_3D('',#5167,#5168,#5169);
#5167 = CARTESIAN_POINT('',(-0.44,-4.85,-0.457437037472));
#5168 = DIRECTION('',(0.,1.,3.330669073875E-16));
#5169 = DIRECTION('',(0.957826285221,9.570607158983E-17,-0.287347885566)
  );
#5170 = ADVANCED_FACE('',(#5171),#5182,.T.);
#5171 = FACE_BOUND('',#5172,.T.);
#5172 = EDGE_LOOP('',(#5173,#5174,#5175,#5181));
#5173 = ORIENTED_EDGE('',*,*,#5143,.T.);
#5174 = ORIENTED_EDGE('',*,*,#4017,.T.);
#5175 = ORIENTED_EDGE('',*,*,#5176,.F.);
#5176 = EDGE_CURVE('',#3868,#4018,#5177,.T.);
#5177 = LINE('',#5178,#5179);
#5178 = CARTESIAN_POINT('',(-0.425000733956,-4.85,-1.583330886814));
#5179 = VECTOR('',#5180,1.);
#5180 = DIRECTION('',(0.,1.,3.330669073875E-16));
#5181 = ORIENTED_EDGE('',*,*,#3867,.F.);
#5182 = CYLINDRICAL_SURFACE('',#5183,0.29);
#5183 = AXIS2_PLACEMENT_3D('',#5184,#5185,#5186);
#5184 = CARTESIAN_POINT('',(-0.147231111242,-4.85,-1.5));
#5185 = DIRECTION('',(0.,1.,3.330669073875E-16));
#5186 = DIRECTION('',(-0.957826285221,-9.570607158983E-17,0.287347885566
    ));
#5187 = ADVANCED_FACE('',(#5188),#5199,.F.);
#5188 = FACE_BOUND('',#5189,.F.);
#5189 = EDGE_LOOP('',(#5190,#5191,#5192,#5193));
#5190 = ORIENTED_EDGE('',*,*,#3984,.F.);
#5191 = ORIENTED_EDGE('',*,*,#5159,.T.);
#5192 = ORIENTED_EDGE('',*,*,#4134,.T.);
#5193 = ORIENTED_EDGE('',*,*,#5194,.F.);
#5194 = EDGE_CURVE('',#3976,#4126,#5195,.T.);
#5195 = LINE('',#5196,#5197);
#5196 = CARTESIAN_POINT('',(-0.15,-4.85,1.21));
#5197 = VECTOR('',#5198,1.);
#5198 = DIRECTION('',(0.,1.,3.330669073875E-16));
#5199 = PLANE('',#5200);
#5200 = AXIS2_PLACEMENT_3D('',#5201,#5202,#5203);
#5201 = CARTESIAN_POINT('',(-0.15,-4.85,-0.5));
#5202 = DIRECTION('',(1.,0.,0.));
#5203 = DIRECTION('',(0.,-5.551115123126E-16,1.));
#5204 = ADVANCED_FACE('',(#5205),#5216,.T.);
#5205 = FACE_BOUND('',#5206,.T.);
#5206 = EDGE_LOOP('',(#5207,#5208,#5209,#5210));
#5207 = ORIENTED_EDGE('',*,*,#3876,.F.);
#5208 = ORIENTED_EDGE('',*,*,#5176,.T.);
#5209 = ORIENTED_EDGE('',*,*,#4026,.T.);
#5210 = ORIENTED_EDGE('',*,*,#5211,.F.);
#5211 = EDGE_CURVE('',#3877,#4027,#5212,.T.);
#5212 = LINE('',#5213,#5214);
#5213 = CARTESIAN_POINT('',(-0.162230377286,-4.85,-2.459232075714));
#5214 = VECTOR('',#5215,1.);
#5215 = DIRECTION('',(0.,1.,3.330669073875E-16));
#5216 = PLANE('',#5217);
#5217 = AXIS2_PLACEMENT_3D('',#5218,#5219,#5220);
#5218 = CARTESIAN_POINT('',(-0.45,-4.85,-1.5));
#5219 = DIRECTION('',(-0.957826285221,9.570607158995E-17,-0.287347885566
    ));
#5220 = DIRECTION('',(0.287347885566,5.31700397722E-16,-0.957826285221)
  );
#5221 = ADVANCED_FACE('',(#5222),#5228,.T.);
#5222 = FACE_BOUND('',#5223,.T.);
#5223 = EDGE_LOOP('',(#5224,#5225,#5226,#5227));
#5224 = ORIENTED_EDGE('',*,*,#3975,.T.);
#5225 = ORIENTED_EDGE('',*,*,#4158,.T.);
#5226 = ORIENTED_EDGE('',*,*,#4125,.F.);
#5227 = ORIENTED_EDGE('',*,*,#5194,.F.);
#5228 = CYLINDRICAL_SURFACE('',#5229,0.29);
#5229 = AXIS2_PLACEMENT_3D('',#5230,#5231,#5232);
#5230 = CARTESIAN_POINT('',(0.14,-4.85,1.21));
#5231 = DIRECTION('',(0.,1.,3.330669073875E-16));
#5232 = DIRECTION('',(-1.,0.,0.));
#5233 = ADVANCED_FACE('',(#5234),#5245,.F.);
#5234 = FACE_BOUND('',#5235,.F.);
#5235 = EDGE_LOOP('',(#5236,#5242,#5243,#5244));
#5236 = ORIENTED_EDGE('',*,*,#5237,.T.);
#5237 = EDGE_CURVE('',#3885,#4035,#5238,.T.);
#5238 = LINE('',#5239,#5240);
#5239 = CARTESIAN_POINT('',(-0.15,-4.85,-2.542562962528));
#5240 = VECTOR('',#5241,1.);
#5241 = DIRECTION('',(0.,1.,3.330669073875E-16));
#5242 = ORIENTED_EDGE('',*,*,#4034,.T.);
#5243 = ORIENTED_EDGE('',*,*,#5211,.F.);
#5244 = ORIENTED_EDGE('',*,*,#3884,.F.);
#5245 = CYLINDRICAL_SURFACE('',#5246,0.29);
#5246 = AXIS2_PLACEMENT_3D('',#5247,#5248,#5249);
#5247 = CARTESIAN_POINT('',(-0.44,-4.85,-2.542562962528));
#5248 = DIRECTION('',(0.,1.,3.330669073875E-16));
#5249 = DIRECTION('',(1.,0.,-0.));
#5250 = ADVANCED_FACE('',(#5251),#5262,.F.);
#5251 = FACE_BOUND('',#5252,.F.);
#5252 = EDGE_LOOP('',(#5253,#5254,#5260,#5261));
#5253 = ORIENTED_EDGE('',*,*,#3893,.F.);
#5254 = ORIENTED_EDGE('',*,*,#5255,.T.);
#5255 = EDGE_CURVE('',#3894,#4044,#5256,.T.);
#5256 = LINE('',#5257,#5258);
#5257 = CARTESIAN_POINT('',(-0.15,-4.85,-3.5));
#5258 = VECTOR('',#5259,1.);
#5259 = DIRECTION('',(0.,1.,3.330669073875E-16));
#5260 = ORIENTED_EDGE('',*,*,#4043,.T.);
#5261 = ORIENTED_EDGE('',*,*,#5237,.F.);
#5262 = PLANE('',#5263);
#5263 = AXIS2_PLACEMENT_3D('',#5264,#5265,#5266);
#5264 = CARTESIAN_POINT('',(-0.15,-4.85,-3.5));
#5265 = DIRECTION('',(1.,0.,0.));
#5266 = DIRECTION('',(0.,-5.551115123126E-16,1.));
#5267 = ADVANCED_FACE('',(#5268),#5279,.F.);
#5268 = FACE_BOUND('',#5269,.F.);
#5269 = EDGE_LOOP('',(#5270,#5276,#5277,#5278));
#5270 = ORIENTED_EDGE('',*,*,#5271,.T.);
#5271 = EDGE_CURVE('',#3902,#4052,#5272,.T.);
#5272 = LINE('',#5273,#5274);
#5273 = CARTESIAN_POINT('',(0.15,-4.85,-3.5));
#5274 = VECTOR('',#5275,1.);
#5275 = DIRECTION('',(0.,1.,3.330669073875E-16));
#5276 = ORIENTED_EDGE('',*,*,#4051,.T.);
#5277 = ORIENTED_EDGE('',*,*,#5255,.F.);
#5278 = ORIENTED_EDGE('',*,*,#3901,.F.);
#5279 = PLANE('',#5280);
#5280 = AXIS2_PLACEMENT_3D('',#5281,#5282,#5283);
#5281 = CARTESIAN_POINT('',(0.15,-4.85,-3.5));
#5282 = DIRECTION('',(0.,-3.330669073875E-16,1.));
#5283 = DIRECTION('',(-1.,0.,0.));
#5284 = ADVANCED_FACE('',(#5285),#5296,.F.);
#5285 = FACE_BOUND('',#5286,.F.);
#5286 = EDGE_LOOP('',(#5287,#5288,#5294,#5295));
#5287 = ORIENTED_EDGE('',*,*,#3909,.F.);
#5288 = ORIENTED_EDGE('',*,*,#5289,.T.);
#5289 = EDGE_CURVE('',#3910,#4060,#5290,.T.);
#5290 = LINE('',#5291,#5292);
#5291 = CARTESIAN_POINT('',(0.15,-4.85,-2.542562962528));
#5292 = VECTOR('',#5293,1.);
#5293 = DIRECTION('',(0.,1.,3.330669073875E-16));
#5294 = ORIENTED_EDGE('',*,*,#4059,.T.);
#5295 = ORIENTED_EDGE('',*,*,#5271,.F.);
#5296 = PLANE('',#5297);
#5297 = AXIS2_PLACEMENT_3D('',#5298,#5299,#5300);
#5298 = CARTESIAN_POINT('',(0.15,-4.85,-2.5));
#5299 = DIRECTION('',(-1.,0.,-0.));
#5300 = DIRECTION('',(0.,5.551115123126E-16,-1.));
#5301 = ADVANCED_FACE('',(#5302),#5313,.T.);
#5302 = FACE_BOUND('',#5303,.T.);
#5303 = EDGE_LOOP('',(#5304,#5305,#5311,#5312));
#5304 = ORIENTED_EDGE('',*,*,#3951,.T.);
#5305 = ORIENTED_EDGE('',*,*,#5306,.T.);
#5306 = EDGE_CURVE('',#3944,#4094,#5307,.T.);
#5307 = LINE('',#5308,#5309);
#5308 = CARTESIAN_POINT('',(0.137769622714,-4.85,-0.540767924286));
#5309 = VECTOR('',#5310,1.);
#5310 = DIRECTION('',(0.,1.,3.330669073875E-16));
#5311 = ORIENTED_EDGE('',*,*,#4101,.F.);
#5312 = ORIENTED_EDGE('',*,*,#4820,.F.);
#5313 = CYLINDRICAL_SURFACE('',#5314,0.29);
#5314 = AXIS2_PLACEMENT_3D('',#5315,#5316,#5317);
#5315 = CARTESIAN_POINT('',(-0.14,-4.85,-0.457437037472));
#5316 = DIRECTION('',(0.,1.,3.330669073875E-16));
#5317 = DIRECTION('',(1.,0.,-0.));
#5318 = ADVANCED_FACE('',(#5319),#5330,.T.);
#5319 = FACE_BOUND('',#5320,.T.);
#5320 = EDGE_LOOP('',(#5321,#5322,#5323,#5324));
#5321 = ORIENTED_EDGE('',*,*,#3917,.T.);
#5322 = ORIENTED_EDGE('',*,*,#5289,.T.);
#5323 = ORIENTED_EDGE('',*,*,#4067,.F.);
#5324 = ORIENTED_EDGE('',*,*,#5325,.F.);
#5325 = EDGE_CURVE('',#3918,#4068,#5326,.T.);
#5326 = LINE('',#5327,#5328);
#5327 = CARTESIAN_POINT('',(0.137769622714,-4.85,-2.459232075714));
#5328 = VECTOR('',#5329,1.);
#5329 = DIRECTION('',(0.,1.,3.330669073875E-16));
#5330 = CYLINDRICAL_SURFACE('',#5331,0.29);
#5331 = AXIS2_PLACEMENT_3D('',#5332,#5333,#5334);
#5332 = CARTESIAN_POINT('',(-0.14,-4.85,-2.542562962528));
#5333 = DIRECTION('',(0.,1.,3.330669073875E-16));
#5334 = DIRECTION('',(0.957826285221,-9.570607158983E-17,0.287347885566)
  );
#5335 = ADVANCED_FACE('',(#5336),#5347,.T.);
#5336 = FACE_BOUND('',#5337,.T.);
#5337 = EDGE_LOOP('',(#5338,#5339,#5345,#5346));
#5338 = ORIENTED_EDGE('',*,*,#3943,.F.);
#5339 = ORIENTED_EDGE('',*,*,#5340,.T.);
#5340 = EDGE_CURVE('',#3935,#4085,#5341,.T.);
#5341 = LINE('',#5342,#5343);
#5342 = CARTESIAN_POINT('',(-0.125000733956,-4.85,-1.416669113186));
#5343 = VECTOR('',#5344,1.);
#5344 = DIRECTION('',(0.,1.,3.330669073875E-16));
#5345 = ORIENTED_EDGE('',*,*,#4093,.T.);
#5346 = ORIENTED_EDGE('',*,*,#5306,.F.);
#5347 = PLANE('',#5348);
#5348 = AXIS2_PLACEMENT_3D('',#5349,#5350,#5351);
#5349 = CARTESIAN_POINT('',(-0.15,-4.85,-1.5));
#5350 = DIRECTION('',(0.957826285221,9.570607158995E-17,-0.287347885566)
  );
#5351 = DIRECTION('',(0.287347885566,-5.31700397722E-16,0.957826285221)
  );
#5352 = ADVANCED_FACE('',(#5353),#5364,.T.);
#5353 = FACE_BOUND('',#5354,.T.);
#5354 = EDGE_LOOP('',(#5355,#5356,#5357,#5358));
#5355 = ORIENTED_EDGE('',*,*,#3926,.F.);
#5356 = ORIENTED_EDGE('',*,*,#5325,.T.);
#5357 = ORIENTED_EDGE('',*,*,#4076,.T.);
#5358 = ORIENTED_EDGE('',*,*,#5359,.F.);
#5359 = EDGE_CURVE('',#3927,#4077,#5360,.T.);
#5360 = LINE('',#5361,#5362);
#5361 = CARTESIAN_POINT('',(-0.125000733956,-4.85,-1.583330886814));
#5362 = VECTOR('',#5363,1.);
#5363 = DIRECTION('',(0.,1.,3.330669073875E-16));
#5364 = PLANE('',#5365);
#5365 = AXIS2_PLACEMENT_3D('',#5366,#5367,#5368);
#5366 = CARTESIAN_POINT('',(0.15,-4.85,-2.5));
#5367 = DIRECTION('',(0.957826285221,-9.570607158995E-17,0.287347885566)
  );
#5368 = DIRECTION('',(-0.287347885566,-5.31700397722E-16,0.957826285221)
  );
#5369 = ADVANCED_FACE('',(#5370),#5376,.F.);
#5370 = FACE_BOUND('',#5371,.F.);
#5371 = EDGE_LOOP('',(#5372,#5373,#5374,#5375));
#5372 = ORIENTED_EDGE('',*,*,#5340,.T.);
#5373 = ORIENTED_EDGE('',*,*,#4084,.T.);
#5374 = ORIENTED_EDGE('',*,*,#5359,.F.);
#5375 = ORIENTED_EDGE('',*,*,#3934,.F.);
#5376 = CYLINDRICAL_SURFACE('',#5377,0.29);
#5377 = AXIS2_PLACEMENT_3D('',#5378,#5379,#5380);
#5378 = CARTESIAN_POINT('',(0.152768888758,-4.85,-1.5));
#5379 = DIRECTION('',(0.,1.,3.330669073875E-16));
#5380 = DIRECTION('',(-0.957826285221,-9.570607158983E-17,0.287347885566
    ));
#5381 = ADVANCED_FACE('',(#5382),#5398,.F.);
#5382 = FACE_BOUND('',#5383,.F.);
#5383 = EDGE_LOOP('',(#5384,#5385,#5391,#5392));
#5384 = ORIENTED_EDGE('',*,*,#4174,.F.);
#5385 = ORIENTED_EDGE('',*,*,#5386,.T.);
#5386 = EDGE_CURVE('',#4175,#4349,#5387,.T.);
#5387 = LINE('',#5388,#5389);
#5388 = CARTESIAN_POINT('',(6.462230377286,-4.85,-0.540767924286));
#5389 = VECTOR('',#5390,1.);
#5390 = DIRECTION('',(0.,1.,3.330669073875E-16));
#5391 = ORIENTED_EDGE('',*,*,#4348,.T.);
#5392 = ORIENTED_EDGE('',*,*,#5393,.F.);
#5393 = EDGE_CURVE('',#4177,#4351,#5394,.T.);
#5394 = LINE('',#5395,#5396);
#5395 = CARTESIAN_POINT('',(6.725000733956,-4.85,-1.416669113186));
#5396 = VECTOR('',#5397,1.);
#5397 = DIRECTION('',(0.,1.,3.330669073875E-16));
#5398 = PLANE('',#5399);
#5399 = AXIS2_PLACEMENT_3D('',#5400,#5401,#5402);
#5400 = CARTESIAN_POINT('',(6.45,-4.85,-0.5));
#5401 = DIRECTION('',(-0.957826285221,9.570607158995E-17,-0.287347885566
    ));
#5402 = DIRECTION('',(0.287347885566,5.31700397722E-16,-0.957826285221)
  );
#5403 = ADVANCED_FACE('',(#5404),#5415,.F.);
#5404 = FACE_BOUND('',#5405,.F.);
#5405 = EDGE_LOOP('',(#5406,#5407,#5413,#5414));
#5406 = ORIENTED_EDGE('',*,*,#4309,.T.);
#5407 = ORIENTED_EDGE('',*,*,#5408,.T.);
#5408 = EDGE_CURVE('',#4302,#4469,#5409,.T.);
#5409 = LINE('',#5410,#5411);
#5410 = CARTESIAN_POINT('',(6.45,-4.85,-0.457437037472));
#5411 = VECTOR('',#5412,1.);
#5412 = DIRECTION('',(0.,1.,3.330669073875E-16));
#5413 = ORIENTED_EDGE('',*,*,#4476,.F.);
#5414 = ORIENTED_EDGE('',*,*,#5386,.F.);
#5415 = CYLINDRICAL_SURFACE('',#5416,0.29);
#5416 = AXIS2_PLACEMENT_3D('',#5417,#5418,#5419);
#5417 = CARTESIAN_POINT('',(6.74,-4.85,-0.457437037472));
#5418 = DIRECTION('',(0.,1.,3.330669073875E-16));
#5419 = DIRECTION('',(-0.957826285221,9.570607158983E-17,-0.287347885566
    ));
#5420 = ADVANCED_FACE('',(#5421),#5432,.T.);
#5421 = FACE_BOUND('',#5422,.T.);
#5422 = EDGE_LOOP('',(#5423,#5424,#5430,#5431));
#5423 = ORIENTED_EDGE('',*,*,#4184,.T.);
#5424 = ORIENTED_EDGE('',*,*,#5425,.T.);
#5425 = EDGE_CURVE('',#4185,#4359,#5426,.T.);
#5426 = LINE('',#5427,#5428);
#5427 = CARTESIAN_POINT('',(6.725000733956,-4.85,-1.583330886814));
#5428 = VECTOR('',#5429,1.);
#5429 = DIRECTION('',(0.,1.,3.330669073875E-16));
#5430 = ORIENTED_EDGE('',*,*,#4358,.F.);
#5431 = ORIENTED_EDGE('',*,*,#5393,.F.);
#5432 = CYLINDRICAL_SURFACE('',#5433,0.29);
#5433 = AXIS2_PLACEMENT_3D('',#5434,#5435,#5436);
#5434 = CARTESIAN_POINT('',(6.447231111242,-4.85,-1.5));
#5435 = DIRECTION('',(0.,1.,3.330669073875E-16));
#5436 = DIRECTION('',(0.957826285221,-9.570607158983E-17,0.287347885566)
  );
#5437 = ADVANCED_FACE('',(#5438),#5449,.T.);
#5438 = FACE_BOUND('',#5439,.T.);
#5439 = EDGE_LOOP('',(#5440,#5441,#5442,#5443));
#5440 = ORIENTED_EDGE('',*,*,#4301,.F.);
#5441 = ORIENTED_EDGE('',*,*,#5408,.T.);
#5442 = ORIENTED_EDGE('',*,*,#4468,.T.);
#5443 = ORIENTED_EDGE('',*,*,#5444,.F.);
#5444 = EDGE_CURVE('',#4293,#4460,#5445,.T.);
#5445 = LINE('',#5446,#5447);
#5446 = CARTESIAN_POINT('',(6.45,-4.85,1.21));
#5447 = VECTOR('',#5448,1.);
#5448 = DIRECTION('',(0.,1.,3.330669073875E-16));
#5449 = PLANE('',#5450);
#5450 = AXIS2_PLACEMENT_3D('',#5451,#5452,#5453);
#5451 = CARTESIAN_POINT('',(6.45,-4.85,-0.5));
#5452 = DIRECTION('',(1.,0.,0.));
#5453 = DIRECTION('',(0.,-5.551115123126E-16,1.));
#5454 = ADVANCED_FACE('',(#5455),#5466,.F.);
#5455 = FACE_BOUND('',#5456,.F.);
#5456 = EDGE_LOOP('',(#5457,#5458,#5459,#5460));
#5457 = ORIENTED_EDGE('',*,*,#4193,.F.);
#5458 = ORIENTED_EDGE('',*,*,#5425,.T.);
#5459 = ORIENTED_EDGE('',*,*,#4367,.T.);
#5460 = ORIENTED_EDGE('',*,*,#5461,.F.);
#5461 = EDGE_CURVE('',#4194,#4368,#5462,.T.);
#5462 = LINE('',#5463,#5464);
#5463 = CARTESIAN_POINT('',(6.462230377286,-4.85,-2.459232075714));
#5464 = VECTOR('',#5465,1.);
#5465 = DIRECTION('',(0.,1.,3.330669073875E-16));
#5466 = PLANE('',#5467);
#5467 = AXIS2_PLACEMENT_3D('',#5468,#5469,#5470);
#5468 = CARTESIAN_POINT('',(6.75,-4.85,-1.5));
#5469 = DIRECTION('',(-0.957826285221,-9.570607158995E-17,0.287347885566
    ));
#5470 = DIRECTION('',(-0.287347885566,5.31700397722E-16,-0.957826285221)
  );
#5471 = ADVANCED_FACE('',(#5472),#5478,.T.);
#5472 = FACE_BOUND('',#5473,.T.);
#5473 = EDGE_LOOP('',(#5474,#5475,#5476,#5477));
#5474 = ORIENTED_EDGE('',*,*,#5444,.T.);
#5475 = ORIENTED_EDGE('',*,*,#4459,.T.);
#5476 = ORIENTED_EDGE('',*,*,#4325,.F.);
#5477 = ORIENTED_EDGE('',*,*,#4292,.F.);
#5478 = CYLINDRICAL_SURFACE('',#5479,0.29);
#5479 = AXIS2_PLACEMENT_3D('',#5480,#5481,#5482);
#5480 = CARTESIAN_POINT('',(6.16,-4.85,1.21));
#5481 = DIRECTION('',(0.,1.,3.330669073875E-16));
#5482 = DIRECTION('',(1.,0.,-0.));
#5483 = ADVANCED_FACE('',(#5484),#5495,.F.);
#5484 = FACE_BOUND('',#5485,.F.);
#5485 = EDGE_LOOP('',(#5486,#5487,#5488,#5489));
#5486 = ORIENTED_EDGE('',*,*,#4201,.T.);
#5487 = ORIENTED_EDGE('',*,*,#5461,.T.);
#5488 = ORIENTED_EDGE('',*,*,#4375,.F.);
#5489 = ORIENTED_EDGE('',*,*,#5490,.F.);
#5490 = EDGE_CURVE('',#4202,#4376,#5491,.T.);
#5491 = LINE('',#5492,#5493);
#5492 = CARTESIAN_POINT('',(6.45,-4.85,-2.542562962528));
#5493 = VECTOR('',#5494,1.);
#5494 = DIRECTION('',(0.,1.,3.330669073875E-16));
#5495 = CYLINDRICAL_SURFACE('',#5496,0.29);
#5496 = AXIS2_PLACEMENT_3D('',#5497,#5498,#5499);
#5497 = CARTESIAN_POINT('',(6.74,-4.85,-2.542562962528));
#5498 = DIRECTION('',(0.,1.,3.330669073875E-16));
#5499 = DIRECTION('',(-1.,0.,0.));
#5500 = ADVANCED_FACE('',(#5501),#5512,.T.);
#5501 = FACE_BOUND('',#5502,.T.);
#5502 = EDGE_LOOP('',(#5503,#5504,#5510,#5511));
#5503 = ORIENTED_EDGE('',*,*,#4210,.F.);
#5504 = ORIENTED_EDGE('',*,*,#5505,.T.);
#5505 = EDGE_CURVE('',#4211,#4385,#5506,.T.);
#5506 = LINE('',#5507,#5508);
#5507 = CARTESIAN_POINT('',(6.45,-4.85,-3.5));
#5508 = VECTOR('',#5509,1.);
#5509 = DIRECTION('',(0.,1.,3.330669073875E-16));
#5510 = ORIENTED_EDGE('',*,*,#4384,.T.);
#5511 = ORIENTED_EDGE('',*,*,#5490,.F.);
#5512 = PLANE('',#5513);
#5513 = AXIS2_PLACEMENT_3D('',#5514,#5515,#5516);
#5514 = CARTESIAN_POINT('',(6.45,-4.85,-3.5));
#5515 = DIRECTION('',(1.,0.,0.));
#5516 = DIRECTION('',(0.,-5.551115123126E-16,1.));
#5517 = ADVANCED_FACE('',(#5518),#5529,.T.);
#5518 = FACE_BOUND('',#5519,.T.);
#5519 = EDGE_LOOP('',(#5520,#5526,#5527,#5528));
#5520 = ORIENTED_EDGE('',*,*,#5521,.T.);
#5521 = EDGE_CURVE('',#4219,#4393,#5522,.T.);
#5522 = LINE('',#5523,#5524);
#5523 = CARTESIAN_POINT('',(6.15,-4.85,-3.5));
#5524 = VECTOR('',#5525,1.);
#5525 = DIRECTION('',(0.,1.,3.330669073875E-16));
#5526 = ORIENTED_EDGE('',*,*,#4392,.T.);
#5527 = ORIENTED_EDGE('',*,*,#5505,.F.);
#5528 = ORIENTED_EDGE('',*,*,#4218,.F.);
#5529 = PLANE('',#5530);
#5530 = AXIS2_PLACEMENT_3D('',#5531,#5532,#5533);
#5531 = CARTESIAN_POINT('',(6.15,-4.85,-3.5));
#5532 = DIRECTION('',(0.,3.330669073875E-16,-1.));
#5533 = DIRECTION('',(1.,0.,0.));
#5534 = ADVANCED_FACE('',(#5535),#5546,.T.);
#5535 = FACE_BOUND('',#5536,.T.);
#5536 = EDGE_LOOP('',(#5537,#5538,#5544,#5545));
#5537 = ORIENTED_EDGE('',*,*,#4226,.F.);
#5538 = ORIENTED_EDGE('',*,*,#5539,.T.);
#5539 = EDGE_CURVE('',#4227,#4401,#5540,.T.);
#5540 = LINE('',#5541,#5542);
#5541 = CARTESIAN_POINT('',(6.15,-4.85,-2.542562962528));
#5542 = VECTOR('',#5543,1.);
#5543 = DIRECTION('',(0.,1.,3.330669073875E-16));
#5544 = ORIENTED_EDGE('',*,*,#4400,.T.);
#5545 = ORIENTED_EDGE('',*,*,#5521,.F.);
#5546 = PLANE('',#5547);
#5547 = AXIS2_PLACEMENT_3D('',#5548,#5549,#5550);
#5548 = CARTESIAN_POINT('',(6.15,-4.85,-2.5));
#5549 = DIRECTION('',(-1.,0.,-0.));
#5550 = DIRECTION('',(0.,5.551115123126E-16,-1.));
#5551 = ADVANCED_FACE('',(#5552),#5563,.T.);
#5552 = FACE_BOUND('',#5553,.T.);
#5553 = EDGE_LOOP('',(#5554,#5555,#5556,#5562));
#5554 = ORIENTED_EDGE('',*,*,#4837,.T.);
#5555 = ORIENTED_EDGE('',*,*,#4442,.T.);
#5556 = ORIENTED_EDGE('',*,*,#5557,.F.);
#5557 = EDGE_CURVE('',#4261,#4435,#5558,.T.);
#5558 = LINE('',#5559,#5560);
#5559 = CARTESIAN_POINT('',(6.162230377286,-4.85,-0.540767924286));
#5560 = VECTOR('',#5561,1.);
#5561 = DIRECTION('',(0.,1.,3.330669073875E-16));
#5562 = ORIENTED_EDGE('',*,*,#4268,.F.);
#5563 = CYLINDRICAL_SURFACE('',#5564,0.29);
#5564 = AXIS2_PLACEMENT_3D('',#5565,#5566,#5567);
#5565 = CARTESIAN_POINT('',(6.44,-4.85,-0.457437037472));
#5566 = DIRECTION('',(0.,1.,3.330669073875E-16));
#5567 = DIRECTION('',(-1.,0.,0.));
#5568 = ADVANCED_FACE('',(#5569),#5580,.T.);
#5569 = FACE_BOUND('',#5570,.T.);
#5570 = EDGE_LOOP('',(#5571,#5577,#5578,#5579));
#5571 = ORIENTED_EDGE('',*,*,#5572,.T.);
#5572 = EDGE_CURVE('',#4235,#4409,#5573,.T.);
#5573 = LINE('',#5574,#5575);
#5574 = CARTESIAN_POINT('',(6.162230377286,-4.85,-2.459232075714));
#5575 = VECTOR('',#5576,1.);
#5576 = DIRECTION('',(0.,1.,3.330669073875E-16));
#5577 = ORIENTED_EDGE('',*,*,#4408,.T.);
#5578 = ORIENTED_EDGE('',*,*,#5539,.F.);
#5579 = ORIENTED_EDGE('',*,*,#4234,.F.);
#5580 = CYLINDRICAL_SURFACE('',#5581,0.29);
#5581 = AXIS2_PLACEMENT_3D('',#5582,#5583,#5584);
#5582 = CARTESIAN_POINT('',(6.44,-4.85,-2.542562962528));
#5583 = DIRECTION('',(0.,1.,3.330669073875E-16));
#5584 = DIRECTION('',(-0.957826285221,-9.570607158983E-17,0.287347885566
    ));
#5585 = ADVANCED_FACE('',(#5586),#5597,.F.);
#5586 = FACE_BOUND('',#5587,.F.);
#5587 = EDGE_LOOP('',(#5588,#5589,#5595,#5596));
#5588 = ORIENTED_EDGE('',*,*,#4260,.F.);
#5589 = ORIENTED_EDGE('',*,*,#5590,.T.);
#5590 = EDGE_CURVE('',#4252,#4426,#5591,.T.);
#5591 = LINE('',#5592,#5593);
#5592 = CARTESIAN_POINT('',(6.425000733956,-4.85,-1.416669113186));
#5593 = VECTOR('',#5594,1.);
#5594 = DIRECTION('',(0.,1.,3.330669073875E-16));
#5595 = ORIENTED_EDGE('',*,*,#4434,.T.);
#5596 = ORIENTED_EDGE('',*,*,#5557,.F.);
#5597 = PLANE('',#5598);
#5598 = AXIS2_PLACEMENT_3D('',#5599,#5600,#5601);
#5599 = CARTESIAN_POINT('',(6.45,-4.85,-1.5));
#5600 = DIRECTION('',(0.957826285221,-9.570607158995E-17,0.287347885566)
  );
#5601 = DIRECTION('',(-0.287347885566,-5.31700397722E-16,0.957826285221)
  );
#5602 = ADVANCED_FACE('',(#5603),#5614,.F.);
#5603 = FACE_BOUND('',#5604,.F.);
#5604 = EDGE_LOOP('',(#5605,#5606,#5607,#5608));
#5605 = ORIENTED_EDGE('',*,*,#4243,.F.);
#5606 = ORIENTED_EDGE('',*,*,#5572,.T.);
#5607 = ORIENTED_EDGE('',*,*,#4417,.T.);
#5608 = ORIENTED_EDGE('',*,*,#5609,.F.);
#5609 = EDGE_CURVE('',#4244,#4418,#5610,.T.);
#5610 = LINE('',#5611,#5612);
#5611 = CARTESIAN_POINT('',(6.425000733956,-4.85,-1.583330886814));
#5612 = VECTOR('',#5613,1.);
#5613 = DIRECTION('',(0.,1.,3.330669073875E-16));
#5614 = PLANE('',#5615);
#5615 = AXIS2_PLACEMENT_3D('',#5616,#5617,#5618);
#5616 = CARTESIAN_POINT('',(6.15,-4.85,-2.5));
#5617 = DIRECTION('',(0.957826285221,9.570607158995E-17,-0.287347885566)
  );
#5618 = DIRECTION('',(0.287347885566,-5.31700397722E-16,0.957826285221)
  );
#5619 = ADVANCED_FACE('',(#5620),#5626,.F.);
#5620 = FACE_BOUND('',#5621,.F.);
#5621 = EDGE_LOOP('',(#5622,#5623,#5624,#5625));
#5622 = ORIENTED_EDGE('',*,*,#4251,.T.);
#5623 = ORIENTED_EDGE('',*,*,#5609,.T.);
#5624 = ORIENTED_EDGE('',*,*,#4425,.F.);
#5625 = ORIENTED_EDGE('',*,*,#5590,.F.);
#5626 = CYLINDRICAL_SURFACE('',#5627,0.29);
#5627 = AXIS2_PLACEMENT_3D('',#5628,#5629,#5630);
#5628 = CARTESIAN_POINT('',(6.147231111242,-4.85,-1.5));
#5629 = DIRECTION('',(0.,1.,3.330669073875E-16));
#5630 = DIRECTION('',(0.957826285221,-9.570607158983E-17,0.287347885566)
  );
#5631 = ADVANCED_FACE('',(#5632),#5648,.F.);
#5632 = FACE_BOUND('',#5633,.F.);
#5633 = EDGE_LOOP('',(#5634,#5635,#5641,#5642));
#5634 = ORIENTED_EDGE('',*,*,#4641,.F.);
#5635 = ORIENTED_EDGE('',*,*,#5636,.T.);
#5636 = EDGE_CURVE('',#4642,#4492,#5637,.T.);
#5637 = LINE('',#5638,#5639);
#5638 = CARTESIAN_POINT('',(6.462230377286,-0.35,-0.540767924286));
#5639 = VECTOR('',#5640,1.);
#5640 = DIRECTION('',(0.,1.,3.330669073875E-16));
#5641 = ORIENTED_EDGE('',*,*,#4491,.T.);
#5642 = ORIENTED_EDGE('',*,*,#5643,.F.);
#5643 = EDGE_CURVE('',#4644,#4494,#5644,.T.);
#5644 = LINE('',#5645,#5646);
#5645 = CARTESIAN_POINT('',(6.725000733956,-0.35,-1.416669113186));
#5646 = VECTOR('',#5647,1.);
#5647 = DIRECTION('',(0.,1.,3.330669073875E-16));
#5648 = PLANE('',#5649);
#5649 = AXIS2_PLACEMENT_3D('',#5650,#5651,#5652);
#5650 = CARTESIAN_POINT('',(6.45,-0.35,-0.5));
#5651 = DIRECTION('',(-0.957826285221,9.570607158995E-17,-0.287347885566
    ));
#5652 = DIRECTION('',(0.287347885566,5.31700397722E-16,-0.957826285221)
  );
#5653 = ADVANCED_FACE('',(#5654),#5665,.F.);
#5654 = FACE_BOUND('',#5655,.F.);
#5655 = EDGE_LOOP('',(#5656,#5657,#5663,#5664));
#5656 = ORIENTED_EDGE('',*,*,#4776,.T.);
#5657 = ORIENTED_EDGE('',*,*,#5658,.T.);
#5658 = EDGE_CURVE('',#4769,#4619,#5659,.T.);
#5659 = LINE('',#5660,#5661);
#5660 = CARTESIAN_POINT('',(6.45,-0.35,-0.457437037472));
#5661 = VECTOR('',#5662,1.);
#5662 = DIRECTION('',(0.,1.,3.330669073875E-16));
#5663 = ORIENTED_EDGE('',*,*,#4626,.F.);
#5664 = ORIENTED_EDGE('',*,*,#5636,.F.);
#5665 = CYLINDRICAL_SURFACE('',#5666,0.29);
#5666 = AXIS2_PLACEMENT_3D('',#5667,#5668,#5669);
#5667 = CARTESIAN_POINT('',(6.74,-0.35,-0.457437037472));
#5668 = DIRECTION('',(0.,1.,3.330669073875E-16));
#5669 = DIRECTION('',(-0.957826285221,9.570607158983E-17,-0.287347885566
    ));
#5670 = ADVANCED_FACE('',(#5671),#5682,.T.);
#5671 = FACE_BOUND('',#5672,.T.);
#5672 = EDGE_LOOP('',(#5673,#5674,#5680,#5681));
#5673 = ORIENTED_EDGE('',*,*,#4651,.T.);
#5674 = ORIENTED_EDGE('',*,*,#5675,.T.);
#5675 = EDGE_CURVE('',#4652,#4502,#5676,.T.);
#5676 = LINE('',#5677,#5678);
#5677 = CARTESIAN_POINT('',(6.725000733956,-0.35,-1.583330886814));
#5678 = VECTOR('',#5679,1.);
#5679 = DIRECTION('',(0.,1.,3.330669073875E-16));
#5680 = ORIENTED_EDGE('',*,*,#4501,.F.);
#5681 = ORIENTED_EDGE('',*,*,#5643,.F.);
#5682 = CYLINDRICAL_SURFACE('',#5683,0.29);
#5683 = AXIS2_PLACEMENT_3D('',#5684,#5685,#5686);
#5684 = CARTESIAN_POINT('',(6.447231111242,-0.35,-1.5));
#5685 = DIRECTION('',(0.,1.,3.330669073875E-16));
#5686 = DIRECTION('',(0.957826285221,-9.570607158983E-17,0.287347885566)
  );
#5687 = ADVANCED_FACE('',(#5688),#5699,.T.);
#5688 = FACE_BOUND('',#5689,.T.);
#5689 = EDGE_LOOP('',(#5690,#5691,#5692,#5693));
#5690 = ORIENTED_EDGE('',*,*,#4768,.F.);
#5691 = ORIENTED_EDGE('',*,*,#5658,.T.);
#5692 = ORIENTED_EDGE('',*,*,#4618,.T.);
#5693 = ORIENTED_EDGE('',*,*,#5694,.F.);
#5694 = EDGE_CURVE('',#4760,#4610,#5695,.T.);
#5695 = LINE('',#5696,#5697);
#5696 = CARTESIAN_POINT('',(6.45,-0.35,1.21));
#5697 = VECTOR('',#5698,1.);
#5698 = DIRECTION('',(0.,1.,3.330669073875E-16));
#5699 = PLANE('',#5700);
#5700 = AXIS2_PLACEMENT_3D('',#5701,#5702,#5703);
#5701 = CARTESIAN_POINT('',(6.45,-0.35,-0.5));
#5702 = DIRECTION('',(1.,0.,0.));
#5703 = DIRECTION('',(0.,-5.551115123126E-16,1.));
#5704 = ADVANCED_FACE('',(#5705),#5716,.F.);
#5705 = FACE_BOUND('',#5706,.F.);
#5706 = EDGE_LOOP('',(#5707,#5708,#5709,#5710));
#5707 = ORIENTED_EDGE('',*,*,#4660,.F.);
#5708 = ORIENTED_EDGE('',*,*,#5675,.T.);
#5709 = ORIENTED_EDGE('',*,*,#4510,.T.);
#5710 = ORIENTED_EDGE('',*,*,#5711,.F.);
#5711 = EDGE_CURVE('',#4661,#4511,#5712,.T.);
#5712 = LINE('',#5713,#5714);
#5713 = CARTESIAN_POINT('',(6.462230377286,-0.35,-2.459232075714));
#5714 = VECTOR('',#5715,1.);
#5715 = DIRECTION('',(0.,1.,3.330669073875E-16));
#5716 = PLANE('',#5717);
#5717 = AXIS2_PLACEMENT_3D('',#5718,#5719,#5720);
#5718 = CARTESIAN_POINT('',(6.75,-0.35,-1.5));
#5719 = DIRECTION('',(-0.957826285221,-9.570607158995E-17,0.287347885566
    ));
#5720 = DIRECTION('',(-0.287347885566,5.31700397722E-16,-0.957826285221)
  );
#5721 = ADVANCED_FACE('',(#5722),#5728,.T.);
#5722 = FACE_BOUND('',#5723,.T.);
#5723 = EDGE_LOOP('',(#5724,#5725,#5726,#5727));
#5724 = ORIENTED_EDGE('',*,*,#5694,.T.);
#5725 = ORIENTED_EDGE('',*,*,#4609,.T.);
#5726 = ORIENTED_EDGE('',*,*,#4792,.F.);
#5727 = ORIENTED_EDGE('',*,*,#4759,.F.);
#5728 = CYLINDRICAL_SURFACE('',#5729,0.29);
#5729 = AXIS2_PLACEMENT_3D('',#5730,#5731,#5732);
#5730 = CARTESIAN_POINT('',(6.16,-0.35,1.21));
#5731 = DIRECTION('',(0.,1.,3.330669073875E-16));
#5732 = DIRECTION('',(1.,0.,-0.));
#5733 = ADVANCED_FACE('',(#5734),#5745,.F.);
#5734 = FACE_BOUND('',#5735,.F.);
#5735 = EDGE_LOOP('',(#5736,#5737,#5738,#5739));
#5736 = ORIENTED_EDGE('',*,*,#4668,.T.);
#5737 = ORIENTED_EDGE('',*,*,#5711,.T.);
#5738 = ORIENTED_EDGE('',*,*,#4518,.F.);
#5739 = ORIENTED_EDGE('',*,*,#5740,.F.);
#5740 = EDGE_CURVE('',#4669,#4519,#5741,.T.);
#5741 = LINE('',#5742,#5743);
#5742 = CARTESIAN_POINT('',(6.45,-0.35,-2.542562962528));
#5743 = VECTOR('',#5744,1.);
#5744 = DIRECTION('',(0.,1.,3.330669073875E-16));
#5745 = CYLINDRICAL_SURFACE('',#5746,0.29);
#5746 = AXIS2_PLACEMENT_3D('',#5747,#5748,#5749);
#5747 = CARTESIAN_POINT('',(6.74,-0.35,-2.542562962528));
#5748 = DIRECTION('',(0.,1.,3.330669073875E-16));
#5749 = DIRECTION('',(-1.,0.,0.));
#5750 = ADVANCED_FACE('',(#5751),#5762,.T.);
#5751 = FACE_BOUND('',#5752,.T.);
#5752 = EDGE_LOOP('',(#5753,#5754,#5760,#5761));
#5753 = ORIENTED_EDGE('',*,*,#4677,.F.);
#5754 = ORIENTED_EDGE('',*,*,#5755,.T.);
#5755 = EDGE_CURVE('',#4678,#4528,#5756,.T.);
#5756 = LINE('',#5757,#5758);
#5757 = CARTESIAN_POINT('',(6.45,-0.35,-3.5));
#5758 = VECTOR('',#5759,1.);
#5759 = DIRECTION('',(0.,1.,3.330669073875E-16));
#5760 = ORIENTED_EDGE('',*,*,#4527,.T.);
#5761 = ORIENTED_EDGE('',*,*,#5740,.F.);
#5762 = PLANE('',#5763);
#5763 = AXIS2_PLACEMENT_3D('',#5764,#5765,#5766);
#5764 = CARTESIAN_POINT('',(6.45,-0.35,-3.5));
#5765 = DIRECTION('',(1.,0.,0.));
#5766 = DIRECTION('',(0.,-5.551115123126E-16,1.));
#5767 = ADVANCED_FACE('',(#5768),#5779,.T.);
#5768 = FACE_BOUND('',#5769,.T.);
#5769 = EDGE_LOOP('',(#5770,#5776,#5777,#5778));
#5770 = ORIENTED_EDGE('',*,*,#5771,.T.);
#5771 = EDGE_CURVE('',#4686,#4536,#5772,.T.);
#5772 = LINE('',#5773,#5774);
#5773 = CARTESIAN_POINT('',(6.15,-0.35,-3.5));
#5774 = VECTOR('',#5775,1.);
#5775 = DIRECTION('',(0.,1.,3.330669073875E-16));
#5776 = ORIENTED_EDGE('',*,*,#4535,.T.);
#5777 = ORIENTED_EDGE('',*,*,#5755,.F.);
#5778 = ORIENTED_EDGE('',*,*,#4685,.F.);
#5779 = PLANE('',#5780);
#5780 = AXIS2_PLACEMENT_3D('',#5781,#5782,#5783);
#5781 = CARTESIAN_POINT('',(6.15,-0.35,-3.5));
#5782 = DIRECTION('',(0.,3.330669073875E-16,-1.));
#5783 = DIRECTION('',(1.,0.,0.));
#5784 = ADVANCED_FACE('',(#5785),#5796,.T.);
#5785 = FACE_BOUND('',#5786,.T.);
#5786 = EDGE_LOOP('',(#5787,#5788,#5794,#5795));
#5787 = ORIENTED_EDGE('',*,*,#4693,.F.);
#5788 = ORIENTED_EDGE('',*,*,#5789,.T.);
#5789 = EDGE_CURVE('',#4694,#4544,#5790,.T.);
#5790 = LINE('',#5791,#5792);
#5791 = CARTESIAN_POINT('',(6.15,-0.35,-2.542562962528));
#5792 = VECTOR('',#5793,1.);
#5793 = DIRECTION('',(0.,1.,3.330669073875E-16));
#5794 = ORIENTED_EDGE('',*,*,#4543,.T.);
#5795 = ORIENTED_EDGE('',*,*,#5771,.F.);
#5796 = PLANE('',#5797);
#5797 = AXIS2_PLACEMENT_3D('',#5798,#5799,#5800);
#5798 = CARTESIAN_POINT('',(6.15,-0.35,-2.5));
#5799 = DIRECTION('',(-1.,0.,-0.));
#5800 = DIRECTION('',(0.,5.551115123126E-16,-1.));
#5801 = ADVANCED_FACE('',(#5802),#5813,.T.);
#5802 = FACE_BOUND('',#5803,.T.);
#5803 = EDGE_LOOP('',(#5804,#5805,#5806,#5812));
#5804 = ORIENTED_EDGE('',*,*,#4871,.T.);
#5805 = ORIENTED_EDGE('',*,*,#4585,.T.);
#5806 = ORIENTED_EDGE('',*,*,#5807,.F.);
#5807 = EDGE_CURVE('',#4728,#4578,#5808,.T.);
#5808 = LINE('',#5809,#5810);
#5809 = CARTESIAN_POINT('',(6.162230377286,-0.35,-0.540767924286));
#5810 = VECTOR('',#5811,1.);
#5811 = DIRECTION('',(0.,1.,3.330669073875E-16));
#5812 = ORIENTED_EDGE('',*,*,#4735,.F.);
#5813 = CYLINDRICAL_SURFACE('',#5814,0.29);
#5814 = AXIS2_PLACEMENT_3D('',#5815,#5816,#5817);
#5815 = CARTESIAN_POINT('',(6.44,-0.35,-0.457437037472));
#5816 = DIRECTION('',(0.,1.,3.330669073875E-16));
#5817 = DIRECTION('',(-1.,0.,0.));
#5818 = ADVANCED_FACE('',(#5819),#5830,.T.);
#5819 = FACE_BOUND('',#5820,.T.);
#5820 = EDGE_LOOP('',(#5821,#5827,#5828,#5829));
#5821 = ORIENTED_EDGE('',*,*,#5822,.T.);
#5822 = EDGE_CURVE('',#4702,#4552,#5823,.T.);
#5823 = LINE('',#5824,#5825);
#5824 = CARTESIAN_POINT('',(6.162230377286,-0.35,-2.459232075714));
#5825 = VECTOR('',#5826,1.);
#5826 = DIRECTION('',(0.,1.,3.330669073875E-16));
#5827 = ORIENTED_EDGE('',*,*,#4551,.T.);
#5828 = ORIENTED_EDGE('',*,*,#5789,.F.);
#5829 = ORIENTED_EDGE('',*,*,#4701,.F.);
#5830 = CYLINDRICAL_SURFACE('',#5831,0.29);
#5831 = AXIS2_PLACEMENT_3D('',#5832,#5833,#5834);
#5832 = CARTESIAN_POINT('',(6.44,-0.35,-2.542562962528));
#5833 = DIRECTION('',(0.,1.,3.330669073875E-16));
#5834 = DIRECTION('',(-0.957826285221,-9.570607158983E-17,0.287347885566
    ));
#5835 = ADVANCED_FACE('',(#5836),#5847,.F.);
#5836 = FACE_BOUND('',#5837,.F.);
#5837 = EDGE_LOOP('',(#5838,#5839,#5845,#5846));
#5838 = ORIENTED_EDGE('',*,*,#4727,.F.);
#5839 = ORIENTED_EDGE('',*,*,#5840,.T.);
#5840 = EDGE_CURVE('',#4719,#4569,#5841,.T.);
#5841 = LINE('',#5842,#5843);
#5842 = CARTESIAN_POINT('',(6.425000733956,-0.35,-1.416669113186));
#5843 = VECTOR('',#5844,1.);
#5844 = DIRECTION('',(0.,1.,3.330669073875E-16));
#5845 = ORIENTED_EDGE('',*,*,#4577,.T.);
#5846 = ORIENTED_EDGE('',*,*,#5807,.F.);
#5847 = PLANE('',#5848);
#5848 = AXIS2_PLACEMENT_3D('',#5849,#5850,#5851);
#5849 = CARTESIAN_POINT('',(6.45,-0.35,-1.5));
#5850 = DIRECTION('',(0.957826285221,-9.570607158995E-17,0.287347885566)
  );
#5851 = DIRECTION('',(-0.287347885566,-5.31700397722E-16,0.957826285221)
  );
#5852 = ADVANCED_FACE('',(#5853),#5864,.F.);
#5853 = FACE_BOUND('',#5854,.F.);
#5854 = EDGE_LOOP('',(#5855,#5856,#5857,#5858));
#5855 = ORIENTED_EDGE('',*,*,#4710,.F.);
#5856 = ORIENTED_EDGE('',*,*,#5822,.T.);
#5857 = ORIENTED_EDGE('',*,*,#4560,.T.);
#5858 = ORIENTED_EDGE('',*,*,#5859,.F.);
#5859 = EDGE_CURVE('',#4711,#4561,#5860,.T.);
#5860 = LINE('',#5861,#5862);
#5861 = CARTESIAN_POINT('',(6.425000733956,-0.35,-1.583330886814));
#5862 = VECTOR('',#5863,1.);
#5863 = DIRECTION('',(0.,1.,3.330669073875E-16));
#5864 = PLANE('',#5865);
#5865 = AXIS2_PLACEMENT_3D('',#5866,#5867,#5868);
#5866 = CARTESIAN_POINT('',(6.15,-0.35,-2.5));
#5867 = DIRECTION('',(0.957826285221,9.570607158995E-17,-0.287347885566)
  );
#5868 = DIRECTION('',(0.287347885566,-5.31700397722E-16,0.957826285221)
  );
#5869 = ADVANCED_FACE('',(#5870),#5876,.F.);
#5870 = FACE_BOUND('',#5871,.F.);
#5871 = EDGE_LOOP('',(#5872,#5873,#5874,#5875));
#5872 = ORIENTED_EDGE('',*,*,#4718,.T.);
#5873 = ORIENTED_EDGE('',*,*,#5859,.T.);
#5874 = ORIENTED_EDGE('',*,*,#4568,.F.);
#5875 = ORIENTED_EDGE('',*,*,#5840,.F.);
#5876 = CYLINDRICAL_SURFACE('',#5877,0.29);
#5877 = AXIS2_PLACEMENT_3D('',#5878,#5879,#5880);
#5878 = CARTESIAN_POINT('',(6.147231111242,-0.35,-1.5));
#5879 = DIRECTION('',(0.,1.,3.330669073875E-16));
#5880 = DIRECTION('',(0.957826285221,-9.570607158983E-17,0.287347885566)
  );
#5881 = ( GEOMETRIC_REPRESENTATION_CONTEXT(3) 
GLOBAL_UNCERTAINTY_ASSIGNED_CONTEXT((#5885)) 
GLOBAL_UNIT_ASSIGNED_CONTEXT((#5882,#5883,#5884)) REPRESENTATION_CONTEXT
('Context #1','3D Context with UNIT and UNCERTAINTY') );
#5882 = ( LENGTH_UNIT() NAMED_UNIT(*) SI_UNIT(.MILLI.,.METRE.) );
#5883 = ( NAMED_UNIT(*) PLANE_ANGLE_UNIT() SI_UNIT($,.RADIAN.) );
#5884 = ( NAMED_UNIT(*) SI_UNIT($,.STERADIAN.) SOLID_ANGLE_UNIT() );
#5885 = UNCERTAINTY_MEASURE_WITH_UNIT(LENGTH_MEASURE(1.E-07),#5882,
  'distance_accuracy_value','confusion accuracy');
#5886 = CONTEXT_DEPENDENT_SHAPE_REPRESENTATION(#5887,#5889);
#5887 = ( REPRESENTATION_RELATIONSHIP('','',#2651,#10) 
REPRESENTATION_RELATIONSHIP_WITH_TRANSFORMATION(#5888) 
SHAPE_REPRESENTATION_RELATIONSHIP() );
#5888 = ITEM_DEFINED_TRANSFORMATION('','',#11,#43);
#5889 = PRODUCT_DEFINITION_SHAPE('Placement','Placement of an item',
  #5890);
#5890 = NEXT_ASSEMBLY_USAGE_OCCURRENCE('8','SW1','',#5,#2646,$);
#5891 = PRODUCT_RELATED_PRODUCT_CATEGORY('part',$,(#2648));
#5892 = CONTEXT_DEPENDENT_SHAPE_REPRESENTATION(#5893,#5895);
#5893 = ( REPRESENTATION_RELATIONSHIP('','',#1822,#10) 
REPRESENTATION_RELATIONSHIP_WITH_TRANSFORMATION(#5894) 
SHAPE_REPRESENTATION_RELATIONSHIP() );
#5894 = ITEM_DEFINED_TRANSFORMATION('','',#11,#47);
#5895 = PRODUCT_DEFINITION_SHAPE('Placement','Placement of an item',
  #5896);
#5896 = NEXT_ASSEMBLY_USAGE_OCCURRENCE('9','R2','',#5,#1817,$);
#5897 = CONTEXT_DEPENDENT_SHAPE_REPRESENTATION(#5898,#5900);
#5898 = ( REPRESENTATION_RELATIONSHIP('','',#1822,#10) 
REPRESENTATION_RELATIONSHIP_WITH_TRANSFORMATION(#5899) 
SHAPE_REPRESENTATION_RELATIONSHIP() );
#5899 = ITEM_DEFINED_TRANSFORMATION('','',#11,#51);
#5900 = PRODUCT_DEFINITION_SHAPE('Placement','Placement of an item',
  #5901);
#5901 = NEXT_ASSEMBLY_USAGE_OCCURRENCE('10','R1','',#5,#1817,$);
#5902 = SHAPE_DEFINITION_REPRESENTATION(#5903,#5909);
#5903 = PRODUCT_DEFINITION_SHAPE('','',#5904);
#5904 = PRODUCT_DEFINITION('design','',#5905,#5908);
#5905 = PRODUCT_DEFINITION_FORMATION('','',#5906);
#5906 = PRODUCT('PinHeader_1x02_P2.54mm_Vertical',
  'PinHeader_1x02_P2.54mm_Vertical','',(#5907));
#5907 = PRODUCT_CONTEXT('',#2,'mechanical');
#5908 = PRODUCT_DEFINITION_CONTEXT('part definition',#2,'design');
#5909 = ADVANCED_BREP_SHAPE_REPRESENTATION('',(#11,#5910),#7342);
#5910 = MANIFOLD_SOLID_BREP('',#5911);
#5911 = CLOSED_SHELL('',(#5912,#5952,#5983,#6014,#6179,#6344,#6361,#6378
    ,#6395,#6412,#6429,#6446,#6463,#6480,#6497,#6514,#6526,#6557,#6581,
    #6605,#6622,#6653,#6677,#6701,#6718,#6749,#6773,#6797,#6814,#6845,
    #6869,#6893,#6910,#6941,#6965,#6989,#7006,#7037,#7061,#7085,#7102,
    #7133,#7157,#7181,#7198,#7229,#7253,#7277,#7294,#7306,#7318,#7330));
#5912 = ADVANCED_FACE('',(#5913),#5947,.F.);
#5913 = FACE_BOUND('',#5914,.F.);
#5914 = EDGE_LOOP('',(#5915,#5925,#5933,#5941));
#5915 = ORIENTED_EDGE('',*,*,#5916,.T.);
#5916 = EDGE_CURVE('',#5917,#5919,#5921,.T.);
#5917 = VERTEX_POINT('',#5918);
#5918 = CARTESIAN_POINT('',(-1.016,1.27,0.));
#5919 = VERTEX_POINT('',#5920);
#5920 = CARTESIAN_POINT('',(-1.016,1.27,2.54));
#5921 = LINE('',#5922,#5923);
#5922 = CARTESIAN_POINT('',(-1.016,1.27,0.));
#5923 = VECTOR('',#5924,1.);
#5924 = DIRECTION('',(0.,0.,1.));
#5925 = ORIENTED_EDGE('',*,*,#5926,.T.);
#5926 = EDGE_CURVE('',#5919,#5927,#5929,.T.);
#5927 = VERTEX_POINT('',#5928);
#5928 = CARTESIAN_POINT('',(-1.27,1.016,2.54));
#5929 = LINE('',#5930,#5931);
#5930 = CARTESIAN_POINT('',(-1.016,1.27,2.54));
#5931 = VECTOR('',#5932,1.);
#5932 = DIRECTION('',(-0.707106781187,-0.707106781187,0.));
#5933 = ORIENTED_EDGE('',*,*,#5934,.F.);
#5934 = EDGE_CURVE('',#5935,#5927,#5937,.T.);
#5935 = VERTEX_POINT('',#5936);
#5936 = CARTESIAN_POINT('',(-1.27,1.016,0.));
#5937 = LINE('',#5938,#5939);
#5938 = CARTESIAN_POINT('',(-1.27,1.016,0.));
#5939 = VECTOR('',#5940,1.);
#5940 = DIRECTION('',(0.,0.,1.));
#5941 = ORIENTED_EDGE('',*,*,#5942,.F.);
#5942 = EDGE_CURVE('',#5917,#5935,#5943,.T.);
#5943 = LINE('',#5944,#5945);
#5944 = CARTESIAN_POINT('',(-1.016,1.27,0.));
#5945 = VECTOR('',#5946,1.);
#5946 = DIRECTION('',(-0.707106781187,-0.707106781187,0.));
#5947 = PLANE('',#5948);
#5948 = AXIS2_PLACEMENT_3D('',#5949,#5950,#5951);
#5949 = CARTESIAN_POINT('',(-1.016,1.27,0.));
#5950 = DIRECTION('',(0.707106781187,-0.707106781187,0.));
#5951 = DIRECTION('',(-0.707106781187,-0.707106781187,0.));
#5952 = ADVANCED_FACE('',(#5953),#5978,.F.);
#5953 = FACE_BOUND('',#5954,.F.);
#5954 = EDGE_LOOP('',(#5955,#5965,#5971,#5972));
#5955 = ORIENTED_EDGE('',*,*,#5956,.T.);
#5956 = EDGE_CURVE('',#5957,#5959,#5961,.T.);
#5957 = VERTEX_POINT('',#5958);
#5958 = CARTESIAN_POINT('',(1.016,1.27,0.));
#5959 = VERTEX_POINT('',#5960);
#5960 = CARTESIAN_POINT('',(1.016,1.27,2.54));
#5961 = LINE('',#5962,#5963);
#5962 = CARTESIAN_POINT('',(1.016,1.27,0.));
#5963 = VECTOR('',#5964,1.);
#5964 = DIRECTION('',(0.,0.,1.));
#5965 = ORIENTED_EDGE('',*,*,#5966,.T.);
#5966 = EDGE_CURVE('',#5959,#5919,#5967,.T.);
#5967 = LINE('',#5968,#5969);
#5968 = CARTESIAN_POINT('',(1.016,1.27,2.54));
#5969 = VECTOR('',#5970,1.);
#5970 = DIRECTION('',(-1.,0.,0.));
#5971 = ORIENTED_EDGE('',*,*,#5916,.F.);
#5972 = ORIENTED_EDGE('',*,*,#5973,.F.);
#5973 = EDGE_CURVE('',#5957,#5917,#5974,.T.);
#5974 = LINE('',#5975,#5976);
#5975 = CARTESIAN_POINT('',(1.016,1.27,0.));
#5976 = VECTOR('',#5977,1.);
#5977 = DIRECTION('',(-1.,0.,0.));
#5978 = PLANE('',#5979);
#5979 = AXIS2_PLACEMENT_3D('',#5980,#5981,#5982);
#5980 = CARTESIAN_POINT('',(1.016,1.27,0.));
#5981 = DIRECTION('',(0.,-1.,0.));
#5982 = DIRECTION('',(-1.,0.,0.));
#5983 = ADVANCED_FACE('',(#5984),#6009,.F.);
#5984 = FACE_BOUND('',#5985,.F.);
#5985 = EDGE_LOOP('',(#5986,#5987,#5995,#6003));
#5986 = ORIENTED_EDGE('',*,*,#5934,.T.);
#5987 = ORIENTED_EDGE('',*,*,#5988,.T.);
#5988 = EDGE_CURVE('',#5927,#5989,#5991,.T.);
#5989 = VERTEX_POINT('',#5990);
#5990 = CARTESIAN_POINT('',(-1.27,-1.016,2.54));
#5991 = LINE('',#5992,#5993);
#5992 = CARTESIAN_POINT('',(-1.27,1.016,2.54));
#5993 = VECTOR('',#5994,1.);
#5994 = DIRECTION('',(0.,-1.,0.));
#5995 = ORIENTED_EDGE('',*,*,#5996,.F.);
#5996 = EDGE_CURVE('',#5997,#5989,#5999,.T.);
#5997 = VERTEX_POINT('',#5998);
#5998 = CARTESIAN_POINT('',(-1.27,-1.016,0.));
#5999 = LINE('',#6000,#6001);
#6000 = CARTESIAN_POINT('',(-1.27,-1.016,0.));
#6001 = VECTOR('',#6002,1.);
#6002 = DIRECTION('',(0.,0.,1.));
#6003 = ORIENTED_EDGE('',*,*,#6004,.F.);
#6004 = EDGE_CURVE('',#5935,#5997,#6005,.T.);
#6005 = LINE('',#6006,#6007);
#6006 = CARTESIAN_POINT('',(-1.27,1.016,0.));
#6007 = VECTOR('',#6008,1.);
#6008 = DIRECTION('',(0.,-1.,0.));
#6009 = PLANE('',#6010);
#6010 = AXIS2_PLACEMENT_3D('',#6011,#6012,#6013);
#6011 = CARTESIAN_POINT('',(-1.27,1.016,0.));
#6012 = DIRECTION('',(1.,0.,0.));
#6013 = DIRECTION('',(0.,-1.,0.));
#6014 = ADVANCED_FACE('',(#6015,#6106,#6140),#6174,.F.);
#6015 = FACE_BOUND('',#6016,.F.);
#6016 = EDGE_LOOP('',(#6017,#6018,#6019,#6027,#6035,#6043,#6051,#6059,
    #6067,#6075,#6083,#6091,#6099,#6105));
#6017 = ORIENTED_EDGE('',*,*,#5942,.T.);
#6018 = ORIENTED_EDGE('',*,*,#6004,.T.);
#6019 = ORIENTED_EDGE('',*,*,#6020,.T.);
#6020 = EDGE_CURVE('',#5997,#6021,#6023,.T.);
#6021 = VERTEX_POINT('',#6022);
#6022 = CARTESIAN_POINT('',(-1.016,-1.27,0.));
#6023 = LINE('',#6024,#6025);
#6024 = CARTESIAN_POINT('',(-1.27,-1.016,0.));
#6025 = VECTOR('',#6026,1.);
#6026 = DIRECTION('',(0.707106781187,-0.707106781187,0.));
#6027 = ORIENTED_EDGE('',*,*,#6028,.T.);
#6028 = EDGE_CURVE('',#6021,#6029,#6031,.T.);
#6029 = VERTEX_POINT('',#6030);
#6030 = CARTESIAN_POINT('',(-1.27,-1.524,0.));
#6031 = LINE('',#6032,#6033);
#6032 = CARTESIAN_POINT('',(-1.016,-1.27,0.));
#6033 = VECTOR('',#6034,1.);
#6034 = DIRECTION('',(-0.707106781187,-0.707106781187,0.));
#6035 = ORIENTED_EDGE('',*,*,#6036,.T.);
#6036 = EDGE_CURVE('',#6029,#6037,#6039,.T.);
#6037 = VERTEX_POINT('',#6038);
#6038 = CARTESIAN_POINT('',(-1.27,-3.556,0.));
#6039 = LINE('',#6040,#6041);
#6040 = CARTESIAN_POINT('',(-1.27,-1.524,0.));
#6041 = VECTOR('',#6042,1.);
#6042 = DIRECTION('',(0.,-1.,0.));
#6043 = ORIENTED_EDGE('',*,*,#6044,.T.);
#6044 = EDGE_CURVE('',#6037,#6045,#6047,.T.);
#6045 = VERTEX_POINT('',#6046);
#6046 = CARTESIAN_POINT('',(-1.016,-3.81,0.));
#6047 = LINE('',#6048,#6049);
#6048 = CARTESIAN_POINT('',(-1.27,-3.556,0.));
#6049 = VECTOR('',#6050,1.);
#6050 = DIRECTION('',(0.707106781187,-0.707106781187,0.));
#6051 = ORIENTED_EDGE('',*,*,#6052,.T.);
#6052 = EDGE_CURVE('',#6045,#6053,#6055,.T.);
#6053 = VERTEX_POINT('',#6054);
#6054 = CARTESIAN_POINT('',(1.016,-3.81,0.));
#6055 = LINE('',#6056,#6057);
#6056 = CARTESIAN_POINT('',(-1.016,-3.81,0.));
#6057 = VECTOR('',#6058,1.);
#6058 = DIRECTION('',(1.,0.,0.));
#6059 = ORIENTED_EDGE('',*,*,#6060,.T.);
#6060 = EDGE_CURVE('',#6053,#6061,#6063,.T.);
#6061 = VERTEX_POINT('',#6062);
#6062 = CARTESIAN_POINT('',(1.27,-3.556,0.));
#6063 = LINE('',#6064,#6065);
#6064 = CARTESIAN_POINT('',(1.016,-3.81,0.));
#6065 = VECTOR('',#6066,1.);
#6066 = DIRECTION('',(0.707106781187,0.707106781187,0.));
#6067 = ORIENTED_EDGE('',*,*,#6068,.T.);
#6068 = EDGE_CURVE('',#6061,#6069,#6071,.T.);
#6069 = VERTEX_POINT('',#6070);
#6070 = CARTESIAN_POINT('',(1.27,-1.524,0.));
#6071 = LINE('',#6072,#6073);
#6072 = CARTESIAN_POINT('',(1.27,-3.556,0.));
#6073 = VECTOR('',#6074,1.);
#6074 = DIRECTION('',(0.,1.,0.));
#6075 = ORIENTED_EDGE('',*,*,#6076,.T.);
#6076 = EDGE_CURVE('',#6069,#6077,#6079,.T.);
#6077 = VERTEX_POINT('',#6078);
#6078 = CARTESIAN_POINT('',(1.016,-1.27,0.));
#6079 = LINE('',#6080,#6081);
#6080 = CARTESIAN_POINT('',(1.27,-1.524,0.));
#6081 = VECTOR('',#6082,1.);
#6082 = DIRECTION('',(-0.707106781187,0.707106781187,0.));
#6083 = ORIENTED_EDGE('',*,*,#6084,.T.);
#6084 = EDGE_CURVE('',#6077,#6085,#6087,.T.);
#6085 = VERTEX_POINT('',#6086);
#6086 = CARTESIAN_POINT('',(1.27,-1.016,0.));
#6087 = LINE('',#6088,#6089);
#6088 = CARTESIAN_POINT('',(1.016,-1.27,0.));
#6089 = VECTOR('',#6090,1.);
#6090 = DIRECTION('',(0.707106781187,0.707106781187,0.));
#6091 = ORIENTED_EDGE('',*,*,#6092,.T.);
#6092 = EDGE_CURVE('',#6085,#6093,#6095,.T.);
#6093 = VERTEX_POINT('',#6094);
#6094 = CARTESIAN_POINT('',(1.27,1.016,0.));
#6095 = LINE('',#6096,#6097);
#6096 = CARTESIAN_POINT('',(1.27,-1.016,0.));
#6097 = VECTOR('',#6098,1.);
#6098 = DIRECTION('',(0.,1.,0.));
#6099 = ORIENTED_EDGE('',*,*,#6100,.T.);
#6100 = EDGE_CURVE('',#6093,#5957,#6101,.T.);
#6101 = LINE('',#6102,#6103);
#6102 = CARTESIAN_POINT('',(1.27,1.016,0.));
#6103 = VECTOR('',#6104,1.);
#6104 = DIRECTION('',(-0.707106781187,0.707106781187,0.));
#6105 = ORIENTED_EDGE('',*,*,#5973,.T.);
#6106 = FACE_BOUND('',#6107,.F.);
#6107 = EDGE_LOOP('',(#6108,#6118,#6126,#6134));
#6108 = ORIENTED_EDGE('',*,*,#6109,.T.);
#6109 = EDGE_CURVE('',#6110,#6112,#6114,.T.);
#6110 = VERTEX_POINT('',#6111);
#6111 = CARTESIAN_POINT('',(0.32,-0.32,0.));
#6112 = VERTEX_POINT('',#6113);
#6113 = CARTESIAN_POINT('',(-0.32,-0.32,0.));
#6114 = LINE('',#6115,#6116);
#6115 = CARTESIAN_POINT('',(-0.16,-0.32,0.));
#6116 = VECTOR('',#6117,1.);
#6117 = DIRECTION('',(-1.,0.,0.));
#6118 = ORIENTED_EDGE('',*,*,#6119,.T.);
#6119 = EDGE_CURVE('',#6112,#6120,#6122,.T.);
#6120 = VERTEX_POINT('',#6121);
#6121 = CARTESIAN_POINT('',(-0.32,0.32,0.));
#6122 = LINE('',#6123,#6124);
#6123 = CARTESIAN_POINT('',(-0.32,-0.795,0.));
#6124 = VECTOR('',#6125,1.);
#6125 = DIRECTION('',(0.,1.,0.));
#6126 = ORIENTED_EDGE('',*,*,#6127,.F.);
#6127 = EDGE_CURVE('',#6128,#6120,#6130,.T.);
#6128 = VERTEX_POINT('',#6129);
#6129 = CARTESIAN_POINT('',(0.32,0.32,0.));
#6130 = LINE('',#6131,#6132);
#6131 = CARTESIAN_POINT('',(-0.16,0.32,0.));
#6132 = VECTOR('',#6133,1.);
#6133 = DIRECTION('',(-1.,0.,0.));
#6134 = ORIENTED_EDGE('',*,*,#6135,.F.);
#6135 = EDGE_CURVE('',#6110,#6128,#6136,.T.);
#6136 = LINE('',#6137,#6138);
#6137 = CARTESIAN_POINT('',(0.32,-0.795,0.));
#6138 = VECTOR('',#6139,1.);
#6139 = DIRECTION('',(0.,1.,0.));
#6140 = FACE_BOUND('',#6141,.F.);
#6141 = EDGE_LOOP('',(#6142,#6152,#6160,#6168));
#6142 = ORIENTED_EDGE('',*,*,#6143,.T.);
#6143 = EDGE_CURVE('',#6144,#6146,#6148,.T.);
#6144 = VERTEX_POINT('',#6145);
#6145 = CARTESIAN_POINT('',(0.32,-2.86,0.));
#6146 = VERTEX_POINT('',#6147);
#6147 = CARTESIAN_POINT('',(-0.32,-2.86,0.));
#6148 = LINE('',#6149,#6150);
#6149 = CARTESIAN_POINT('',(-0.16,-2.86,0.));
#6150 = VECTOR('',#6151,1.);
#6151 = DIRECTION('',(-1.,0.,0.));
#6152 = ORIENTED_EDGE('',*,*,#6153,.T.);
#6153 = EDGE_CURVE('',#6146,#6154,#6156,.T.);
#6154 = VERTEX_POINT('',#6155);
#6155 = CARTESIAN_POINT('',(-0.32,-2.22,0.));
#6156 = LINE('',#6157,#6158);
#6157 = CARTESIAN_POINT('',(-0.32,-2.065,0.));
#6158 = VECTOR('',#6159,1.);
#6159 = DIRECTION('',(0.,1.,0.));
#6160 = ORIENTED_EDGE('',*,*,#6161,.F.);
#6161 = EDGE_CURVE('',#6162,#6154,#6164,.T.);
#6162 = VERTEX_POINT('',#6163);
#6163 = CARTESIAN_POINT('',(0.32,-2.22,0.));
#6164 = LINE('',#6165,#6166);
#6165 = CARTESIAN_POINT('',(-0.16,-2.22,0.));
#6166 = VECTOR('',#6167,1.);
#6167 = DIRECTION('',(-1.,0.,0.));
#6168 = ORIENTED_EDGE('',*,*,#6169,.F.);
#6169 = EDGE_CURVE('',#6144,#6162,#6170,.T.);
#6170 = LINE('',#6171,#6172);
#6171 = CARTESIAN_POINT('',(0.32,-2.065,0.));
#6172 = VECTOR('',#6173,1.);
#6173 = DIRECTION('',(0.,1.,0.));
#6174 = PLANE('',#6175);
#6175 = AXIS2_PLACEMENT_3D('',#6176,#6177,#6178);
#6176 = CARTESIAN_POINT('',(1.473843703412E-17,-1.27,0.));
#6177 = DIRECTION('',(0.,0.,1.));
#6178 = DIRECTION('',(1.,0.,-0.));
#6179 = ADVANCED_FACE('',(#6180,#6271,#6305),#6339,.T.);
#6180 = FACE_BOUND('',#6181,.T.);
#6181 = EDGE_LOOP('',(#6182,#6183,#6184,#6192,#6200,#6208,#6216,#6224,
    #6232,#6240,#6248,#6256,#6264,#6270));
#6182 = ORIENTED_EDGE('',*,*,#5926,.T.);
#6183 = ORIENTED_EDGE('',*,*,#5988,.T.);
#6184 = ORIENTED_EDGE('',*,*,#6185,.T.);
#6185 = EDGE_CURVE('',#5989,#6186,#6188,.T.);
#6186 = VERTEX_POINT('',#6187);
#6187 = CARTESIAN_POINT('',(-1.016,-1.27,2.54));
#6188 = LINE('',#6189,#6190);
#6189 = CARTESIAN_POINT('',(-1.27,-1.016,2.54));
#6190 = VECTOR('',#6191,1.);
#6191 = DIRECTION('',(0.707106781187,-0.707106781187,0.));
#6192 = ORIENTED_EDGE('',*,*,#6193,.T.);
#6193 = EDGE_CURVE('',#6186,#6194,#6196,.T.);
#6194 = VERTEX_POINT('',#6195);
#6195 = CARTESIAN_POINT('',(-1.27,-1.524,2.54));
#6196 = LINE('',#6197,#6198);
#6197 = CARTESIAN_POINT('',(-1.016,-1.27,2.54));
#6198 = VECTOR('',#6199,1.);
#6199 = DIRECTION('',(-0.707106781187,-0.707106781187,0.));
#6200 = ORIENTED_EDGE('',*,*,#6201,.T.);
#6201 = EDGE_CURVE('',#6194,#6202,#6204,.T.);
#6202 = VERTEX_POINT('',#6203);
#6203 = CARTESIAN_POINT('',(-1.27,-3.556,2.54));
#6204 = LINE('',#6205,#6206);
#6205 = CARTESIAN_POINT('',(-1.27,-1.524,2.54));
#6206 = VECTOR('',#6207,1.);
#6207 = DIRECTION('',(0.,-1.,0.));
#6208 = ORIENTED_EDGE('',*,*,#6209,.T.);
#6209 = EDGE_CURVE('',#6202,#6210,#6212,.T.);
#6210 = VERTEX_POINT('',#6211);
#6211 = CARTESIAN_POINT('',(-1.016,-3.81,2.54));
#6212 = LINE('',#6213,#6214);
#6213 = CARTESIAN_POINT('',(-1.27,-3.556,2.54));
#6214 = VECTOR('',#6215,1.);
#6215 = DIRECTION('',(0.707106781187,-0.707106781187,0.));
#6216 = ORIENTED_EDGE('',*,*,#6217,.T.);
#6217 = EDGE_CURVE('',#6210,#6218,#6220,.T.);
#6218 = VERTEX_POINT('',#6219);
#6219 = CARTESIAN_POINT('',(1.016,-3.81,2.54));
#6220 = LINE('',#6221,#6222);
#6221 = CARTESIAN_POINT('',(-1.016,-3.81,2.54));
#6222 = VECTOR('',#6223,1.);
#6223 = DIRECTION('',(1.,0.,0.));
#6224 = ORIENTED_EDGE('',*,*,#6225,.T.);
#6225 = EDGE_CURVE('',#6218,#6226,#6228,.T.);
#6226 = VERTEX_POINT('',#6227);
#6227 = CARTESIAN_POINT('',(1.27,-3.556,2.54));
#6228 = LINE('',#6229,#6230);
#6229 = CARTESIAN_POINT('',(1.016,-3.81,2.54));
#6230 = VECTOR('',#6231,1.);
#6231 = DIRECTION('',(0.707106781187,0.707106781187,0.));
#6232 = ORIENTED_EDGE('',*,*,#6233,.T.);
#6233 = EDGE_CURVE('',#6226,#6234,#6236,.T.);
#6234 = VERTEX_POINT('',#6235);
#6235 = CARTESIAN_POINT('',(1.27,-1.524,2.54));
#6236 = LINE('',#6237,#6238);
#6237 = CARTESIAN_POINT('',(1.27,-3.556,2.54));
#6238 = VECTOR('',#6239,1.);
#6239 = DIRECTION('',(0.,1.,0.));
#6240 = ORIENTED_EDGE('',*,*,#6241,.T.);
#6241 = EDGE_CURVE('',#6234,#6242,#6244,.T.);
#6242 = VERTEX_POINT('',#6243);
#6243 = CARTESIAN_POINT('',(1.016,-1.27,2.54));
#6244 = LINE('',#6245,#6246);
#6245 = CARTESIAN_POINT('',(1.27,-1.524,2.54));
#6246 = VECTOR('',#6247,1.);
#6247 = DIRECTION('',(-0.707106781187,0.707106781187,0.));
#6248 = ORIENTED_EDGE('',*,*,#6249,.T.);
#6249 = EDGE_CURVE('',#6242,#6250,#6252,.T.);
#6250 = VERTEX_POINT('',#6251);
#6251 = CARTESIAN_POINT('',(1.27,-1.016,2.54));
#6252 = LINE('',#6253,#6254);
#6253 = CARTESIAN_POINT('',(1.016,-1.27,2.54));
#6254 = VECTOR('',#6255,1.);
#6255 = DIRECTION('',(0.707106781187,0.707106781187,0.));
#6256 = ORIENTED_EDGE('',*,*,#6257,.T.);
#6257 = EDGE_CURVE('',#6250,#6258,#6260,.T.);
#6258 = VERTEX_POINT('',#6259);
#6259 = CARTESIAN_POINT('',(1.27,1.016,2.54));
#6260 = LINE('',#6261,#6262);
#6261 = CARTESIAN_POINT('',(1.27,-1.016,2.54));
#6262 = VECTOR('',#6263,1.);
#6263 = DIRECTION('',(0.,1.,0.));
#6264 = ORIENTED_EDGE('',*,*,#6265,.T.);
#6265 = EDGE_CURVE('',#6258,#5959,#6266,.T.);
#6266 = LINE('',#6267,#6268);
#6267 = CARTESIAN_POINT('',(1.27,1.016,2.54));
#6268 = VECTOR('',#6269,1.);
#6269 = DIRECTION('',(-0.707106781187,0.707106781187,0.));
#6270 = ORIENTED_EDGE('',*,*,#5966,.T.);
#6271 = FACE_BOUND('',#6272,.T.);
#6272 = EDGE_LOOP('',(#6273,#6283,#6291,#6299));
#6273 = ORIENTED_EDGE('',*,*,#6274,.T.);
#6274 = EDGE_CURVE('',#6275,#6277,#6279,.T.);
#6275 = VERTEX_POINT('',#6276);
#6276 = CARTESIAN_POINT('',(0.32,-0.32,2.54));
#6277 = VERTEX_POINT('',#6278);
#6278 = CARTESIAN_POINT('',(-0.32,-0.32,2.54));
#6279 = LINE('',#6280,#6281);
#6280 = CARTESIAN_POINT('',(-0.16,-0.32,2.54));
#6281 = VECTOR('',#6282,1.);
#6282 = DIRECTION('',(-1.,0.,0.));
#6283 = ORIENTED_EDGE('',*,*,#6284,.T.);
#6284 = EDGE_CURVE('',#6277,#6285,#6287,.T.);
#6285 = VERTEX_POINT('',#6286);
#6286 = CARTESIAN_POINT('',(-0.32,0.32,2.54));
#6287 = LINE('',#6288,#6289);
#6288 = CARTESIAN_POINT('',(-0.32,-0.795,2.54));
#6289 = VECTOR('',#6290,1.);
#6290 = DIRECTION('',(0.,1.,0.));
#6291 = ORIENTED_EDGE('',*,*,#6292,.F.);
#6292 = EDGE_CURVE('',#6293,#6285,#6295,.T.);
#6293 = VERTEX_POINT('',#6294);
#6294 = CARTESIAN_POINT('',(0.32,0.32,2.54));
#6295 = LINE('',#6296,#6297);
#6296 = CARTESIAN_POINT('',(-0.16,0.32,2.54));
#6297 = VECTOR('',#6298,1.);
#6298 = DIRECTION('',(-1.,0.,0.));
#6299 = ORIENTED_EDGE('',*,*,#6300,.F.);
#6300 = EDGE_CURVE('',#6275,#6293,#6301,.T.);
#6301 = LINE('',#6302,#6303);
#6302 = CARTESIAN_POINT('',(0.32,-0.795,2.54));
#6303 = VECTOR('',#6304,1.);
#6304 = DIRECTION('',(0.,1.,0.));
#6305 = FACE_BOUND('',#6306,.T.);
#6306 = EDGE_LOOP('',(#6307,#6317,#6325,#6333));
#6307 = ORIENTED_EDGE('',*,*,#6308,.T.);
#6308 = EDGE_CURVE('',#6309,#6311,#6313,.T.);
#6309 = VERTEX_POINT('',#6310);
#6310 = CARTESIAN_POINT('',(0.32,-2.86,2.54));
#6311 = VERTEX_POINT('',#6312);
#6312 = CARTESIAN_POINT('',(-0.32,-2.86,2.54));
#6313 = LINE('',#6314,#6315);
#6314 = CARTESIAN_POINT('',(-0.16,-2.86,2.54));
#6315 = VECTOR('',#6316,1.);
#6316 = DIRECTION('',(-1.,0.,0.));
#6317 = ORIENTED_EDGE('',*,*,#6318,.T.);
#6318 = EDGE_CURVE('',#6311,#6319,#6321,.T.);
#6319 = VERTEX_POINT('',#6320);
#6320 = CARTESIAN_POINT('',(-0.32,-2.22,2.54));
#6321 = LINE('',#6322,#6323);
#6322 = CARTESIAN_POINT('',(-0.32,-2.065,2.54));
#6323 = VECTOR('',#6324,1.);
#6324 = DIRECTION('',(0.,1.,0.));
#6325 = ORIENTED_EDGE('',*,*,#6326,.F.);
#6326 = EDGE_CURVE('',#6327,#6319,#6329,.T.);
#6327 = VERTEX_POINT('',#6328);
#6328 = CARTESIAN_POINT('',(0.32,-2.22,2.54));
#6329 = LINE('',#6330,#6331);
#6330 = CARTESIAN_POINT('',(-0.16,-2.22,2.54));
#6331 = VECTOR('',#6332,1.);
#6332 = DIRECTION('',(-1.,0.,0.));
#6333 = ORIENTED_EDGE('',*,*,#6334,.F.);
#6334 = EDGE_CURVE('',#6309,#6327,#6335,.T.);
#6335 = LINE('',#6336,#6337);
#6336 = CARTESIAN_POINT('',(0.32,-2.065,2.54));
#6337 = VECTOR('',#6338,1.);
#6338 = DIRECTION('',(0.,1.,0.));
#6339 = PLANE('',#6340);
#6340 = AXIS2_PLACEMENT_3D('',#6341,#6342,#6343);
#6341 = CARTESIAN_POINT('',(1.473843703412E-17,-1.27,2.54));
#6342 = DIRECTION('',(0.,0.,1.));
#6343 = DIRECTION('',(1.,0.,-0.));
#6344 = ADVANCED_FACE('',(#6345),#6356,.F.);
#6345 = FACE_BOUND('',#6346,.F.);
#6346 = EDGE_LOOP('',(#6347,#6353,#6354,#6355));
#6347 = ORIENTED_EDGE('',*,*,#6348,.T.);
#6348 = EDGE_CURVE('',#6093,#6258,#6349,.T.);
#6349 = LINE('',#6350,#6351);
#6350 = CARTESIAN_POINT('',(1.27,1.016,0.));
#6351 = VECTOR('',#6352,1.);
#6352 = DIRECTION('',(0.,0.,1.));
#6353 = ORIENTED_EDGE('',*,*,#6265,.T.);
#6354 = ORIENTED_EDGE('',*,*,#5956,.F.);
#6355 = ORIENTED_EDGE('',*,*,#6100,.F.);
#6356 = PLANE('',#6357);
#6357 = AXIS2_PLACEMENT_3D('',#6358,#6359,#6360);
#6358 = CARTESIAN_POINT('',(1.27,1.016,0.));
#6359 = DIRECTION('',(-0.707106781187,-0.707106781187,0.));
#6360 = DIRECTION('',(-0.707106781187,0.707106781187,0.));
#6361 = ADVANCED_FACE('',(#6362),#6373,.F.);
#6362 = FACE_BOUND('',#6363,.F.);
#6363 = EDGE_LOOP('',(#6364,#6365,#6366,#6372));
#6364 = ORIENTED_EDGE('',*,*,#5996,.T.);
#6365 = ORIENTED_EDGE('',*,*,#6185,.T.);
#6366 = ORIENTED_EDGE('',*,*,#6367,.F.);
#6367 = EDGE_CURVE('',#6021,#6186,#6368,.T.);
#6368 = LINE('',#6369,#6370);
#6369 = CARTESIAN_POINT('',(-1.016,-1.27,0.));
#6370 = VECTOR('',#6371,1.);
#6371 = DIRECTION('',(0.,0.,1.));
#6372 = ORIENTED_EDGE('',*,*,#6020,.F.);
#6373 = PLANE('',#6374);
#6374 = AXIS2_PLACEMENT_3D('',#6375,#6376,#6377);
#6375 = CARTESIAN_POINT('',(-1.27,-1.016,0.));
#6376 = DIRECTION('',(0.707106781187,0.707106781187,0.));
#6377 = DIRECTION('',(0.707106781187,-0.707106781187,0.));
#6378 = ADVANCED_FACE('',(#6379),#6390,.F.);
#6379 = FACE_BOUND('',#6380,.F.);
#6380 = EDGE_LOOP('',(#6381,#6387,#6388,#6389));
#6381 = ORIENTED_EDGE('',*,*,#6382,.T.);
#6382 = EDGE_CURVE('',#6085,#6250,#6383,.T.);
#6383 = LINE('',#6384,#6385);
#6384 = CARTESIAN_POINT('',(1.27,-1.016,0.));
#6385 = VECTOR('',#6386,1.);
#6386 = DIRECTION('',(0.,0.,1.));
#6387 = ORIENTED_EDGE('',*,*,#6257,.T.);
#6388 = ORIENTED_EDGE('',*,*,#6348,.F.);
#6389 = ORIENTED_EDGE('',*,*,#6092,.F.);
#6390 = PLANE('',#6391);
#6391 = AXIS2_PLACEMENT_3D('',#6392,#6393,#6394);
#6392 = CARTESIAN_POINT('',(1.27,-1.016,0.));
#6393 = DIRECTION('',(-1.,0.,0.));
#6394 = DIRECTION('',(0.,1.,0.));
#6395 = ADVANCED_FACE('',(#6396),#6407,.F.);
#6396 = FACE_BOUND('',#6397,.F.);
#6397 = EDGE_LOOP('',(#6398,#6399,#6400,#6406));
#6398 = ORIENTED_EDGE('',*,*,#6367,.T.);
#6399 = ORIENTED_EDGE('',*,*,#6193,.T.);
#6400 = ORIENTED_EDGE('',*,*,#6401,.F.);
#6401 = EDGE_CURVE('',#6029,#6194,#6402,.T.);
#6402 = LINE('',#6403,#6404);
#6403 = CARTESIAN_POINT('',(-1.27,-1.524,0.));
#6404 = VECTOR('',#6405,1.);
#6405 = DIRECTION('',(0.,0.,1.));
#6406 = ORIENTED_EDGE('',*,*,#6028,.F.);
#6407 = PLANE('',#6408);
#6408 = AXIS2_PLACEMENT_3D('',#6409,#6410,#6411);
#6409 = CARTESIAN_POINT('',(-1.016,-1.27,0.));
#6410 = DIRECTION('',(0.707106781187,-0.707106781187,0.));
#6411 = DIRECTION('',(-0.707106781187,-0.707106781187,0.));
#6412 = ADVANCED_FACE('',(#6413),#6424,.F.);
#6413 = FACE_BOUND('',#6414,.F.);
#6414 = EDGE_LOOP('',(#6415,#6421,#6422,#6423));
#6415 = ORIENTED_EDGE('',*,*,#6416,.T.);
#6416 = EDGE_CURVE('',#6077,#6242,#6417,.T.);
#6417 = LINE('',#6418,#6419);
#6418 = CARTESIAN_POINT('',(1.016,-1.27,0.));
#6419 = VECTOR('',#6420,1.);
#6420 = DIRECTION('',(0.,0.,1.));
#6421 = ORIENTED_EDGE('',*,*,#6249,.T.);
#6422 = ORIENTED_EDGE('',*,*,#6382,.F.);
#6423 = ORIENTED_EDGE('',*,*,#6084,.F.);
#6424 = PLANE('',#6425);
#6425 = AXIS2_PLACEMENT_3D('',#6426,#6427,#6428);
#6426 = CARTESIAN_POINT('',(1.016,-1.27,0.));
#6427 = DIRECTION('',(-0.707106781187,0.707106781187,0.));
#6428 = DIRECTION('',(0.707106781187,0.707106781187,0.));
#6429 = ADVANCED_FACE('',(#6430),#6441,.F.);
#6430 = FACE_BOUND('',#6431,.F.);
#6431 = EDGE_LOOP('',(#6432,#6433,#6434,#6440));
#6432 = ORIENTED_EDGE('',*,*,#6401,.T.);
#6433 = ORIENTED_EDGE('',*,*,#6201,.T.);
#6434 = ORIENTED_EDGE('',*,*,#6435,.F.);
#6435 = EDGE_CURVE('',#6037,#6202,#6436,.T.);
#6436 = LINE('',#6437,#6438);
#6437 = CARTESIAN_POINT('',(-1.27,-3.556,0.));
#6438 = VECTOR('',#6439,1.);
#6439 = DIRECTION('',(0.,0.,1.));
#6440 = ORIENTED_EDGE('',*,*,#6036,.F.);
#6441 = PLANE('',#6442);
#6442 = AXIS2_PLACEMENT_3D('',#6443,#6444,#6445);
#6443 = CARTESIAN_POINT('',(-1.27,-1.524,0.));
#6444 = DIRECTION('',(1.,0.,0.));
#6445 = DIRECTION('',(0.,-1.,0.));
#6446 = ADVANCED_FACE('',(#6447),#6458,.F.);
#6447 = FACE_BOUND('',#6448,.F.);
#6448 = EDGE_LOOP('',(#6449,#6455,#6456,#6457));
#6449 = ORIENTED_EDGE('',*,*,#6450,.T.);
#6450 = EDGE_CURVE('',#6069,#6234,#6451,.T.);
#6451 = LINE('',#6452,#6453);
#6452 = CARTESIAN_POINT('',(1.27,-1.524,0.));
#6453 = VECTOR('',#6454,1.);
#6454 = DIRECTION('',(0.,0.,1.));
#6455 = ORIENTED_EDGE('',*,*,#6241,.T.);
#6456 = ORIENTED_EDGE('',*,*,#6416,.F.);
#6457 = ORIENTED_EDGE('',*,*,#6076,.F.);
#6458 = PLANE('',#6459);
#6459 = AXIS2_PLACEMENT_3D('',#6460,#6461,#6462);
#6460 = CARTESIAN_POINT('',(1.27,-1.524,0.));
#6461 = DIRECTION('',(-0.707106781187,-0.707106781187,0.));
#6462 = DIRECTION('',(-0.707106781187,0.707106781187,0.));
#6463 = ADVANCED_FACE('',(#6464),#6475,.F.);
#6464 = FACE_BOUND('',#6465,.F.);
#6465 = EDGE_LOOP('',(#6466,#6467,#6468,#6474));
#6466 = ORIENTED_EDGE('',*,*,#6435,.T.);
#6467 = ORIENTED_EDGE('',*,*,#6209,.T.);
#6468 = ORIENTED_EDGE('',*,*,#6469,.F.);
#6469 = EDGE_CURVE('',#6045,#6210,#6470,.T.);
#6470 = LINE('',#6471,#6472);
#6471 = CARTESIAN_POINT('',(-1.016,-3.81,0.));
#6472 = VECTOR('',#6473,1.);
#6473 = DIRECTION('',(0.,0.,1.));
#6474 = ORIENTED_EDGE('',*,*,#6044,.F.);
#6475 = PLANE('',#6476);
#6476 = AXIS2_PLACEMENT_3D('',#6477,#6478,#6479);
#6477 = CARTESIAN_POINT('',(-1.27,-3.556,0.));
#6478 = DIRECTION('',(0.707106781187,0.707106781187,0.));
#6479 = DIRECTION('',(0.707106781187,-0.707106781187,0.));
#6480 = ADVANCED_FACE('',(#6481),#6492,.F.);
#6481 = FACE_BOUND('',#6482,.F.);
#6482 = EDGE_LOOP('',(#6483,#6489,#6490,#6491));
#6483 = ORIENTED_EDGE('',*,*,#6484,.T.);
#6484 = EDGE_CURVE('',#6061,#6226,#6485,.T.);
#6485 = LINE('',#6486,#6487);
#6486 = CARTESIAN_POINT('',(1.27,-3.556,0.));
#6487 = VECTOR('',#6488,1.);
#6488 = DIRECTION('',(0.,0.,1.));
#6489 = ORIENTED_EDGE('',*,*,#6233,.T.);
#6490 = ORIENTED_EDGE('',*,*,#6450,.F.);
#6491 = ORIENTED_EDGE('',*,*,#6068,.F.);
#6492 = PLANE('',#6493);
#6493 = AXIS2_PLACEMENT_3D('',#6494,#6495,#6496);
#6494 = CARTESIAN_POINT('',(1.27,-3.556,0.));
#6495 = DIRECTION('',(-1.,0.,0.));
#6496 = DIRECTION('',(0.,1.,0.));
#6497 = ADVANCED_FACE('',(#6498),#6509,.F.);
#6498 = FACE_BOUND('',#6499,.F.);
#6499 = EDGE_LOOP('',(#6500,#6501,#6502,#6508));
#6500 = ORIENTED_EDGE('',*,*,#6469,.T.);
#6501 = ORIENTED_EDGE('',*,*,#6217,.T.);
#6502 = ORIENTED_EDGE('',*,*,#6503,.F.);
#6503 = EDGE_CURVE('',#6053,#6218,#6504,.T.);
#6504 = LINE('',#6505,#6506);
#6505 = CARTESIAN_POINT('',(1.016,-3.81,0.));
#6506 = VECTOR('',#6507,1.);
#6507 = DIRECTION('',(0.,0.,1.));
#6508 = ORIENTED_EDGE('',*,*,#6052,.F.);
#6509 = PLANE('',#6510);
#6510 = AXIS2_PLACEMENT_3D('',#6511,#6512,#6513);
#6511 = CARTESIAN_POINT('',(-1.016,-3.81,0.));
#6512 = DIRECTION('',(0.,1.,0.));
#6513 = DIRECTION('',(1.,0.,0.));
#6514 = ADVANCED_FACE('',(#6515),#6521,.F.);
#6515 = FACE_BOUND('',#6516,.F.);
#6516 = EDGE_LOOP('',(#6517,#6518,#6519,#6520));
#6517 = ORIENTED_EDGE('',*,*,#6503,.T.);
#6518 = ORIENTED_EDGE('',*,*,#6225,.T.);
#6519 = ORIENTED_EDGE('',*,*,#6484,.F.);
#6520 = ORIENTED_EDGE('',*,*,#6060,.F.);
#6521 = PLANE('',#6522);
#6522 = AXIS2_PLACEMENT_3D('',#6523,#6524,#6525);
#6523 = CARTESIAN_POINT('',(1.016,-3.81,0.));
#6524 = DIRECTION('',(-0.707106781187,0.707106781187,0.));
#6525 = DIRECTION('',(0.707106781187,0.707106781187,0.));
#6526 = ADVANCED_FACE('',(#6527),#6552,.F.);
#6527 = FACE_BOUND('',#6528,.F.);
#6528 = EDGE_LOOP('',(#6529,#6537,#6545,#6551));
#6529 = ORIENTED_EDGE('',*,*,#6530,.F.);
#6530 = EDGE_CURVE('',#6531,#6110,#6533,.T.);
#6531 = VERTEX_POINT('',#6532);
#6532 = CARTESIAN_POINT('',(0.32,-0.32,-2.84));
#6533 = LINE('',#6534,#6535);
#6534 = CARTESIAN_POINT('',(0.32,-0.32,-3.));
#6535 = VECTOR('',#6536,1.);
#6536 = DIRECTION('',(0.,0.,1.));
#6537 = ORIENTED_EDGE('',*,*,#6538,.F.);
#6538 = EDGE_CURVE('',#6539,#6531,#6541,.T.);
#6539 = VERTEX_POINT('',#6540);
#6540 = CARTESIAN_POINT('',(-0.32,-0.32,-2.84));
#6541 = LINE('',#6542,#6543);
#6542 = CARTESIAN_POINT('',(-0.32,-0.32,-2.84));
#6543 = VECTOR('',#6544,1.);
#6544 = DIRECTION('',(1.,0.,0.));
#6545 = ORIENTED_EDGE('',*,*,#6546,.T.);
#6546 = EDGE_CURVE('',#6539,#6112,#6547,.T.);
#6547 = LINE('',#6548,#6549);
#6548 = CARTESIAN_POINT('',(-0.32,-0.32,-3.));
#6549 = VECTOR('',#6550,1.);
#6550 = DIRECTION('',(0.,0.,1.));
#6551 = ORIENTED_EDGE('',*,*,#6109,.F.);
#6552 = PLANE('',#6553);
#6553 = AXIS2_PLACEMENT_3D('',#6554,#6555,#6556);
#6554 = CARTESIAN_POINT('',(-0.32,-0.32,-3.));
#6555 = DIRECTION('',(0.,1.,0.));
#6556 = DIRECTION('',(0.,-0.,1.));
#6557 = ADVANCED_FACE('',(#6558),#6576,.T.);
#6558 = FACE_BOUND('',#6559,.T.);
#6559 = EDGE_LOOP('',(#6560,#6561,#6569,#6575));
#6560 = ORIENTED_EDGE('',*,*,#6530,.F.);
#6561 = ORIENTED_EDGE('',*,*,#6562,.T.);
#6562 = EDGE_CURVE('',#6531,#6563,#6565,.T.);
#6563 = VERTEX_POINT('',#6564);
#6564 = CARTESIAN_POINT('',(0.32,0.32,-2.84));
#6565 = LINE('',#6566,#6567);
#6566 = CARTESIAN_POINT('',(0.32,-0.32,-2.84));
#6567 = VECTOR('',#6568,1.);
#6568 = DIRECTION('',(0.,1.,0.));
#6569 = ORIENTED_EDGE('',*,*,#6570,.T.);
#6570 = EDGE_CURVE('',#6563,#6128,#6571,.T.);
#6571 = LINE('',#6572,#6573);
#6572 = CARTESIAN_POINT('',(0.32,0.32,-3.));
#6573 = VECTOR('',#6574,1.);
#6574 = DIRECTION('',(0.,0.,1.));
#6575 = ORIENTED_EDGE('',*,*,#6135,.F.);
#6576 = PLANE('',#6577);
#6577 = AXIS2_PLACEMENT_3D('',#6578,#6579,#6580);
#6578 = CARTESIAN_POINT('',(0.32,-0.32,-3.));
#6579 = DIRECTION('',(1.,0.,0.));
#6580 = DIRECTION('',(0.,0.,1.));
#6581 = ADVANCED_FACE('',(#6582),#6600,.T.);
#6582 = FACE_BOUND('',#6583,.T.);
#6583 = EDGE_LOOP('',(#6584,#6585,#6593,#6599));
#6584 = ORIENTED_EDGE('',*,*,#6570,.F.);
#6585 = ORIENTED_EDGE('',*,*,#6586,.F.);
#6586 = EDGE_CURVE('',#6587,#6563,#6589,.T.);
#6587 = VERTEX_POINT('',#6588);
#6588 = CARTESIAN_POINT('',(-0.32,0.32,-2.84));
#6589 = LINE('',#6590,#6591);
#6590 = CARTESIAN_POINT('',(-0.32,0.32,-2.84));
#6591 = VECTOR('',#6592,1.);
#6592 = DIRECTION('',(1.,0.,0.));
#6593 = ORIENTED_EDGE('',*,*,#6594,.T.);
#6594 = EDGE_CURVE('',#6587,#6120,#6595,.T.);
#6595 = LINE('',#6596,#6597);
#6596 = CARTESIAN_POINT('',(-0.32,0.32,-3.));
#6597 = VECTOR('',#6598,1.);
#6598 = DIRECTION('',(0.,0.,1.));
#6599 = ORIENTED_EDGE('',*,*,#6127,.F.);
#6600 = PLANE('',#6601);
#6601 = AXIS2_PLACEMENT_3D('',#6602,#6603,#6604);
#6602 = CARTESIAN_POINT('',(-0.32,0.32,-3.));
#6603 = DIRECTION('',(0.,1.,0.));
#6604 = DIRECTION('',(0.,-0.,1.));
#6605 = ADVANCED_FACE('',(#6606),#6617,.F.);
#6606 = FACE_BOUND('',#6607,.F.);
#6607 = EDGE_LOOP('',(#6608,#6609,#6615,#6616));
#6608 = ORIENTED_EDGE('',*,*,#6546,.F.);
#6609 = ORIENTED_EDGE('',*,*,#6610,.T.);
#6610 = EDGE_CURVE('',#6539,#6587,#6611,.T.);
#6611 = LINE('',#6612,#6613);
#6612 = CARTESIAN_POINT('',(-0.32,-0.32,-2.84));
#6613 = VECTOR('',#6614,1.);
#6614 = DIRECTION('',(0.,1.,0.));
#6615 = ORIENTED_EDGE('',*,*,#6594,.T.);
#6616 = ORIENTED_EDGE('',*,*,#6119,.F.);
#6617 = PLANE('',#6618);
#6618 = AXIS2_PLACEMENT_3D('',#6619,#6620,#6621);
#6619 = CARTESIAN_POINT('',(-0.32,-0.32,-3.));
#6620 = DIRECTION('',(1.,0.,0.));
#6621 = DIRECTION('',(0.,0.,1.));
#6622 = ADVANCED_FACE('',(#6623),#6648,.F.);
#6623 = FACE_BOUND('',#6624,.F.);
#6624 = EDGE_LOOP('',(#6625,#6633,#6641,#6647));
#6625 = ORIENTED_EDGE('',*,*,#6626,.F.);
#6626 = EDGE_CURVE('',#6627,#6144,#6629,.T.);
#6627 = VERTEX_POINT('',#6628);
#6628 = CARTESIAN_POINT('',(0.32,-2.86,-2.84));
#6629 = LINE('',#6630,#6631);
#6630 = CARTESIAN_POINT('',(0.32,-2.86,-3.));
#6631 = VECTOR('',#6632,1.);
#6632 = DIRECTION('',(0.,0.,1.));
#6633 = ORIENTED_EDGE('',*,*,#6634,.F.);
#6634 = EDGE_CURVE('',#6635,#6627,#6637,.T.);
#6635 = VERTEX_POINT('',#6636);
#6636 = CARTESIAN_POINT('',(-0.32,-2.86,-2.84));
#6637 = LINE('',#6638,#6639);
#6638 = CARTESIAN_POINT('',(-0.32,-2.86,-2.84));
#6639 = VECTOR('',#6640,1.);
#6640 = DIRECTION('',(1.,0.,0.));
#6641 = ORIENTED_EDGE('',*,*,#6642,.T.);
#6642 = EDGE_CURVE('',#6635,#6146,#6643,.T.);
#6643 = LINE('',#6644,#6645);
#6644 = CARTESIAN_POINT('',(-0.32,-2.86,-3.));
#6645 = VECTOR('',#6646,1.);
#6646 = DIRECTION('',(0.,0.,1.));
#6647 = ORIENTED_EDGE('',*,*,#6143,.F.);
#6648 = PLANE('',#6649);
#6649 = AXIS2_PLACEMENT_3D('',#6650,#6651,#6652);
#6650 = CARTESIAN_POINT('',(-0.32,-2.86,-3.));
#6651 = DIRECTION('',(0.,1.,0.));
#6652 = DIRECTION('',(0.,-0.,1.));
#6653 = ADVANCED_FACE('',(#6654),#6672,.T.);
#6654 = FACE_BOUND('',#6655,.T.);
#6655 = EDGE_LOOP('',(#6656,#6657,#6665,#6671));
#6656 = ORIENTED_EDGE('',*,*,#6626,.F.);
#6657 = ORIENTED_EDGE('',*,*,#6658,.T.);
#6658 = EDGE_CURVE('',#6627,#6659,#6661,.T.);
#6659 = VERTEX_POINT('',#6660);
#6660 = CARTESIAN_POINT('',(0.32,-2.22,-2.84));
#6661 = LINE('',#6662,#6663);
#6662 = CARTESIAN_POINT('',(0.32,-2.86,-2.84));
#6663 = VECTOR('',#6664,1.);
#6664 = DIRECTION('',(0.,1.,0.));
#6665 = ORIENTED_EDGE('',*,*,#6666,.T.);
#6666 = EDGE_CURVE('',#6659,#6162,#6667,.T.);
#6667 = LINE('',#6668,#6669);
#6668 = CARTESIAN_POINT('',(0.32,-2.22,-3.));
#6669 = VECTOR('',#6670,1.);
#6670 = DIRECTION('',(0.,0.,1.));
#6671 = ORIENTED_EDGE('',*,*,#6169,.F.);
#6672 = PLANE('',#6673);
#6673 = AXIS2_PLACEMENT_3D('',#6674,#6675,#6676);
#6674 = CARTESIAN_POINT('',(0.32,-2.86,-3.));
#6675 = DIRECTION('',(1.,0.,0.));
#6676 = DIRECTION('',(0.,0.,1.));
#6677 = ADVANCED_FACE('',(#6678),#6696,.T.);
#6678 = FACE_BOUND('',#6679,.T.);
#6679 = EDGE_LOOP('',(#6680,#6681,#6689,#6695));
#6680 = ORIENTED_EDGE('',*,*,#6666,.F.);
#6681 = ORIENTED_EDGE('',*,*,#6682,.F.);
#6682 = EDGE_CURVE('',#6683,#6659,#6685,.T.);
#6683 = VERTEX_POINT('',#6684);
#6684 = CARTESIAN_POINT('',(-0.32,-2.22,-2.84));
#6685 = LINE('',#6686,#6687);
#6686 = CARTESIAN_POINT('',(-0.32,-2.22,-2.84));
#6687 = VECTOR('',#6688,1.);
#6688 = DIRECTION('',(1.,0.,0.));
#6689 = ORIENTED_EDGE('',*,*,#6690,.T.);
#6690 = EDGE_CURVE('',#6683,#6154,#6691,.T.);
#6691 = LINE('',#6692,#6693);
#6692 = CARTESIAN_POINT('',(-0.32,-2.22,-3.));
#6693 = VECTOR('',#6694,1.);
#6694 = DIRECTION('',(0.,0.,1.));
#6695 = ORIENTED_EDGE('',*,*,#6161,.F.);
#6696 = PLANE('',#6697);
#6697 = AXIS2_PLACEMENT_3D('',#6698,#6699,#6700);
#6698 = CARTESIAN_POINT('',(-0.32,-2.22,-3.));
#6699 = DIRECTION('',(0.,1.,0.));
#6700 = DIRECTION('',(0.,-0.,1.));
#6701 = ADVANCED_FACE('',(#6702),#6713,.F.);
#6702 = FACE_BOUND('',#6703,.F.);
#6703 = EDGE_LOOP('',(#6704,#6705,#6711,#6712));
#6704 = ORIENTED_EDGE('',*,*,#6642,.F.);
#6705 = ORIENTED_EDGE('',*,*,#6706,.T.);
#6706 = EDGE_CURVE('',#6635,#6683,#6707,.T.);
#6707 = LINE('',#6708,#6709);
#6708 = CARTESIAN_POINT('',(-0.32,-2.86,-2.84));
#6709 = VECTOR('',#6710,1.);
#6710 = DIRECTION('',(0.,1.,0.));
#6711 = ORIENTED_EDGE('',*,*,#6690,.T.);
#6712 = ORIENTED_EDGE('',*,*,#6153,.F.);
#6713 = PLANE('',#6714);
#6714 = AXIS2_PLACEMENT_3D('',#6715,#6716,#6717);
#6715 = CARTESIAN_POINT('',(-0.32,-2.86,-3.));
#6716 = DIRECTION('',(1.,0.,0.));
#6717 = DIRECTION('',(0.,0.,1.));
#6718 = ADVANCED_FACE('',(#6719),#6744,.F.);
#6719 = FACE_BOUND('',#6720,.F.);
#6720 = EDGE_LOOP('',(#6721,#6729,#6730,#6738));
#6721 = ORIENTED_EDGE('',*,*,#6722,.F.);
#6722 = EDGE_CURVE('',#6275,#6723,#6725,.T.);
#6723 = VERTEX_POINT('',#6724);
#6724 = CARTESIAN_POINT('',(0.32,-0.32,8.38));
#6725 = LINE('',#6726,#6727);
#6726 = CARTESIAN_POINT('',(0.32,-0.32,-3.));
#6727 = VECTOR('',#6728,1.);
#6728 = DIRECTION('',(0.,0.,1.));
#6729 = ORIENTED_EDGE('',*,*,#6274,.T.);
#6730 = ORIENTED_EDGE('',*,*,#6731,.T.);
#6731 = EDGE_CURVE('',#6277,#6732,#6734,.T.);
#6732 = VERTEX_POINT('',#6733);
#6733 = CARTESIAN_POINT('',(-0.32,-0.32,8.38));
#6734 = LINE('',#6735,#6736);
#6735 = CARTESIAN_POINT('',(-0.32,-0.32,-3.));
#6736 = VECTOR('',#6737,1.);
#6737 = DIRECTION('',(0.,0.,1.));
#6738 = ORIENTED_EDGE('',*,*,#6739,.T.);
#6739 = EDGE_CURVE('',#6732,#6723,#6740,.T.);
#6740 = LINE('',#6741,#6742);
#6741 = CARTESIAN_POINT('',(-0.32,-0.32,8.38));
#6742 = VECTOR('',#6743,1.);
#6743 = DIRECTION('',(1.,0.,0.));
#6744 = PLANE('',#6745);
#6745 = AXIS2_PLACEMENT_3D('',#6746,#6747,#6748);
#6746 = CARTESIAN_POINT('',(-0.32,-0.32,-3.));
#6747 = DIRECTION('',(0.,1.,0.));
#6748 = DIRECTION('',(0.,-0.,1.));
#6749 = ADVANCED_FACE('',(#6750),#6768,.T.);
#6750 = FACE_BOUND('',#6751,.T.);
#6751 = EDGE_LOOP('',(#6752,#6753,#6754,#6762));
#6752 = ORIENTED_EDGE('',*,*,#6722,.F.);
#6753 = ORIENTED_EDGE('',*,*,#6300,.T.);
#6754 = ORIENTED_EDGE('',*,*,#6755,.T.);
#6755 = EDGE_CURVE('',#6293,#6756,#6758,.T.);
#6756 = VERTEX_POINT('',#6757);
#6757 = CARTESIAN_POINT('',(0.32,0.32,8.38));
#6758 = LINE('',#6759,#6760);
#6759 = CARTESIAN_POINT('',(0.32,0.32,-3.));
#6760 = VECTOR('',#6761,1.);
#6761 = DIRECTION('',(0.,0.,1.));
#6762 = ORIENTED_EDGE('',*,*,#6763,.F.);
#6763 = EDGE_CURVE('',#6723,#6756,#6764,.T.);
#6764 = LINE('',#6765,#6766);
#6765 = CARTESIAN_POINT('',(0.32,-0.32,8.38));
#6766 = VECTOR('',#6767,1.);
#6767 = DIRECTION('',(0.,1.,0.));
#6768 = PLANE('',#6769);
#6769 = AXIS2_PLACEMENT_3D('',#6770,#6771,#6772);
#6770 = CARTESIAN_POINT('',(0.32,-0.32,-3.));
#6771 = DIRECTION('',(1.,0.,0.));
#6772 = DIRECTION('',(0.,0.,1.));
#6773 = ADVANCED_FACE('',(#6774),#6792,.T.);
#6774 = FACE_BOUND('',#6775,.T.);
#6775 = EDGE_LOOP('',(#6776,#6777,#6778,#6786));
#6776 = ORIENTED_EDGE('',*,*,#6755,.F.);
#6777 = ORIENTED_EDGE('',*,*,#6292,.T.);
#6778 = ORIENTED_EDGE('',*,*,#6779,.T.);
#6779 = EDGE_CURVE('',#6285,#6780,#6782,.T.);
#6780 = VERTEX_POINT('',#6781);
#6781 = CARTESIAN_POINT('',(-0.32,0.32,8.38));
#6782 = LINE('',#6783,#6784);
#6783 = CARTESIAN_POINT('',(-0.32,0.32,-3.));
#6784 = VECTOR('',#6785,1.);
#6785 = DIRECTION('',(0.,0.,1.));
#6786 = ORIENTED_EDGE('',*,*,#6787,.T.);
#6787 = EDGE_CURVE('',#6780,#6756,#6788,.T.);
#6788 = LINE('',#6789,#6790);
#6789 = CARTESIAN_POINT('',(-0.32,0.32,8.38));
#6790 = VECTOR('',#6791,1.);
#6791 = DIRECTION('',(1.,0.,0.));
#6792 = PLANE('',#6793);
#6793 = AXIS2_PLACEMENT_3D('',#6794,#6795,#6796);
#6794 = CARTESIAN_POINT('',(-0.32,0.32,-3.));
#6795 = DIRECTION('',(0.,1.,0.));
#6796 = DIRECTION('',(0.,-0.,1.));
#6797 = ADVANCED_FACE('',(#6798),#6809,.F.);
#6798 = FACE_BOUND('',#6799,.F.);
#6799 = EDGE_LOOP('',(#6800,#6801,#6802,#6803));
#6800 = ORIENTED_EDGE('',*,*,#6731,.F.);
#6801 = ORIENTED_EDGE('',*,*,#6284,.T.);
#6802 = ORIENTED_EDGE('',*,*,#6779,.T.);
#6803 = ORIENTED_EDGE('',*,*,#6804,.F.);
#6804 = EDGE_CURVE('',#6732,#6780,#6805,.T.);
#6805 = LINE('',#6806,#6807);
#6806 = CARTESIAN_POINT('',(-0.32,-0.32,8.38));
#6807 = VECTOR('',#6808,1.);
#6808 = DIRECTION('',(0.,1.,0.));
#6809 = PLANE('',#6810);
#6810 = AXIS2_PLACEMENT_3D('',#6811,#6812,#6813);
#6811 = CARTESIAN_POINT('',(-0.32,-0.32,-3.));
#6812 = DIRECTION('',(1.,0.,0.));
#6813 = DIRECTION('',(0.,0.,1.));
#6814 = ADVANCED_FACE('',(#6815),#6840,.F.);
#6815 = FACE_BOUND('',#6816,.F.);
#6816 = EDGE_LOOP('',(#6817,#6825,#6826,#6834));
#6817 = ORIENTED_EDGE('',*,*,#6818,.F.);
#6818 = EDGE_CURVE('',#6309,#6819,#6821,.T.);
#6819 = VERTEX_POINT('',#6820);
#6820 = CARTESIAN_POINT('',(0.32,-2.86,8.38));
#6821 = LINE('',#6822,#6823);
#6822 = CARTESIAN_POINT('',(0.32,-2.86,-3.));
#6823 = VECTOR('',#6824,1.);
#6824 = DIRECTION('',(0.,0.,1.));
#6825 = ORIENTED_EDGE('',*,*,#6308,.T.);
#6826 = ORIENTED_EDGE('',*,*,#6827,.T.);
#6827 = EDGE_CURVE('',#6311,#6828,#6830,.T.);
#6828 = VERTEX_POINT('',#6829);
#6829 = CARTESIAN_POINT('',(-0.32,-2.86,8.38));
#6830 = LINE('',#6831,#6832);
#6831 = CARTESIAN_POINT('',(-0.32,-2.86,-3.));
#6832 = VECTOR('',#6833,1.);
#6833 = DIRECTION('',(0.,0.,1.));
#6834 = ORIENTED_EDGE('',*,*,#6835,.T.);
#6835 = EDGE_CURVE('',#6828,#6819,#6836,.T.);
#6836 = LINE('',#6837,#6838);
#6837 = CARTESIAN_POINT('',(-0.32,-2.86,8.38));
#6838 = VECTOR('',#6839,1.);
#6839 = DIRECTION('',(1.,0.,0.));
#6840 = PLANE('',#6841);
#6841 = AXIS2_PLACEMENT_3D('',#6842,#6843,#6844);
#6842 = CARTESIAN_POINT('',(-0.32,-2.86,-3.));
#6843 = DIRECTION('',(0.,1.,0.));
#6844 = DIRECTION('',(0.,-0.,1.));
#6845 = ADVANCED_FACE('',(#6846),#6864,.T.);
#6846 = FACE_BOUND('',#6847,.T.);
#6847 = EDGE_LOOP('',(#6848,#6849,#6850,#6858));
#6848 = ORIENTED_EDGE('',*,*,#6818,.F.);
#6849 = ORIENTED_EDGE('',*,*,#6334,.T.);
#6850 = ORIENTED_EDGE('',*,*,#6851,.T.);
#6851 = EDGE_CURVE('',#6327,#6852,#6854,.T.);
#6852 = VERTEX_POINT('',#6853);
#6853 = CARTESIAN_POINT('',(0.32,-2.22,8.38));
#6854 = LINE('',#6855,#6856);
#6855 = CARTESIAN_POINT('',(0.32,-2.22,-3.));
#6856 = VECTOR('',#6857,1.);
#6857 = DIRECTION('',(0.,0.,1.));
#6858 = ORIENTED_EDGE('',*,*,#6859,.F.);
#6859 = EDGE_CURVE('',#6819,#6852,#6860,.T.);
#6860 = LINE('',#6861,#6862);
#6861 = CARTESIAN_POINT('',(0.32,-2.86,8.38));
#6862 = VECTOR('',#6863,1.);
#6863 = DIRECTION('',(0.,1.,0.));
#6864 = PLANE('',#6865);
#6865 = AXIS2_PLACEMENT_3D('',#6866,#6867,#6868);
#6866 = CARTESIAN_POINT('',(0.32,-2.86,-3.));
#6867 = DIRECTION('',(1.,0.,0.));
#6868 = DIRECTION('',(0.,0.,1.));
#6869 = ADVANCED_FACE('',(#6870),#6888,.T.);
#6870 = FACE_BOUND('',#6871,.T.);
#6871 = EDGE_LOOP('',(#6872,#6873,#6874,#6882));
#6872 = ORIENTED_EDGE('',*,*,#6851,.F.);
#6873 = ORIENTED_EDGE('',*,*,#6326,.T.);
#6874 = ORIENTED_EDGE('',*,*,#6875,.T.);
#6875 = EDGE_CURVE('',#6319,#6876,#6878,.T.);
#6876 = VERTEX_POINT('',#6877);
#6877 = CARTESIAN_POINT('',(-0.32,-2.22,8.38));
#6878 = LINE('',#6879,#6880);
#6879 = CARTESIAN_POINT('',(-0.32,-2.22,-3.));
#6880 = VECTOR('',#6881,1.);
#6881 = DIRECTION('',(0.,0.,1.));
#6882 = ORIENTED_EDGE('',*,*,#6883,.T.);
#6883 = EDGE_CURVE('',#6876,#6852,#6884,.T.);
#6884 = LINE('',#6885,#6886);
#6885 = CARTESIAN_POINT('',(-0.32,-2.22,8.38));
#6886 = VECTOR('',#6887,1.);
#6887 = DIRECTION('',(1.,0.,0.));
#6888 = PLANE('',#6889);
#6889 = AXIS2_PLACEMENT_3D('',#6890,#6891,#6892);
#6890 = CARTESIAN_POINT('',(-0.32,-2.22,-3.));
#6891 = DIRECTION('',(0.,1.,0.));
#6892 = DIRECTION('',(0.,-0.,1.));
#6893 = ADVANCED_FACE('',(#6894),#6905,.F.);
#6894 = FACE_BOUND('',#6895,.F.);
#6895 = EDGE_LOOP('',(#6896,#6897,#6898,#6899));
#6896 = ORIENTED_EDGE('',*,*,#6827,.F.);
#6897 = ORIENTED_EDGE('',*,*,#6318,.T.);
#6898 = ORIENTED_EDGE('',*,*,#6875,.T.);
#6899 = ORIENTED_EDGE('',*,*,#6900,.F.);
#6900 = EDGE_CURVE('',#6828,#6876,#6901,.T.);
#6901 = LINE('',#6902,#6903);
#6902 = CARTESIAN_POINT('',(-0.32,-2.86,8.38));
#6903 = VECTOR('',#6904,1.);
#6904 = DIRECTION('',(0.,1.,0.));
#6905 = PLANE('',#6906);
#6906 = AXIS2_PLACEMENT_3D('',#6907,#6908,#6909);
#6907 = CARTESIAN_POINT('',(-0.32,-2.86,-3.));
#6908 = DIRECTION('',(1.,0.,0.));
#6909 = DIRECTION('',(0.,0.,1.));
#6910 = ADVANCED_FACE('',(#6911),#6936,.T.);
#6911 = FACE_BOUND('',#6912,.F.);
#6912 = EDGE_LOOP('',(#6913,#6921,#6922,#6930));
#6913 = ORIENTED_EDGE('',*,*,#6914,.F.);
#6914 = EDGE_CURVE('',#6539,#6915,#6917,.T.);
#6915 = VERTEX_POINT('',#6916);
#6916 = CARTESIAN_POINT('',(-0.16,-0.16,-3.));
#6917 = LINE('',#6918,#6919);
#6918 = CARTESIAN_POINT('',(-0.266666666667,-0.266666666667,
    -2.893333333333));
#6919 = VECTOR('',#6920,1.);
#6920 = DIRECTION('',(0.57735026919,0.57735026919,-0.57735026919));
#6921 = ORIENTED_EDGE('',*,*,#6538,.T.);
#6922 = ORIENTED_EDGE('',*,*,#6923,.T.);
#6923 = EDGE_CURVE('',#6531,#6924,#6926,.T.);
#6924 = VERTEX_POINT('',#6925);
#6925 = CARTESIAN_POINT('',(0.16,-0.16,-3.));
#6926 = LINE('',#6927,#6928);
#6927 = CARTESIAN_POINT('',(0.16,-0.16,-3.));
#6928 = VECTOR('',#6929,1.);
#6929 = DIRECTION('',(-0.57735026919,0.57735026919,-0.57735026919));
#6930 = ORIENTED_EDGE('',*,*,#6931,.F.);
#6931 = EDGE_CURVE('',#6915,#6924,#6932,.T.);
#6932 = LINE('',#6933,#6934);
#6933 = CARTESIAN_POINT('',(-0.32,-0.16,-3.));
#6934 = VECTOR('',#6935,1.);
#6935 = DIRECTION('',(1.,0.,0.));
#6936 = PLANE('',#6937);
#6937 = AXIS2_PLACEMENT_3D('',#6938,#6939,#6940);
#6938 = CARTESIAN_POINT('',(-0.32,-0.24,-2.92));
#6939 = DIRECTION('',(1.735167508357E-18,-0.707106781187,-0.707106781187
    ));
#6940 = DIRECTION('',(-1.,-1.226948711654E-18,-1.226948711654E-18));
#6941 = ADVANCED_FACE('',(#6942),#6960,.F.);
#6942 = FACE_BOUND('',#6943,.F.);
#6943 = EDGE_LOOP('',(#6944,#6945,#6946,#6954));
#6944 = ORIENTED_EDGE('',*,*,#6923,.F.);
#6945 = ORIENTED_EDGE('',*,*,#6562,.T.);
#6946 = ORIENTED_EDGE('',*,*,#6947,.T.);
#6947 = EDGE_CURVE('',#6563,#6948,#6950,.T.);
#6948 = VERTEX_POINT('',#6949);
#6949 = CARTESIAN_POINT('',(0.16,0.16,-3.));
#6950 = LINE('',#6951,#6952);
#6951 = CARTESIAN_POINT('',(5.333333333333E-02,5.333333333333E-02,
    -3.106666666667));
#6952 = VECTOR('',#6953,1.);
#6953 = DIRECTION('',(-0.57735026919,-0.57735026919,-0.57735026919));
#6954 = ORIENTED_EDGE('',*,*,#6955,.F.);
#6955 = EDGE_CURVE('',#6924,#6948,#6956,.T.);
#6956 = LINE('',#6957,#6958);
#6957 = CARTESIAN_POINT('',(0.16,-0.32,-3.));
#6958 = VECTOR('',#6959,1.);
#6959 = DIRECTION('',(0.,1.,0.));
#6960 = PLANE('',#6961);
#6961 = AXIS2_PLACEMENT_3D('',#6962,#6963,#6964);
#6962 = CARTESIAN_POINT('',(0.24,-0.32,-2.92));
#6963 = DIRECTION('',(-0.707106781187,1.735167508357E-18,0.707106781187)
  );
#6964 = DIRECTION('',(1.226948711654E-18,1.,-1.226948711654E-18));
#6965 = ADVANCED_FACE('',(#6966),#6984,.F.);
#6966 = FACE_BOUND('',#6967,.T.);
#6967 = EDGE_LOOP('',(#6968,#6976,#6977,#6978));
#6968 = ORIENTED_EDGE('',*,*,#6969,.F.);
#6969 = EDGE_CURVE('',#6587,#6970,#6972,.T.);
#6970 = VERTEX_POINT('',#6971);
#6971 = CARTESIAN_POINT('',(-0.16,0.16,-3.));
#6972 = LINE('',#6973,#6974);
#6973 = CARTESIAN_POINT('',(-0.16,0.16,-3.));
#6974 = VECTOR('',#6975,1.);
#6975 = DIRECTION('',(0.57735026919,-0.57735026919,-0.57735026919));
#6976 = ORIENTED_EDGE('',*,*,#6586,.T.);
#6977 = ORIENTED_EDGE('',*,*,#6947,.T.);
#6978 = ORIENTED_EDGE('',*,*,#6979,.F.);
#6979 = EDGE_CURVE('',#6970,#6948,#6980,.T.);
#6980 = LINE('',#6981,#6982);
#6981 = CARTESIAN_POINT('',(-0.32,0.16,-3.));
#6982 = VECTOR('',#6983,1.);
#6983 = DIRECTION('',(1.,0.,0.));
#6984 = PLANE('',#6985);
#6985 = AXIS2_PLACEMENT_3D('',#6986,#6987,#6988);
#6986 = CARTESIAN_POINT('',(-0.32,0.24,-2.92));
#6987 = DIRECTION('',(-1.735167508357E-18,-0.707106781187,0.707106781187
    ));
#6988 = DIRECTION('',(-1.,1.226948711654E-18,-1.226948711654E-18));
#6989 = ADVANCED_FACE('',(#6990),#7001,.T.);
#6990 = FACE_BOUND('',#6991,.T.);
#6991 = EDGE_LOOP('',(#6992,#6993,#6994,#6995));
#6992 = ORIENTED_EDGE('',*,*,#6914,.F.);
#6993 = ORIENTED_EDGE('',*,*,#6610,.T.);
#6994 = ORIENTED_EDGE('',*,*,#6969,.T.);
#6995 = ORIENTED_EDGE('',*,*,#6996,.F.);
#6996 = EDGE_CURVE('',#6915,#6970,#6997,.T.);
#6997 = LINE('',#6998,#6999);
#6998 = CARTESIAN_POINT('',(-0.16,-0.32,-3.));
#6999 = VECTOR('',#7000,1.);
#7000 = DIRECTION('',(0.,1.,0.));
#7001 = PLANE('',#7002);
#7002 = AXIS2_PLACEMENT_3D('',#7003,#7004,#7005);
#7003 = CARTESIAN_POINT('',(-0.24,-0.32,-2.92));
#7004 = DIRECTION('',(-0.707106781187,-1.735167508357E-18,
    -0.707106781187));
#7005 = DIRECTION('',(-1.226948711654E-18,1.,-1.226948711654E-18));
#7006 = ADVANCED_FACE('',(#7007),#7032,.T.);
#7007 = FACE_BOUND('',#7008,.F.);
#7008 = EDGE_LOOP('',(#7009,#7017,#7018,#7026));
#7009 = ORIENTED_EDGE('',*,*,#7010,.F.);
#7010 = EDGE_CURVE('',#6635,#7011,#7013,.T.);
#7011 = VERTEX_POINT('',#7012);
#7012 = CARTESIAN_POINT('',(-0.16,-2.7,-3.));
#7013 = LINE('',#7014,#7015);
#7014 = CARTESIAN_POINT('',(-0.266666666667,-2.806666666667,
    -2.893333333333));
#7015 = VECTOR('',#7016,1.);
#7016 = DIRECTION('',(0.57735026919,0.57735026919,-0.57735026919));
#7017 = ORIENTED_EDGE('',*,*,#6634,.T.);
#7018 = ORIENTED_EDGE('',*,*,#7019,.T.);
#7019 = EDGE_CURVE('',#6627,#7020,#7022,.T.);
#7020 = VERTEX_POINT('',#7021);
#7021 = CARTESIAN_POINT('',(0.16,-2.7,-3.));
#7022 = LINE('',#7023,#7024);
#7023 = CARTESIAN_POINT('',(0.16,-2.7,-3.));
#7024 = VECTOR('',#7025,1.);
#7025 = DIRECTION('',(-0.57735026919,0.57735026919,-0.57735026919));
#7026 = ORIENTED_EDGE('',*,*,#7027,.F.);
#7027 = EDGE_CURVE('',#7011,#7020,#7028,.T.);
#7028 = LINE('',#7029,#7030);
#7029 = CARTESIAN_POINT('',(-0.32,-2.7,-3.));
#7030 = VECTOR('',#7031,1.);
#7031 = DIRECTION('',(1.,0.,0.));
#7032 = PLANE('',#7033);
#7033 = AXIS2_PLACEMENT_3D('',#7034,#7035,#7036);
#7034 = CARTESIAN_POINT('',(-0.32,-2.78,-2.92));
#7035 = DIRECTION('',(1.735167508357E-18,-0.707106781187,-0.707106781187
    ));
#7036 = DIRECTION('',(-1.,-1.226948711654E-18,-1.226948711654E-18));
#7037 = ADVANCED_FACE('',(#7038),#7056,.F.);
#7038 = FACE_BOUND('',#7039,.F.);
#7039 = EDGE_LOOP('',(#7040,#7041,#7042,#7050));
#7040 = ORIENTED_EDGE('',*,*,#7019,.F.);
#7041 = ORIENTED_EDGE('',*,*,#6658,.T.);
#7042 = ORIENTED_EDGE('',*,*,#7043,.T.);
#7043 = EDGE_CURVE('',#6659,#7044,#7046,.T.);
#7044 = VERTEX_POINT('',#7045);
#7045 = CARTESIAN_POINT('',(0.16,-2.38,-3.));
#7046 = LINE('',#7047,#7048);
#7047 = CARTESIAN_POINT('',(5.333333333333E-02,-2.486666666667,
    -3.106666666667));
#7048 = VECTOR('',#7049,1.);
#7049 = DIRECTION('',(-0.57735026919,-0.57735026919,-0.57735026919));
#7050 = ORIENTED_EDGE('',*,*,#7051,.F.);
#7051 = EDGE_CURVE('',#7020,#7044,#7052,.T.);
#7052 = LINE('',#7053,#7054);
#7053 = CARTESIAN_POINT('',(0.16,-2.86,-3.));
#7054 = VECTOR('',#7055,1.);
#7055 = DIRECTION('',(0.,1.,0.));
#7056 = PLANE('',#7057);
#7057 = AXIS2_PLACEMENT_3D('',#7058,#7059,#7060);
#7058 = CARTESIAN_POINT('',(0.24,-2.86,-2.92));
#7059 = DIRECTION('',(-0.707106781187,1.735167508357E-18,0.707106781187)
  );
#7060 = DIRECTION('',(1.226948711654E-18,1.,-1.226948711654E-18));
#7061 = ADVANCED_FACE('',(#7062),#7080,.F.);
#7062 = FACE_BOUND('',#7063,.T.);
#7063 = EDGE_LOOP('',(#7064,#7072,#7073,#7074));
#7064 = ORIENTED_EDGE('',*,*,#7065,.F.);
#7065 = EDGE_CURVE('',#6683,#7066,#7068,.T.);
#7066 = VERTEX_POINT('',#7067);
#7067 = CARTESIAN_POINT('',(-0.16,-2.38,-3.));
#7068 = LINE('',#7069,#7070);
#7069 = CARTESIAN_POINT('',(-0.16,-2.38,-3.));
#7070 = VECTOR('',#7071,1.);
#7071 = DIRECTION('',(0.57735026919,-0.57735026919,-0.57735026919));
#7072 = ORIENTED_EDGE('',*,*,#6682,.T.);
#7073 = ORIENTED_EDGE('',*,*,#7043,.T.);
#7074 = ORIENTED_EDGE('',*,*,#7075,.F.);
#7075 = EDGE_CURVE('',#7066,#7044,#7076,.T.);
#7076 = LINE('',#7077,#7078);
#7077 = CARTESIAN_POINT('',(-0.32,-2.38,-3.));
#7078 = VECTOR('',#7079,1.);
#7079 = DIRECTION('',(1.,0.,0.));
#7080 = PLANE('',#7081);
#7081 = AXIS2_PLACEMENT_3D('',#7082,#7083,#7084);
#7082 = CARTESIAN_POINT('',(-0.32,-2.3,-2.92));
#7083 = DIRECTION('',(-1.735167508357E-18,-0.707106781187,0.707106781187
    ));
#7084 = DIRECTION('',(-1.,1.226948711654E-18,-1.226948711654E-18));
#7085 = ADVANCED_FACE('',(#7086),#7097,.T.);
#7086 = FACE_BOUND('',#7087,.T.);
#7087 = EDGE_LOOP('',(#7088,#7089,#7090,#7091));
#7088 = ORIENTED_EDGE('',*,*,#7010,.F.);
#7089 = ORIENTED_EDGE('',*,*,#6706,.T.);
#7090 = ORIENTED_EDGE('',*,*,#7065,.T.);
#7091 = ORIENTED_EDGE('',*,*,#7092,.F.);
#7092 = EDGE_CURVE('',#7011,#7066,#7093,.T.);
#7093 = LINE('',#7094,#7095);
#7094 = CARTESIAN_POINT('',(-0.16,-2.86,-3.));
#7095 = VECTOR('',#7096,1.);
#7096 = DIRECTION('',(0.,1.,0.));
#7097 = PLANE('',#7098);
#7098 = AXIS2_PLACEMENT_3D('',#7099,#7100,#7101);
#7099 = CARTESIAN_POINT('',(-0.24,-2.86,-2.92));
#7100 = DIRECTION('',(-0.707106781187,-1.735167508357E-18,
    -0.707106781187));
#7101 = DIRECTION('',(-1.226948711654E-18,1.,-1.226948711654E-18));
#7102 = ADVANCED_FACE('',(#7103),#7128,.F.);
#7103 = FACE_BOUND('',#7104,.T.);
#7104 = EDGE_LOOP('',(#7105,#7113,#7114,#7122));
#7105 = ORIENTED_EDGE('',*,*,#7106,.F.);
#7106 = EDGE_CURVE('',#6732,#7107,#7109,.T.);
#7107 = VERTEX_POINT('',#7108);
#7108 = CARTESIAN_POINT('',(-0.16,-0.16,8.54));
#7109 = LINE('',#7110,#7111);
#7110 = CARTESIAN_POINT('',(-0.266666666667,-0.266666666667,
    8.433333333333));
#7111 = VECTOR('',#7112,1.);
#7112 = DIRECTION('',(0.57735026919,0.57735026919,0.57735026919));
#7113 = ORIENTED_EDGE('',*,*,#6739,.T.);
#7114 = ORIENTED_EDGE('',*,*,#7115,.T.);
#7115 = EDGE_CURVE('',#6723,#7116,#7118,.T.);
#7116 = VERTEX_POINT('',#7117);
#7117 = CARTESIAN_POINT('',(0.16,-0.16,8.54));
#7118 = LINE('',#7119,#7120);
#7119 = CARTESIAN_POINT('',(0.16,-0.16,8.54));
#7120 = VECTOR('',#7121,1.);
#7121 = DIRECTION('',(-0.57735026919,0.57735026919,0.57735026919));
#7122 = ORIENTED_EDGE('',*,*,#7123,.F.);
#7123 = EDGE_CURVE('',#7107,#7116,#7124,.T.);
#7124 = LINE('',#7125,#7126);
#7125 = CARTESIAN_POINT('',(-0.32,-0.16,8.54));
#7126 = VECTOR('',#7127,1.);
#7127 = DIRECTION('',(1.,0.,0.));
#7128 = PLANE('',#7129);
#7129 = AXIS2_PLACEMENT_3D('',#7130,#7131,#7132);
#7130 = CARTESIAN_POINT('',(-0.32,-0.24,8.46));
#7131 = DIRECTION('',(-1.735167508357E-18,0.707106781187,-0.707106781187
    ));
#7132 = DIRECTION('',(-1.,-1.226948711654E-18,1.226948711654E-18));
#7133 = ADVANCED_FACE('',(#7134),#7152,.T.);
#7134 = FACE_BOUND('',#7135,.T.);
#7135 = EDGE_LOOP('',(#7136,#7137,#7138,#7146));
#7136 = ORIENTED_EDGE('',*,*,#7115,.F.);
#7137 = ORIENTED_EDGE('',*,*,#6763,.T.);
#7138 = ORIENTED_EDGE('',*,*,#7139,.T.);
#7139 = EDGE_CURVE('',#6756,#7140,#7142,.T.);
#7140 = VERTEX_POINT('',#7141);
#7141 = CARTESIAN_POINT('',(0.16,0.16,8.54));
#7142 = LINE('',#7143,#7144);
#7143 = CARTESIAN_POINT('',(5.333333333333E-02,5.333333333333E-02,
    8.646666666667));
#7144 = VECTOR('',#7145,1.);
#7145 = DIRECTION('',(-0.57735026919,-0.57735026919,0.57735026919));
#7146 = ORIENTED_EDGE('',*,*,#7147,.F.);
#7147 = EDGE_CURVE('',#7116,#7140,#7148,.T.);
#7148 = LINE('',#7149,#7150);
#7149 = CARTESIAN_POINT('',(0.16,-0.32,8.54));
#7150 = VECTOR('',#7151,1.);
#7151 = DIRECTION('',(0.,1.,0.));
#7152 = PLANE('',#7153);
#7153 = AXIS2_PLACEMENT_3D('',#7154,#7155,#7156);
#7154 = CARTESIAN_POINT('',(0.24,-0.32,8.46));
#7155 = DIRECTION('',(0.707106781187,-1.735167508357E-18,0.707106781187)
  );
#7156 = DIRECTION('',(1.226948711654E-18,1.,1.226948711654E-18));
#7157 = ADVANCED_FACE('',(#7158),#7176,.T.);
#7158 = FACE_BOUND('',#7159,.F.);
#7159 = EDGE_LOOP('',(#7160,#7168,#7169,#7170));
#7160 = ORIENTED_EDGE('',*,*,#7161,.F.);
#7161 = EDGE_CURVE('',#6780,#7162,#7164,.T.);
#7162 = VERTEX_POINT('',#7163);
#7163 = CARTESIAN_POINT('',(-0.16,0.16,8.54));
#7164 = LINE('',#7165,#7166);
#7165 = CARTESIAN_POINT('',(-0.16,0.16,8.54));
#7166 = VECTOR('',#7167,1.);
#7167 = DIRECTION('',(0.57735026919,-0.57735026919,0.57735026919));
#7168 = ORIENTED_EDGE('',*,*,#6787,.T.);
#7169 = ORIENTED_EDGE('',*,*,#7139,.T.);
#7170 = ORIENTED_EDGE('',*,*,#7171,.F.);
#7171 = EDGE_CURVE('',#7162,#7140,#7172,.T.);
#7172 = LINE('',#7173,#7174);
#7173 = CARTESIAN_POINT('',(-0.32,0.16,8.54));
#7174 = VECTOR('',#7175,1.);
#7175 = DIRECTION('',(1.,0.,0.));
#7176 = PLANE('',#7177);
#7177 = AXIS2_PLACEMENT_3D('',#7178,#7179,#7180);
#7178 = CARTESIAN_POINT('',(-0.32,0.24,8.46));
#7179 = DIRECTION('',(1.735167508357E-18,0.707106781187,0.707106781187)
  );
#7180 = DIRECTION('',(-1.,1.226948711654E-18,1.226948711654E-18));
#7181 = ADVANCED_FACE('',(#7182),#7193,.F.);
#7182 = FACE_BOUND('',#7183,.F.);
#7183 = EDGE_LOOP('',(#7184,#7185,#7186,#7187));
#7184 = ORIENTED_EDGE('',*,*,#7106,.F.);
#7185 = ORIENTED_EDGE('',*,*,#6804,.T.);
#7186 = ORIENTED_EDGE('',*,*,#7161,.T.);
#7187 = ORIENTED_EDGE('',*,*,#7188,.F.);
#7188 = EDGE_CURVE('',#7107,#7162,#7189,.T.);
#7189 = LINE('',#7190,#7191);
#7190 = CARTESIAN_POINT('',(-0.16,-0.32,8.54));
#7191 = VECTOR('',#7192,1.);
#7192 = DIRECTION('',(0.,1.,0.));
#7193 = PLANE('',#7194);
#7194 = AXIS2_PLACEMENT_3D('',#7195,#7196,#7197);
#7195 = CARTESIAN_POINT('',(-0.24,-0.32,8.46));
#7196 = DIRECTION('',(0.707106781187,1.735167508357E-18,-0.707106781187)
  );
#7197 = DIRECTION('',(-1.226948711654E-18,1.,1.226948711654E-18));
#7198 = ADVANCED_FACE('',(#7199),#7224,.F.);
#7199 = FACE_BOUND('',#7200,.T.);
#7200 = EDGE_LOOP('',(#7201,#7209,#7210,#7218));
#7201 = ORIENTED_EDGE('',*,*,#7202,.F.);
#7202 = EDGE_CURVE('',#6828,#7203,#7205,.T.);
#7203 = VERTEX_POINT('',#7204);
#7204 = CARTESIAN_POINT('',(-0.16,-2.7,8.54));
#7205 = LINE('',#7206,#7207);
#7206 = CARTESIAN_POINT('',(-0.266666666667,-2.806666666667,
    8.433333333333));
#7207 = VECTOR('',#7208,1.);
#7208 = DIRECTION('',(0.57735026919,0.57735026919,0.57735026919));
#7209 = ORIENTED_EDGE('',*,*,#6835,.T.);
#7210 = ORIENTED_EDGE('',*,*,#7211,.T.);
#7211 = EDGE_CURVE('',#6819,#7212,#7214,.T.);
#7212 = VERTEX_POINT('',#7213);
#7213 = CARTESIAN_POINT('',(0.16,-2.7,8.54));
#7214 = LINE('',#7215,#7216);
#7215 = CARTESIAN_POINT('',(0.16,-2.7,8.54));
#7216 = VECTOR('',#7217,1.);
#7217 = DIRECTION('',(-0.57735026919,0.57735026919,0.57735026919));
#7218 = ORIENTED_EDGE('',*,*,#7219,.F.);
#7219 = EDGE_CURVE('',#7203,#7212,#7220,.T.);
#7220 = LINE('',#7221,#7222);
#7221 = CARTESIAN_POINT('',(-0.32,-2.7,8.54));
#7222 = VECTOR('',#7223,1.);
#7223 = DIRECTION('',(1.,0.,0.));
#7224 = PLANE('',#7225);
#7225 = AXIS2_PLACEMENT_3D('',#7226,#7227,#7228);
#7226 = CARTESIAN_POINT('',(-0.32,-2.78,8.46));
#7227 = DIRECTION('',(-1.735167508357E-18,0.707106781187,-0.707106781187
    ));
#7228 = DIRECTION('',(-1.,-1.226948711654E-18,1.226948711654E-18));
#7229 = ADVANCED_FACE('',(#7230),#7248,.T.);
#7230 = FACE_BOUND('',#7231,.T.);
#7231 = EDGE_LOOP('',(#7232,#7233,#7234,#7242));
#7232 = ORIENTED_EDGE('',*,*,#7211,.F.);
#7233 = ORIENTED_EDGE('',*,*,#6859,.T.);
#7234 = ORIENTED_EDGE('',*,*,#7235,.T.);
#7235 = EDGE_CURVE('',#6852,#7236,#7238,.T.);
#7236 = VERTEX_POINT('',#7237);
#7237 = CARTESIAN_POINT('',(0.16,-2.38,8.54));
#7238 = LINE('',#7239,#7240);
#7239 = CARTESIAN_POINT('',(5.333333333333E-02,-2.486666666667,
    8.646666666667));
#7240 = VECTOR('',#7241,1.);
#7241 = DIRECTION('',(-0.57735026919,-0.57735026919,0.57735026919));
#7242 = ORIENTED_EDGE('',*,*,#7243,.F.);
#7243 = EDGE_CURVE('',#7212,#7236,#7244,.T.);
#7244 = LINE('',#7245,#7246);
#7245 = CARTESIAN_POINT('',(0.16,-2.86,8.54));
#7246 = VECTOR('',#7247,1.);
#7247 = DIRECTION('',(0.,1.,0.));
#7248 = PLANE('',#7249);
#7249 = AXIS2_PLACEMENT_3D('',#7250,#7251,#7252);
#7250 = CARTESIAN_POINT('',(0.24,-2.86,8.46));
#7251 = DIRECTION('',(0.707106781187,-1.735167508357E-18,0.707106781187)
  );
#7252 = DIRECTION('',(1.226948711654E-18,1.,1.226948711654E-18));
#7253 = ADVANCED_FACE('',(#7254),#7272,.T.);
#7254 = FACE_BOUND('',#7255,.F.);
#7255 = EDGE_LOOP('',(#7256,#7264,#7265,#7266));
#7256 = ORIENTED_EDGE('',*,*,#7257,.F.);
#7257 = EDGE_CURVE('',#6876,#7258,#7260,.T.);
#7258 = VERTEX_POINT('',#7259);
#7259 = CARTESIAN_POINT('',(-0.16,-2.38,8.54));
#7260 = LINE('',#7261,#7262);
#7261 = CARTESIAN_POINT('',(-0.16,-2.38,8.54));
#7262 = VECTOR('',#7263,1.);
#7263 = DIRECTION('',(0.57735026919,-0.57735026919,0.57735026919));
#7264 = ORIENTED_EDGE('',*,*,#6883,.T.);
#7265 = ORIENTED_EDGE('',*,*,#7235,.T.);
#7266 = ORIENTED_EDGE('',*,*,#7267,.F.);
#7267 = EDGE_CURVE('',#7258,#7236,#7268,.T.);
#7268 = LINE('',#7269,#7270);
#7269 = CARTESIAN_POINT('',(-0.32,-2.38,8.54));
#7270 = VECTOR('',#7271,1.);
#7271 = DIRECTION('',(1.,0.,0.));
#7272 = PLANE('',#7273);
#7273 = AXIS2_PLACEMENT_3D('',#7274,#7275,#7276);
#7274 = CARTESIAN_POINT('',(-0.32,-2.3,8.46));
#7275 = DIRECTION('',(1.735167508357E-18,0.707106781187,0.707106781187)
  );
#7276 = DIRECTION('',(-1.,1.226948711654E-18,1.226948711654E-18));
#7277 = ADVANCED_FACE('',(#7278),#7289,.F.);
#7278 = FACE_BOUND('',#7279,.F.);
#7279 = EDGE_LOOP('',(#7280,#7281,#7282,#7283));
#7280 = ORIENTED_EDGE('',*,*,#7202,.F.);
#7281 = ORIENTED_EDGE('',*,*,#6900,.T.);
#7282 = ORIENTED_EDGE('',*,*,#7257,.T.);
#7283 = ORIENTED_EDGE('',*,*,#7284,.F.);
#7284 = EDGE_CURVE('',#7203,#7258,#7285,.T.);
#7285 = LINE('',#7286,#7287);
#7286 = CARTESIAN_POINT('',(-0.16,-2.86,8.54));
#7287 = VECTOR('',#7288,1.);
#7288 = DIRECTION('',(0.,1.,0.));
#7289 = PLANE('',#7290);
#7290 = AXIS2_PLACEMENT_3D('',#7291,#7292,#7293);
#7291 = CARTESIAN_POINT('',(-0.24,-2.86,8.46));
#7292 = DIRECTION('',(0.707106781187,1.735167508357E-18,-0.707106781187)
  );
#7293 = DIRECTION('',(-1.226948711654E-18,1.,1.226948711654E-18));
#7294 = ADVANCED_FACE('',(#7295),#7301,.F.);
#7295 = FACE_BOUND('',#7296,.F.);
#7296 = EDGE_LOOP('',(#7297,#7298,#7299,#7300));
#7297 = ORIENTED_EDGE('',*,*,#6996,.F.);
#7298 = ORIENTED_EDGE('',*,*,#6931,.T.);
#7299 = ORIENTED_EDGE('',*,*,#6955,.T.);
#7300 = ORIENTED_EDGE('',*,*,#6979,.F.);
#7301 = PLANE('',#7302);
#7302 = AXIS2_PLACEMENT_3D('',#7303,#7304,#7305);
#7303 = CARTESIAN_POINT('',(-0.32,-0.32,-3.));
#7304 = DIRECTION('',(0.,0.,1.));
#7305 = DIRECTION('',(1.,0.,-0.));
#7306 = ADVANCED_FACE('',(#7307),#7313,.F.);
#7307 = FACE_BOUND('',#7308,.F.);
#7308 = EDGE_LOOP('',(#7309,#7310,#7311,#7312));
#7309 = ORIENTED_EDGE('',*,*,#7092,.F.);
#7310 = ORIENTED_EDGE('',*,*,#7027,.T.);
#7311 = ORIENTED_EDGE('',*,*,#7051,.T.);
#7312 = ORIENTED_EDGE('',*,*,#7075,.F.);
#7313 = PLANE('',#7314);
#7314 = AXIS2_PLACEMENT_3D('',#7315,#7316,#7317);
#7315 = CARTESIAN_POINT('',(-0.32,-2.86,-3.));
#7316 = DIRECTION('',(0.,0.,1.));
#7317 = DIRECTION('',(1.,0.,-0.));
#7318 = ADVANCED_FACE('',(#7319),#7325,.T.);
#7319 = FACE_BOUND('',#7320,.T.);
#7320 = EDGE_LOOP('',(#7321,#7322,#7323,#7324));
#7321 = ORIENTED_EDGE('',*,*,#7171,.F.);
#7322 = ORIENTED_EDGE('',*,*,#7188,.F.);
#7323 = ORIENTED_EDGE('',*,*,#7123,.T.);
#7324 = ORIENTED_EDGE('',*,*,#7147,.T.);
#7325 = PLANE('',#7326);
#7326 = AXIS2_PLACEMENT_3D('',#7327,#7328,#7329);
#7327 = CARTESIAN_POINT('',(-0.32,-0.32,8.54));
#7328 = DIRECTION('',(0.,0.,1.));
#7329 = DIRECTION('',(1.,0.,-0.));
#7330 = ADVANCED_FACE('',(#7331),#7337,.T.);
#7331 = FACE_BOUND('',#7332,.T.);
#7332 = EDGE_LOOP('',(#7333,#7334,#7335,#7336));
#7333 = ORIENTED_EDGE('',*,*,#7267,.F.);
#7334 = ORIENTED_EDGE('',*,*,#7284,.F.);
#7335 = ORIENTED_EDGE('',*,*,#7219,.T.);
#7336 = ORIENTED_EDGE('',*,*,#7243,.T.);
#7337 = PLANE('',#7338);
#7338 = AXIS2_PLACEMENT_3D('',#7339,#7340,#7341);
#7339 = CARTESIAN_POINT('',(-0.32,-2.86,8.54));
#7340 = DIRECTION('',(0.,0.,1.));
#7341 = DIRECTION('',(1.,0.,-0.));
#7342 = ( GEOMETRIC_REPRESENTATION_CONTEXT(3) 
GLOBAL_UNCERTAINTY_ASSIGNED_CONTEXT((#7346)) 
GLOBAL_UNIT_ASSIGNED_CONTEXT((#7343,#7344,#7345)) REPRESENTATION_CONTEXT
('Context #1','3D Context with UNIT and UNCERTAINTY') );
#7343 = ( LENGTH_UNIT() NAMED_UNIT(*) SI_UNIT(.MILLI.,.METRE.) );
#7344 = ( NAMED_UNIT(*) PLANE_ANGLE_UNIT() SI_UNIT($,.RADIAN.) );
#7345 = ( NAMED_UNIT(*) SI_UNIT($,.STERADIAN.) SOLID_ANGLE_UNIT() );
#7346 = UNCERTAINTY_MEASURE_WITH_UNIT(LENGTH_MEASURE(1.E-07),#7343,
  'distance_accuracy_value','confusion accuracy');
#7347 = CONTEXT_DEPENDENT_SHAPE_REPRESENTATION(#7348,#7350);
#7348 = ( REPRESENTATION_RELATIONSHIP('','',#5909,#10) 
REPRESENTATION_RELATIONSHIP_WITH_TRANSFORMATION(#7349) 
SHAPE_REPRESENTATION_RELATIONSHIP() );
#7349 = ITEM_DEFINED_TRANSFORMATION('','',#11,#55);
#7350 = PRODUCT_DEFINITION_SHAPE('Placement','Placement of an item',
  #7351);
#7351 = NEXT_ASSEMBLY_USAGE_OCCURRENCE('11','J2','',#5,#5904,$);
#7352 = PRODUCT_RELATED_PRODUCT_CATEGORY('part',$,(#5906));
#7353 = SHAPE_DEFINITION_REPRESENTATION(#7354,#7360);
#7354 = PRODUCT_DEFINITION_SHAPE('','',#7355);
#7355 = PRODUCT_DEFINITION('design','',#7356,#7359);
#7356 = PRODUCT_DEFINITION_FORMATION('','',#7357);
#7357 = PRODUCT('pcb_right_PCB','pcb_right_PCB','',(#7358));
#7358 = PRODUCT_CONTEXT('',#2,'mechanical');
#7359 = PRODUCT_DEFINITION_CONTEXT('part definition',#2,'design');
#7360 = ADVANCED_BREP_SHAPE_REPRESENTATION('',(#11,#7361),#8291);
#7361 = MANIFOLD_SOLID_BREP('',#7362);
#7362 = CLOSED_SHELL('',(#7363,#7403,#7434,#7465,#7702,#7939,#7951,#7968
    ,#7985,#8002,#8019,#8036,#8053,#8070,#8087,#8104,#8121,#8138,#8155,
    #8172,#8189,#8206,#8223,#8240,#8257,#8274));
#7363 = ADVANCED_FACE('',(#7364),#7398,.T.);
#7364 = FACE_BOUND('',#7365,.T.);
#7365 = EDGE_LOOP('',(#7366,#7376,#7384,#7392));
#7366 = ORIENTED_EDGE('',*,*,#7367,.T.);
#7367 = EDGE_CURVE('',#7368,#7370,#7372,.T.);
#7368 = VERTEX_POINT('',#7369);
#7369 = CARTESIAN_POINT('',(140.,-70.1,0.));
#7370 = VERTEX_POINT('',#7371);
#7371 = CARTESIAN_POINT('',(140.,-70.1,1.51));
#7372 = LINE('',#7373,#7374);
#7373 = CARTESIAN_POINT('',(140.,-70.1,0.));
#7374 = VECTOR('',#7375,1.);
#7375 = DIRECTION('',(0.,0.,1.));
#7376 = ORIENTED_EDGE('',*,*,#7377,.T.);
#7377 = EDGE_CURVE('',#7370,#7378,#7380,.T.);
#7378 = VERTEX_POINT('',#7379);
#7379 = CARTESIAN_POINT('',(100.,-70.1,1.51));
#7380 = LINE('',#7381,#7382);
#7381 = CARTESIAN_POINT('',(140.,-70.1,1.51));
#7382 = VECTOR('',#7383,1.);
#7383 = DIRECTION('',(-1.,0.,0.));
#7384 = ORIENTED_EDGE('',*,*,#7385,.F.);
#7385 = EDGE_CURVE('',#7386,#7378,#7388,.T.);
#7386 = VERTEX_POINT('',#7387);
#7387 = CARTESIAN_POINT('',(100.,-70.1,0.));
#7388 = LINE('',#7389,#7390);
#7389 = CARTESIAN_POINT('',(100.,-70.1,0.));
#7390 = VECTOR('',#7391,1.);
#7391 = DIRECTION('',(0.,0.,1.));
#7392 = ORIENTED_EDGE('',*,*,#7393,.F.);
#7393 = EDGE_CURVE('',#7368,#7386,#7394,.T.);
#7394 = LINE('',#7395,#7396);
#7395 = CARTESIAN_POINT('',(140.,-70.1,0.));
#7396 = VECTOR('',#7397,1.);
#7397 = DIRECTION('',(-1.,0.,0.));
#7398 = PLANE('',#7399);
#7399 = AXIS2_PLACEMENT_3D('',#7400,#7401,#7402);
#7400 = CARTESIAN_POINT('',(140.,-70.1,0.));
#7401 = DIRECTION('',(0.,-1.,0.));
#7402 = DIRECTION('',(-1.,0.,0.));
#7403 = ADVANCED_FACE('',(#7404),#7429,.T.);
#7404 = FACE_BOUND('',#7405,.T.);
#7405 = EDGE_LOOP('',(#7406,#7416,#7422,#7423));
#7406 = ORIENTED_EDGE('',*,*,#7407,.T.);
#7407 = EDGE_CURVE('',#7408,#7410,#7412,.T.);
#7408 = VERTEX_POINT('',#7409);
#7409 = CARTESIAN_POINT('',(140.,-49.9,0.));
#7410 = VERTEX_POINT('',#7411);
#7411 = CARTESIAN_POINT('',(140.,-49.9,1.51));
#7412 = LINE('',#7413,#7414);
#7413 = CARTESIAN_POINT('',(140.,-49.9,0.));
#7414 = VECTOR('',#7415,1.);
#7415 = DIRECTION('',(0.,0.,1.));
#7416 = ORIENTED_EDGE('',*,*,#7417,.T.);
#7417 = EDGE_CURVE('',#7410,#7370,#7418,.T.);
#7418 = LINE('',#7419,#7420);
#7419 = CARTESIAN_POINT('',(140.,-49.9,1.51));
#7420 = VECTOR('',#7421,1.);
#7421 = DIRECTION('',(0.,-1.,0.));
#7422 = ORIENTED_EDGE('',*,*,#7367,.F.);
#7423 = ORIENTED_EDGE('',*,*,#7424,.F.);
#7424 = EDGE_CURVE('',#7408,#7368,#7425,.T.);
#7425 = LINE('',#7426,#7427);
#7426 = CARTESIAN_POINT('',(140.,-49.9,0.));
#7427 = VECTOR('',#7428,1.);
#7428 = DIRECTION('',(0.,-1.,0.));
#7429 = PLANE('',#7430);
#7430 = AXIS2_PLACEMENT_3D('',#7431,#7432,#7433);
#7431 = CARTESIAN_POINT('',(140.,-49.9,0.));
#7432 = DIRECTION('',(1.,0.,-0.));
#7433 = DIRECTION('',(0.,-1.,0.));
#7434 = ADVANCED_FACE('',(#7435),#7460,.T.);
#7435 = FACE_BOUND('',#7436,.T.);
#7436 = EDGE_LOOP('',(#7437,#7438,#7446,#7454));
#7437 = ORIENTED_EDGE('',*,*,#7385,.T.);
#7438 = ORIENTED_EDGE('',*,*,#7439,.T.);
#7439 = EDGE_CURVE('',#7378,#7440,#7442,.T.);
#7440 = VERTEX_POINT('',#7441);
#7441 = CARTESIAN_POINT('',(100.,-49.9,1.51));
#7442 = LINE('',#7443,#7444);
#7443 = CARTESIAN_POINT('',(100.,-70.1,1.51));
#7444 = VECTOR('',#7445,1.);
#7445 = DIRECTION('',(0.,1.,0.));
#7446 = ORIENTED_EDGE('',*,*,#7447,.F.);
#7447 = EDGE_CURVE('',#7448,#7440,#7450,.T.);
#7448 = VERTEX_POINT('',#7449);
#7449 = CARTESIAN_POINT('',(100.,-49.9,0.));
#7450 = LINE('',#7451,#7452);
#7451 = CARTESIAN_POINT('',(100.,-49.9,0.));
#7452 = VECTOR('',#7453,1.);
#7453 = DIRECTION('',(0.,0.,1.));
#7454 = ORIENTED_EDGE('',*,*,#7455,.F.);
#7455 = EDGE_CURVE('',#7386,#7448,#7456,.T.);
#7456 = LINE('',#7457,#7458);
#7457 = CARTESIAN_POINT('',(100.,-70.1,0.));
#7458 = VECTOR('',#7459,1.);
#7459 = DIRECTION('',(0.,1.,0.));
#7460 = PLANE('',#7461);
#7461 = AXIS2_PLACEMENT_3D('',#7462,#7463,#7464);
#7462 = CARTESIAN_POINT('',(100.,-70.1,0.));
#7463 = DIRECTION('',(-1.,0.,0.));
#7464 = DIRECTION('',(0.,1.,0.));
#7465 = ADVANCED_FACE('',(#7466,#7477,#7488,#7499,#7510,#7521,#7532,
    #7543,#7554,#7565,#7576,#7587,#7598,#7609,#7620,#7631,#7642,#7653,
    #7664,#7675,#7686),#7697,.F.);
#7466 = FACE_BOUND('',#7467,.F.);
#7467 = EDGE_LOOP('',(#7468,#7469,#7470,#7476));
#7468 = ORIENTED_EDGE('',*,*,#7393,.F.);
#7469 = ORIENTED_EDGE('',*,*,#7424,.F.);
#7470 = ORIENTED_EDGE('',*,*,#7471,.F.);
#7471 = EDGE_CURVE('',#7448,#7408,#7472,.T.);
#7472 = LINE('',#7473,#7474);
#7473 = CARTESIAN_POINT('',(100.,-49.9,0.));
#7474 = VECTOR('',#7475,1.);
#7475 = DIRECTION('',(1.,0.,0.));
#7476 = ORIENTED_EDGE('',*,*,#7455,.F.);
#7477 = FACE_BOUND('',#7478,.F.);
#7478 = EDGE_LOOP('',(#7479));
#7479 = ORIENTED_EDGE('',*,*,#7480,.T.);
#7480 = EDGE_CURVE('',#7481,#7481,#7483,.T.);
#7481 = VERTEX_POINT('',#7482);
#7482 = CARTESIAN_POINT('',(104.78,-68.22,0.));
#7483 = CIRCLE('',#7484,0.5);
#7484 = AXIS2_PLACEMENT_3D('',#7485,#7486,#7487);
#7485 = CARTESIAN_POINT('',(104.78,-67.72,0.));
#7486 = DIRECTION('',(-0.,0.,-1.));
#7487 = DIRECTION('',(-0.,-1.,0.));
#7488 = FACE_BOUND('',#7489,.F.);
#7489 = EDGE_LOOP('',(#7490));
#7490 = ORIENTED_EDGE('',*,*,#7491,.T.);
#7491 = EDGE_CURVE('',#7492,#7492,#7494,.T.);
#7492 = VERTEX_POINT('',#7493);
#7493 = CARTESIAN_POINT('',(107.32,-68.22,0.));
#7494 = CIRCLE('',#7495,0.5);
#7495 = AXIS2_PLACEMENT_3D('',#7496,#7497,#7498);
#7496 = CARTESIAN_POINT('',(107.32,-67.72,0.));
#7497 = DIRECTION('',(-0.,0.,-1.));
#7498 = DIRECTION('',(-0.,-1.,0.));
#7499 = FACE_BOUND('',#7500,.F.);
#7500 = EDGE_LOOP('',(#7501));
#7501 = ORIENTED_EDGE('',*,*,#7502,.T.);
#7502 = EDGE_CURVE('',#7503,#7503,#7505,.T.);
#7503 = VERTEX_POINT('',#7504);
#7504 = CARTESIAN_POINT('',(109.86,-68.22,0.));
#7505 = CIRCLE('',#7506,0.5);
#7506 = AXIS2_PLACEMENT_3D('',#7507,#7508,#7509);
#7507 = CARTESIAN_POINT('',(109.86,-67.72,0.));
#7508 = DIRECTION('',(-0.,0.,-1.));
#7509 = DIRECTION('',(-0.,-1.,0.));
#7510 = FACE_BOUND('',#7511,.F.);
#7511 = EDGE_LOOP('',(#7512));
#7512 = ORIENTED_EDGE('',*,*,#7513,.T.);
#7513 = EDGE_CURVE('',#7514,#7514,#7516,.T.);
#7514 = VERTEX_POINT('',#7515);
#7515 = CARTESIAN_POINT('',(112.4,-68.22,0.));
#7516 = CIRCLE('',#7517,0.5);
#7517 = AXIS2_PLACEMENT_3D('',#7518,#7519,#7520);
#7518 = CARTESIAN_POINT('',(112.4,-67.72,0.));
#7519 = DIRECTION('',(-0.,0.,-1.));
#7520 = DIRECTION('',(-0.,-1.,0.));
#7521 = FACE_BOUND('',#7522,.F.);
#7522 = EDGE_LOOP('',(#7523));
#7523 = ORIENTED_EDGE('',*,*,#7524,.T.);
#7524 = EDGE_CURVE('',#7525,#7525,#7527,.T.);
#7525 = VERTEX_POINT('',#7526);
#7526 = CARTESIAN_POINT('',(114.94,-68.22,0.));
#7527 = CIRCLE('',#7528,0.5);
#7528 = AXIS2_PLACEMENT_3D('',#7529,#7530,#7531);
#7529 = CARTESIAN_POINT('',(114.94,-67.72,0.));
#7530 = DIRECTION('',(-0.,0.,-1.));
#7531 = DIRECTION('',(-0.,-1.,0.));
#7532 = FACE_BOUND('',#7533,.F.);
#7533 = EDGE_LOOP('',(#7534));
#7534 = ORIENTED_EDGE('',*,*,#7535,.T.);
#7535 = EDGE_CURVE('',#7536,#7536,#7538,.T.);
#7536 = VERTEX_POINT('',#7537);
#7537 = CARTESIAN_POINT('',(117.48,-68.22,0.));
#7538 = CIRCLE('',#7539,0.5);
#7539 = AXIS2_PLACEMENT_3D('',#7540,#7541,#7542);
#7540 = CARTESIAN_POINT('',(117.48,-67.72,0.));
#7541 = DIRECTION('',(-0.,0.,-1.));
#7542 = DIRECTION('',(-0.,-1.,0.));
#7543 = FACE_BOUND('',#7544,.F.);
#7544 = EDGE_LOOP('',(#7545));
#7545 = ORIENTED_EDGE('',*,*,#7546,.T.);
#7546 = EDGE_CURVE('',#7547,#7547,#7549,.T.);
#7547 = VERTEX_POINT('',#7548);
#7548 = CARTESIAN_POINT('',(120.02,-68.22,0.));
#7549 = CIRCLE('',#7550,0.5);
#7550 = AXIS2_PLACEMENT_3D('',#7551,#7552,#7553);
#7551 = CARTESIAN_POINT('',(120.02,-67.72,0.));
#7552 = DIRECTION('',(-0.,0.,-1.));
#7553 = DIRECTION('',(-0.,-1.,0.));
#7554 = FACE_BOUND('',#7555,.F.);
#7555 = EDGE_LOOP('',(#7556));
#7556 = ORIENTED_EDGE('',*,*,#7557,.T.);
#7557 = EDGE_CURVE('',#7558,#7558,#7560,.T.);
#7558 = VERTEX_POINT('',#7559);
#7559 = CARTESIAN_POINT('',(126.9,-68.95,0.));
#7560 = CIRCLE('',#7561,0.55);
#7561 = AXIS2_PLACEMENT_3D('',#7562,#7563,#7564);
#7562 = CARTESIAN_POINT('',(126.9,-68.4,0.));
#7563 = DIRECTION('',(-0.,0.,-1.));
#7564 = DIRECTION('',(-0.,-1.,0.));
#7565 = FACE_BOUND('',#7566,.F.);
#7566 = EDGE_LOOP('',(#7567));
#7567 = ORIENTED_EDGE('',*,*,#7568,.T.);
#7568 = EDGE_CURVE('',#7569,#7569,#7571,.T.);
#7569 = VERTEX_POINT('',#7570);
#7570 = CARTESIAN_POINT('',(131.4,-68.95,0.));
#7571 = CIRCLE('',#7572,0.55);
#7572 = AXIS2_PLACEMENT_3D('',#7573,#7574,#7575);
#7573 = CARTESIAN_POINT('',(131.4,-68.4,0.));
#7574 = DIRECTION('',(-0.,0.,-1.));
#7575 = DIRECTION('',(5.1675835328E-14,-1.,-0.));
#7576 = FACE_BOUND('',#7577,.F.);
#7577 = EDGE_LOOP('',(#7578));
#7578 = ORIENTED_EDGE('',*,*,#7579,.T.);
#7579 = EDGE_CURVE('',#7580,#7580,#7582,.T.);
#7580 = VERTEX_POINT('',#7581);
#7581 = CARTESIAN_POINT('',(126.9,-62.45,0.));
#7582 = CIRCLE('',#7583,0.55);
#7583 = AXIS2_PLACEMENT_3D('',#7584,#7585,#7586);
#7584 = CARTESIAN_POINT('',(126.9,-61.9,0.));
#7585 = DIRECTION('',(-0.,0.,-1.));
#7586 = DIRECTION('',(-0.,-1.,0.));
#7587 = FACE_BOUND('',#7588,.F.);
#7588 = EDGE_LOOP('',(#7589));
#7589 = ORIENTED_EDGE('',*,*,#7590,.T.);
#7590 = EDGE_CURVE('',#7591,#7591,#7593,.T.);
#7591 = VERTEX_POINT('',#7592);
#7592 = CARTESIAN_POINT('',(131.4,-62.45,0.));
#7593 = CIRCLE('',#7594,0.55);
#7594 = AXIS2_PLACEMENT_3D('',#7595,#7596,#7597);
#7595 = CARTESIAN_POINT('',(131.4,-61.9,0.));
#7596 = DIRECTION('',(-0.,0.,-1.));
#7597 = DIRECTION('',(5.1675835328E-14,-1.,-0.));
#7598 = FACE_BOUND('',#7599,.F.);
#7599 = EDGE_LOOP('',(#7600));
#7600 = ORIENTED_EDGE('',*,*,#7601,.T.);
#7601 = EDGE_CURVE('',#7602,#7602,#7604,.T.);
#7602 = VERTEX_POINT('',#7603);
#7603 = CARTESIAN_POINT('',(104.78,-52.98,0.));
#7604 = CIRCLE('',#7605,0.5);
#7605 = AXIS2_PLACEMENT_3D('',#7606,#7607,#7608);
#7606 = CARTESIAN_POINT('',(104.78,-52.48,0.));
#7607 = DIRECTION('',(-0.,0.,-1.));
#7608 = DIRECTION('',(-0.,-1.,0.));
#7609 = FACE_BOUND('',#7610,.F.);
#7610 = EDGE_LOOP('',(#7611));
#7611 = ORIENTED_EDGE('',*,*,#7612,.T.);
#7612 = EDGE_CURVE('',#7613,#7613,#7615,.T.);
#7613 = VERTEX_POINT('',#7614);
#7614 = CARTESIAN_POINT('',(107.32,-52.98,0.));
#7615 = CIRCLE('',#7616,0.5);
#7616 = AXIS2_PLACEMENT_3D('',#7617,#7618,#7619);
#7617 = CARTESIAN_POINT('',(107.32,-52.48,0.));
#7618 = DIRECTION('',(-0.,0.,-1.));
#7619 = DIRECTION('',(-0.,-1.,0.));
#7620 = FACE_BOUND('',#7621,.F.);
#7621 = EDGE_LOOP('',(#7622));
#7622 = ORIENTED_EDGE('',*,*,#7623,.T.);
#7623 = EDGE_CURVE('',#7624,#7624,#7626,.T.);
#7624 = VERTEX_POINT('',#7625);
#7625 = CARTESIAN_POINT('',(109.86,-52.98,0.));
#7626 = CIRCLE('',#7627,0.5);
#7627 = AXIS2_PLACEMENT_3D('',#7628,#7629,#7630);
#7628 = CARTESIAN_POINT('',(109.86,-52.48,0.));
#7629 = DIRECTION('',(-0.,0.,-1.));
#7630 = DIRECTION('',(-0.,-1.,0.));
#7631 = FACE_BOUND('',#7632,.F.);
#7632 = EDGE_LOOP('',(#7633));
#7633 = ORIENTED_EDGE('',*,*,#7634,.T.);
#7634 = EDGE_CURVE('',#7635,#7635,#7637,.T.);
#7635 = VERTEX_POINT('',#7636);
#7636 = CARTESIAN_POINT('',(112.4,-52.98,0.));
#7637 = CIRCLE('',#7638,0.5);
#7638 = AXIS2_PLACEMENT_3D('',#7639,#7640,#7641);
#7639 = CARTESIAN_POINT('',(112.4,-52.48,0.));
#7640 = DIRECTION('',(-0.,0.,-1.));
#7641 = DIRECTION('',(-0.,-1.,0.));
#7642 = FACE_BOUND('',#7643,.F.);
#7643 = EDGE_LOOP('',(#7644));
#7644 = ORIENTED_EDGE('',*,*,#7645,.T.);
#7645 = EDGE_CURVE('',#7646,#7646,#7648,.T.);
#7646 = VERTEX_POINT('',#7647);
#7647 = CARTESIAN_POINT('',(114.94,-52.98,0.));
#7648 = CIRCLE('',#7649,0.5);
#7649 = AXIS2_PLACEMENT_3D('',#7650,#7651,#7652);
#7650 = CARTESIAN_POINT('',(114.94,-52.48,0.));
#7651 = DIRECTION('',(-0.,0.,-1.));
#7652 = DIRECTION('',(-0.,-1.,0.));
#7653 = FACE_BOUND('',#7654,.F.);
#7654 = EDGE_LOOP('',(#7655));
#7655 = ORIENTED_EDGE('',*,*,#7656,.T.);
#7656 = EDGE_CURVE('',#7657,#7657,#7659,.T.);
#7657 = VERTEX_POINT('',#7658);
#7658 = CARTESIAN_POINT('',(117.48,-52.98,0.));
#7659 = CIRCLE('',#7660,0.5);
#7660 = AXIS2_PLACEMENT_3D('',#7661,#7662,#7663);
#7661 = CARTESIAN_POINT('',(117.48,-52.48,0.));
#7662 = DIRECTION('',(-0.,0.,-1.));
#7663 = DIRECTION('',(-0.,-1.,0.));
#7664 = FACE_BOUND('',#7665,.F.);
#7665 = EDGE_LOOP('',(#7666));
#7666 = ORIENTED_EDGE('',*,*,#7667,.T.);
#7667 = EDGE_CURVE('',#7668,#7668,#7670,.T.);
#7668 = VERTEX_POINT('',#7669);
#7669 = CARTESIAN_POINT('',(120.02,-52.98,0.));
#7670 = CIRCLE('',#7671,0.5);
#7671 = AXIS2_PLACEMENT_3D('',#7672,#7673,#7674);
#7672 = CARTESIAN_POINT('',(120.02,-52.48,0.));
#7673 = DIRECTION('',(-0.,0.,-1.));
#7674 = DIRECTION('',(-0.,-1.,0.));
#7675 = FACE_BOUND('',#7676,.F.);
#7676 = EDGE_LOOP('',(#7677));
#7677 = ORIENTED_EDGE('',*,*,#7678,.T.);
#7678 = EDGE_CURVE('',#7679,#7679,#7681,.T.);
#7679 = VERTEX_POINT('',#7680);
#7680 = CARTESIAN_POINT('',(136.8625,-57.,0.));
#7681 = CIRCLE('',#7682,0.5);
#7682 = AXIS2_PLACEMENT_3D('',#7683,#7684,#7685);
#7683 = CARTESIAN_POINT('',(136.8625,-56.5,0.));
#7684 = DIRECTION('',(-0.,0.,-1.));
#7685 = DIRECTION('',(-0.,-1.,0.));
#7686 = FACE_BOUND('',#7687,.F.);
#7687 = EDGE_LOOP('',(#7688));
#7688 = ORIENTED_EDGE('',*,*,#7689,.T.);
#7689 = EDGE_CURVE('',#7690,#7690,#7692,.T.);
#7690 = VERTEX_POINT('',#7691);
#7691 = CARTESIAN_POINT('',(136.8625,-54.46,0.));
#7692 = CIRCLE('',#7693,0.5);
#7693 = AXIS2_PLACEMENT_3D('',#7694,#7695,#7696);
#7694 = CARTESIAN_POINT('',(136.8625,-53.96,0.));
#7695 = DIRECTION('',(-0.,0.,-1.));
#7696 = DIRECTION('',(-0.,-1.,0.));
#7697 = PLANE('',#7698);
#7698 = AXIS2_PLACEMENT_3D('',#7699,#7700,#7701);
#7699 = CARTESIAN_POINT('',(0.,0.,0.));
#7700 = DIRECTION('',(0.,0.,1.));
#7701 = DIRECTION('',(1.,0.,-0.));
#7702 = ADVANCED_FACE('',(#7703,#7714,#7725,#7736,#7747,#7758,#7769,
    #7780,#7791,#7802,#7813,#7824,#7835,#7846,#7857,#7868,#7879,#7890,
    #7901,#7912,#7923),#7934,.T.);
#7703 = FACE_BOUND('',#7704,.T.);
#7704 = EDGE_LOOP('',(#7705,#7706,#7707,#7713));
#7705 = ORIENTED_EDGE('',*,*,#7377,.F.);
#7706 = ORIENTED_EDGE('',*,*,#7417,.F.);
#7707 = ORIENTED_EDGE('',*,*,#7708,.F.);
#7708 = EDGE_CURVE('',#7440,#7410,#7709,.T.);
#7709 = LINE('',#7710,#7711);
#7710 = CARTESIAN_POINT('',(100.,-49.9,1.51));
#7711 = VECTOR('',#7712,1.);
#7712 = DIRECTION('',(1.,0.,0.));
#7713 = ORIENTED_EDGE('',*,*,#7439,.F.);
#7714 = FACE_BOUND('',#7715,.T.);
#7715 = EDGE_LOOP('',(#7716));
#7716 = ORIENTED_EDGE('',*,*,#7717,.T.);
#7717 = EDGE_CURVE('',#7718,#7718,#7720,.T.);
#7718 = VERTEX_POINT('',#7719);
#7719 = CARTESIAN_POINT('',(104.78,-68.22,1.51));
#7720 = CIRCLE('',#7721,0.5);
#7721 = AXIS2_PLACEMENT_3D('',#7722,#7723,#7724);
#7722 = CARTESIAN_POINT('',(104.78,-67.72,1.51));
#7723 = DIRECTION('',(-0.,0.,-1.));
#7724 = DIRECTION('',(-0.,-1.,0.));
#7725 = FACE_BOUND('',#7726,.T.);
#7726 = EDGE_LOOP('',(#7727));
#7727 = ORIENTED_EDGE('',*,*,#7728,.T.);
#7728 = EDGE_CURVE('',#7729,#7729,#7731,.T.);
#7729 = VERTEX_POINT('',#7730);
#7730 = CARTESIAN_POINT('',(107.32,-68.22,1.51));
#7731 = CIRCLE('',#7732,0.5);
#7732 = AXIS2_PLACEMENT_3D('',#7733,#7734,#7735);
#7733 = CARTESIAN_POINT('',(107.32,-67.72,1.51));
#7734 = DIRECTION('',(-0.,0.,-1.));
#7735 = DIRECTION('',(-0.,-1.,0.));
#7736 = FACE_BOUND('',#7737,.T.);
#7737 = EDGE_LOOP('',(#7738));
#7738 = ORIENTED_EDGE('',*,*,#7739,.T.);
#7739 = EDGE_CURVE('',#7740,#7740,#7742,.T.);
#7740 = VERTEX_POINT('',#7741);
#7741 = CARTESIAN_POINT('',(109.86,-68.22,1.51));
#7742 = CIRCLE('',#7743,0.5);
#7743 = AXIS2_PLACEMENT_3D('',#7744,#7745,#7746);
#7744 = CARTESIAN_POINT('',(109.86,-67.72,1.51));
#7745 = DIRECTION('',(-0.,0.,-1.));
#7746 = DIRECTION('',(-0.,-1.,0.));
#7747 = FACE_BOUND('',#7748,.T.);
#7748 = EDGE_LOOP('',(#7749));
#7749 = ORIENTED_EDGE('',*,*,#7750,.T.);
#7750 = EDGE_CURVE('',#7751,#7751,#7753,.T.);
#7751 = VERTEX_POINT('',#7752);
#7752 = CARTESIAN_POINT('',(112.4,-68.22,1.51));
#7753 = CIRCLE('',#7754,0.5);
#7754 = AXIS2_PLACEMENT_3D('',#7755,#7756,#7757);
#7755 = CARTESIAN_POINT('',(112.4,-67.72,1.51));
#7756 = DIRECTION('',(-0.,0.,-1.));
#7757 = DIRECTION('',(-0.,-1.,0.));
#7758 = FACE_BOUND('',#7759,.T.);
#7759 = EDGE_LOOP('',(#7760));
#7760 = ORIENTED_EDGE('',*,*,#7761,.T.);
#7761 = EDGE_CURVE('',#7762,#7762,#7764,.T.);
#7762 = VERTEX_POINT('',#7763);
#7763 = CARTESIAN_POINT('',(114.94,-68.22,1.51));
#7764 = CIRCLE('',#7765,0.5);
#7765 = AXIS2_PLACEMENT_3D('',#7766,#7767,#7768);
#7766 = CARTESIAN_POINT('',(114.94,-67.72,1.51));
#7767 = DIRECTION('',(-0.,0.,-1.));
#7768 = DIRECTION('',(-0.,-1.,0.));
#7769 = FACE_BOUND('',#7770,.T.);
#7770 = EDGE_LOOP('',(#7771));
#7771 = ORIENTED_EDGE('',*,*,#7772,.T.);
#7772 = EDGE_CURVE('',#7773,#7773,#7775,.T.);
#7773 = VERTEX_POINT('',#7774);
#7774 = CARTESIAN_POINT('',(117.48,-68.22,1.51));
#7775 = CIRCLE('',#7776,0.5);
#7776 = AXIS2_PLACEMENT_3D('',#7777,#7778,#7779);
#7777 = CARTESIAN_POINT('',(117.48,-67.72,1.51));
#7778 = DIRECTION('',(-0.,0.,-1.));
#7779 = DIRECTION('',(-0.,-1.,0.));
#7780 = FACE_BOUND('',#7781,.T.);
#7781 = EDGE_LOOP('',(#7782));
#7782 = ORIENTED_EDGE('',*,*,#7783,.T.);
#7783 = EDGE_CURVE('',#7784,#7784,#7786,.T.);
#7784 = VERTEX_POINT('',#7785);
#7785 = CARTESIAN_POINT('',(120.02,-68.22,1.51));
#7786 = CIRCLE('',#7787,0.5);
#7787 = AXIS2_PLACEMENT_3D('',#7788,#7789,#7790);
#7788 = CARTESIAN_POINT('',(120.02,-67.72,1.51));
#7789 = DIRECTION('',(-0.,0.,-1.));
#7790 = DIRECTION('',(-0.,-1.,0.));
#7791 = FACE_BOUND('',#7792,.T.);
#7792 = EDGE_LOOP('',(#7793));
#7793 = ORIENTED_EDGE('',*,*,#7794,.T.);
#7794 = EDGE_CURVE('',#7795,#7795,#7797,.T.);
#7795 = VERTEX_POINT('',#7796);
#7796 = CARTESIAN_POINT('',(126.9,-68.95,1.51));
#7797 = CIRCLE('',#7798,0.55);
#7798 = AXIS2_PLACEMENT_3D('',#7799,#7800,#7801);
#7799 = CARTESIAN_POINT('',(126.9,-68.4,1.51));
#7800 = DIRECTION('',(-0.,0.,-1.));
#7801 = DIRECTION('',(-0.,-1.,0.));
#7802 = FACE_BOUND('',#7803,.T.);
#7803 = EDGE_LOOP('',(#7804));
#7804 = ORIENTED_EDGE('',*,*,#7805,.T.);
#7805 = EDGE_CURVE('',#7806,#7806,#7808,.T.);
#7806 = VERTEX_POINT('',#7807);
#7807 = CARTESIAN_POINT('',(131.4,-68.95,1.51));
#7808 = CIRCLE('',#7809,0.55);
#7809 = AXIS2_PLACEMENT_3D('',#7810,#7811,#7812);
#7810 = CARTESIAN_POINT('',(131.4,-68.4,1.51));
#7811 = DIRECTION('',(-0.,0.,-1.));
#7812 = DIRECTION('',(5.1675835328E-14,-1.,-0.));
#7813 = FACE_BOUND('',#7814,.T.);
#7814 = EDGE_LOOP('',(#7815));
#7815 = ORIENTED_EDGE('',*,*,#7816,.T.);
#7816 = EDGE_CURVE('',#7817,#7817,#7819,.T.);
#7817 = VERTEX_POINT('',#7818);
#7818 = CARTESIAN_POINT('',(126.9,-62.45,1.51));
#7819 = CIRCLE('',#7820,0.55);
#7820 = AXIS2_PLACEMENT_3D('',#7821,#7822,#7823);
#7821 = CARTESIAN_POINT('',(126.9,-61.9,1.51));
#7822 = DIRECTION('',(-0.,0.,-1.));
#7823 = DIRECTION('',(-0.,-1.,0.));
#7824 = FACE_BOUND('',#7825,.T.);
#7825 = EDGE_LOOP('',(#7826));
#7826 = ORIENTED_EDGE('',*,*,#7827,.T.);
#7827 = EDGE_CURVE('',#7828,#7828,#7830,.T.);
#7828 = VERTEX_POINT('',#7829);
#7829 = CARTESIAN_POINT('',(131.4,-62.45,1.51));
#7830 = CIRCLE('',#7831,0.55);
#7831 = AXIS2_PLACEMENT_3D('',#7832,#7833,#7834);
#7832 = CARTESIAN_POINT('',(131.4,-61.9,1.51));
#7833 = DIRECTION('',(-0.,0.,-1.));
#7834 = DIRECTION('',(5.1675835328E-14,-1.,-0.));
#7835 = FACE_BOUND('',#7836,.T.);
#7836 = EDGE_LOOP('',(#7837));
#7837 = ORIENTED_EDGE('',*,*,#7838,.T.);
#7838 = EDGE_CURVE('',#7839,#7839,#7841,.T.);
#7839 = VERTEX_POINT('',#7840);
#7840 = CARTESIAN_POINT('',(104.78,-52.98,1.51));
#7841 = CIRCLE('',#7842,0.5);
#7842 = AXIS2_PLACEMENT_3D('',#7843,#7844,#7845);
#7843 = CARTESIAN_POINT('',(104.78,-52.48,1.51));
#7844 = DIRECTION('',(-0.,0.,-1.));
#7845 = DIRECTION('',(-0.,-1.,0.));
#7846 = FACE_BOUND('',#7847,.T.);
#7847 = EDGE_LOOP('',(#7848));
#7848 = ORIENTED_EDGE('',*,*,#7849,.T.);
#7849 = EDGE_CURVE('',#7850,#7850,#7852,.T.);
#7850 = VERTEX_POINT('',#7851);
#7851 = CARTESIAN_POINT('',(107.32,-52.98,1.51));
#7852 = CIRCLE('',#7853,0.5);
#7853 = AXIS2_PLACEMENT_3D('',#7854,#7855,#7856);
#7854 = CARTESIAN_POINT('',(107.32,-52.48,1.51));
#7855 = DIRECTION('',(-0.,0.,-1.));
#7856 = DIRECTION('',(-0.,-1.,0.));
#7857 = FACE_BOUND('',#7858,.T.);
#7858 = EDGE_LOOP('',(#7859));
#7859 = ORIENTED_EDGE('',*,*,#7860,.T.);
#7860 = EDGE_CURVE('',#7861,#7861,#7863,.T.);
#7861 = VERTEX_POINT('',#7862);
#7862 = CARTESIAN_POINT('',(109.86,-52.98,1.51));
#7863 = CIRCLE('',#7864,0.5);
#7864 = AXIS2_PLACEMENT_3D('',#7865,#7866,#7867);
#7865 = CARTESIAN_POINT('',(109.86,-52.48,1.51));
#7866 = DIRECTION('',(-0.,0.,-1.));
#7867 = DIRECTION('',(-0.,-1.,0.));
#7868 = FACE_BOUND('',#7869,.T.);
#7869 = EDGE_LOOP('',(#7870));
#7870 = ORIENTED_EDGE('',*,*,#7871,.T.);
#7871 = EDGE_CURVE('',#7872,#7872,#7874,.T.);
#7872 = VERTEX_POINT('',#7873);
#7873 = CARTESIAN_POINT('',(112.4,-52.98,1.51));
#7874 = CIRCLE('',#7875,0.5);
#7875 = AXIS2_PLACEMENT_3D('',#7876,#7877,#7878);
#7876 = CARTESIAN_POINT('',(112.4,-52.48,1.51));
#7877 = DIRECTION('',(-0.,0.,-1.));
#7878 = DIRECTION('',(-0.,-1.,0.));
#7879 = FACE_BOUND('',#7880,.T.);
#7880 = EDGE_LOOP('',(#7881));
#7881 = ORIENTED_EDGE('',*,*,#7882,.T.);
#7882 = EDGE_CURVE('',#7883,#7883,#7885,.T.);
#7883 = VERTEX_POINT('',#7884);
#7884 = CARTESIAN_POINT('',(114.94,-52.98,1.51));
#7885 = CIRCLE('',#7886,0.5);
#7886 = AXIS2_PLACEMENT_3D('',#7887,#7888,#7889);
#7887 = CARTESIAN_POINT('',(114.94,-52.48,1.51));
#7888 = DIRECTION('',(-0.,0.,-1.));
#7889 = DIRECTION('',(-0.,-1.,0.));
#7890 = FACE_BOUND('',#7891,.T.);
#7891 = EDGE_LOOP('',(#7892));
#7892 = ORIENTED_EDGE('',*,*,#7893,.T.);
#7893 = EDGE_CURVE('',#7894,#7894,#7896,.T.);
#7894 = VERTEX_POINT('',#7895);
#7895 = CARTESIAN_POINT('',(117.48,-52.98,1.51));
#7896 = CIRCLE('',#7897,0.5);
#7897 = AXIS2_PLACEMENT_3D('',#7898,#7899,#7900);
#7898 = CARTESIAN_POINT('',(117.48,-52.48,1.51));
#7899 = DIRECTION('',(-0.,0.,-1.));
#7900 = DIRECTION('',(-0.,-1.,0.));
#7901 = FACE_BOUND('',#7902,.T.);
#7902 = EDGE_LOOP('',(#7903));
#7903 = ORIENTED_EDGE('',*,*,#7904,.T.);
#7904 = EDGE_CURVE('',#7905,#7905,#7907,.T.);
#7905 = VERTEX_POINT('',#7906);
#7906 = CARTESIAN_POINT('',(120.02,-52.98,1.51));
#7907 = CIRCLE('',#7908,0.5);
#7908 = AXIS2_PLACEMENT_3D('',#7909,#7910,#7911);
#7909 = CARTESIAN_POINT('',(120.02,-52.48,1.51));
#7910 = DIRECTION('',(-0.,0.,-1.));
#7911 = DIRECTION('',(-0.,-1.,0.));
#7912 = FACE_BOUND('',#7913,.T.);
#7913 = EDGE_LOOP('',(#7914));
#7914 = ORIENTED_EDGE('',*,*,#7915,.T.);
#7915 = EDGE_CURVE('',#7916,#7916,#7918,.T.);
#7916 = VERTEX_POINT('',#7917);
#7917 = CARTESIAN_POINT('',(136.8625,-57.,1.51));
#7918 = CIRCLE('',#7919,0.5);
#7919 = AXIS2_PLACEMENT_3D('',#7920,#7921,#7922);
#7920 = CARTESIAN_POINT('',(136.8625,-56.5,1.51));
#7921 = DIRECTION('',(-0.,0.,-1.));
#7922 = DIRECTION('',(-0.,-1.,0.));
#7923 = FACE_BOUND('',#7924,.T.);
#7924 = EDGE_LOOP('',(#7925));
#7925 = ORIENTED_EDGE('',*,*,#7926,.T.);
#7926 = EDGE_CURVE('',#7927,#7927,#7929,.T.);
#7927 = VERTEX_POINT('',#7928);
#7928 = CARTESIAN_POINT('',(136.8625,-54.46,1.51));
#7929 = CIRCLE('',#7930,0.5);
#7930 = AXIS2_PLACEMENT_3D('',#7931,#7932,#7933);
#7931 = CARTESIAN_POINT('',(136.8625,-53.96,1.51));
#7932 = DIRECTION('',(-0.,0.,-1.));
#7933 = DIRECTION('',(-0.,-1.,0.));
#7934 = PLANE('',#7935);
#7935 = AXIS2_PLACEMENT_3D('',#7936,#7937,#7938);
#7936 = CARTESIAN_POINT('',(0.,0.,1.51));
#7937 = DIRECTION('',(0.,0.,1.));
#7938 = DIRECTION('',(1.,0.,-0.));
#7939 = ADVANCED_FACE('',(#7940),#7946,.T.);
#7940 = FACE_BOUND('',#7941,.T.);
#7941 = EDGE_LOOP('',(#7942,#7943,#7944,#7945));
#7942 = ORIENTED_EDGE('',*,*,#7447,.T.);
#7943 = ORIENTED_EDGE('',*,*,#7708,.T.);
#7944 = ORIENTED_EDGE('',*,*,#7407,.F.);
#7945 = ORIENTED_EDGE('',*,*,#7471,.F.);
#7946 = PLANE('',#7947);
#7947 = AXIS2_PLACEMENT_3D('',#7948,#7949,#7950);
#7948 = CARTESIAN_POINT('',(100.,-49.9,0.));
#7949 = DIRECTION('',(0.,1.,0.));
#7950 = DIRECTION('',(1.,0.,0.));
#7951 = ADVANCED_FACE('',(#7952),#7963,.F.);
#7952 = FACE_BOUND('',#7953,.T.);
#7953 = EDGE_LOOP('',(#7954,#7955,#7961,#7962));
#7954 = ORIENTED_EDGE('',*,*,#7480,.T.);
#7955 = ORIENTED_EDGE('',*,*,#7956,.T.);
#7956 = EDGE_CURVE('',#7481,#7718,#7957,.T.);
#7957 = LINE('',#7958,#7959);
#7958 = CARTESIAN_POINT('',(104.78,-68.22,-4.6E-02));
#7959 = VECTOR('',#7960,1.);
#7960 = DIRECTION('',(0.,0.,1.));
#7961 = ORIENTED_EDGE('',*,*,#7717,.F.);
#7962 = ORIENTED_EDGE('',*,*,#7956,.F.);
#7963 = CYLINDRICAL_SURFACE('',#7964,0.5);
#7964 = AXIS2_PLACEMENT_3D('',#7965,#7966,#7967);
#7965 = CARTESIAN_POINT('',(104.78,-67.72,-4.6E-02));
#7966 = DIRECTION('',(-0.,-0.,-1.));
#7967 = DIRECTION('',(-0.,-1.,0.));
#7968 = ADVANCED_FACE('',(#7969),#7980,.F.);
#7969 = FACE_BOUND('',#7970,.T.);
#7970 = EDGE_LOOP('',(#7971,#7972,#7978,#7979));
#7971 = ORIENTED_EDGE('',*,*,#7491,.T.);
#7972 = ORIENTED_EDGE('',*,*,#7973,.T.);
#7973 = EDGE_CURVE('',#7492,#7729,#7974,.T.);
#7974 = LINE('',#7975,#7976);
#7975 = CARTESIAN_POINT('',(107.32,-68.22,-4.6E-02));
#7976 = VECTOR('',#7977,1.);
#7977 = DIRECTION('',(0.,0.,1.));
#7978 = ORIENTED_EDGE('',*,*,#7728,.F.);
#7979 = ORIENTED_EDGE('',*,*,#7973,.F.);
#7980 = CYLINDRICAL_SURFACE('',#7981,0.5);
#7981 = AXIS2_PLACEMENT_3D('',#7982,#7983,#7984);
#7982 = CARTESIAN_POINT('',(107.32,-67.72,-4.6E-02));
#7983 = DIRECTION('',(-0.,-0.,-1.));
#7984 = DIRECTION('',(-0.,-1.,0.));
#7985 = ADVANCED_FACE('',(#7986),#7997,.F.);
#7986 = FACE_BOUND('',#7987,.T.);
#7987 = EDGE_LOOP('',(#7988,#7989,#7995,#7996));
#7988 = ORIENTED_EDGE('',*,*,#7502,.T.);
#7989 = ORIENTED_EDGE('',*,*,#7990,.T.);
#7990 = EDGE_CURVE('',#7503,#7740,#7991,.T.);
#7991 = LINE('',#7992,#7993);
#7992 = CARTESIAN_POINT('',(109.86,-68.22,-4.6E-02));
#7993 = VECTOR('',#7994,1.);
#7994 = DIRECTION('',(0.,0.,1.));
#7995 = ORIENTED_EDGE('',*,*,#7739,.F.);
#7996 = ORIENTED_EDGE('',*,*,#7990,.F.);
#7997 = CYLINDRICAL_SURFACE('',#7998,0.5);
#7998 = AXIS2_PLACEMENT_3D('',#7999,#8000,#8001);
#7999 = CARTESIAN_POINT('',(109.86,-67.72,-4.6E-02));
#8000 = DIRECTION('',(-0.,-0.,-1.));
#8001 = DIRECTION('',(-0.,-1.,0.));
#8002 = ADVANCED_FACE('',(#8003),#8014,.F.);
#8003 = FACE_BOUND('',#8004,.T.);
#8004 = EDGE_LOOP('',(#8005,#8006,#8012,#8013));
#8005 = ORIENTED_EDGE('',*,*,#7513,.T.);
#8006 = ORIENTED_EDGE('',*,*,#8007,.T.);
#8007 = EDGE_CURVE('',#7514,#7751,#8008,.T.);
#8008 = LINE('',#8009,#8010);
#8009 = CARTESIAN_POINT('',(112.4,-68.22,-4.6E-02));
#8010 = VECTOR('',#8011,1.);
#8011 = DIRECTION('',(0.,0.,1.));
#8012 = ORIENTED_EDGE('',*,*,#7750,.F.);
#8013 = ORIENTED_EDGE('',*,*,#8007,.F.);
#8014 = CYLINDRICAL_SURFACE('',#8015,0.5);
#8015 = AXIS2_PLACEMENT_3D('',#8016,#8017,#8018);
#8016 = CARTESIAN_POINT('',(112.4,-67.72,-4.6E-02));
#8017 = DIRECTION('',(-0.,-0.,-1.));
#8018 = DIRECTION('',(-0.,-1.,0.));
#8019 = ADVANCED_FACE('',(#8020),#8031,.F.);
#8020 = FACE_BOUND('',#8021,.T.);
#8021 = EDGE_LOOP('',(#8022,#8023,#8029,#8030));
#8022 = ORIENTED_EDGE('',*,*,#7524,.T.);
#8023 = ORIENTED_EDGE('',*,*,#8024,.T.);
#8024 = EDGE_CURVE('',#7525,#7762,#8025,.T.);
#8025 = LINE('',#8026,#8027);
#8026 = CARTESIAN_POINT('',(114.94,-68.22,-4.6E-02));
#8027 = VECTOR('',#8028,1.);
#8028 = DIRECTION('',(0.,0.,1.));
#8029 = ORIENTED_EDGE('',*,*,#7761,.F.);
#8030 = ORIENTED_EDGE('',*,*,#8024,.F.);
#8031 = CYLINDRICAL_SURFACE('',#8032,0.5);
#8032 = AXIS2_PLACEMENT_3D('',#8033,#8034,#8035);
#8033 = CARTESIAN_POINT('',(114.94,-67.72,-4.6E-02));
#8034 = DIRECTION('',(-0.,-0.,-1.));
#8035 = DIRECTION('',(-0.,-1.,0.));
#8036 = ADVANCED_FACE('',(#8037),#8048,.F.);
#8037 = FACE_BOUND('',#8038,.T.);
#8038 = EDGE_LOOP('',(#8039,#8040,#8046,#8047));
#8039 = ORIENTED_EDGE('',*,*,#7535,.T.);
#8040 = ORIENTED_EDGE('',*,*,#8041,.T.);
#8041 = EDGE_CURVE('',#7536,#7773,#8042,.T.);
#8042 = LINE('',#8043,#8044);
#8043 = CARTESIAN_POINT('',(117.48,-68.22,-4.6E-02));
#8044 = VECTOR('',#8045,1.);
#8045 = DIRECTION('',(0.,0.,1.));
#8046 = ORIENTED_EDGE('',*,*,#7772,.F.);
#8047 = ORIENTED_EDGE('',*,*,#8041,.F.);
#8048 = CYLINDRICAL_SURFACE('',#8049,0.5);
#8049 = AXIS2_PLACEMENT_3D('',#8050,#8051,#8052);
#8050 = CARTESIAN_POINT('',(117.48,-67.72,-4.6E-02));
#8051 = DIRECTION('',(-0.,-0.,-1.));
#8052 = DIRECTION('',(-0.,-1.,0.));
#8053 = ADVANCED_FACE('',(#8054),#8065,.F.);
#8054 = FACE_BOUND('',#8055,.T.);
#8055 = EDGE_LOOP('',(#8056,#8057,#8063,#8064));
#8056 = ORIENTED_EDGE('',*,*,#7546,.T.);
#8057 = ORIENTED_EDGE('',*,*,#8058,.T.);
#8058 = EDGE_CURVE('',#7547,#7784,#8059,.T.);
#8059 = LINE('',#8060,#8061);
#8060 = CARTESIAN_POINT('',(120.02,-68.22,-4.6E-02));
#8061 = VECTOR('',#8062,1.);
#8062 = DIRECTION('',(0.,0.,1.));
#8063 = ORIENTED_EDGE('',*,*,#7783,.F.);
#8064 = ORIENTED_EDGE('',*,*,#8058,.F.);
#8065 = CYLINDRICAL_SURFACE('',#8066,0.5);
#8066 = AXIS2_PLACEMENT_3D('',#8067,#8068,#8069);
#8067 = CARTESIAN_POINT('',(120.02,-67.72,-4.6E-02));
#8068 = DIRECTION('',(-0.,-0.,-1.));
#8069 = DIRECTION('',(-0.,-1.,0.));
#8070 = ADVANCED_FACE('',(#8071),#8082,.F.);
#8071 = FACE_BOUND('',#8072,.T.);
#8072 = EDGE_LOOP('',(#8073,#8074,#8080,#8081));
#8073 = ORIENTED_EDGE('',*,*,#7557,.T.);
#8074 = ORIENTED_EDGE('',*,*,#8075,.T.);
#8075 = EDGE_CURVE('',#7558,#7795,#8076,.T.);
#8076 = LINE('',#8077,#8078);
#8077 = CARTESIAN_POINT('',(126.9,-68.95,-4.6E-02));
#8078 = VECTOR('',#8079,1.);
#8079 = DIRECTION('',(0.,0.,1.));
#8080 = ORIENTED_EDGE('',*,*,#7794,.F.);
#8081 = ORIENTED_EDGE('',*,*,#8075,.F.);
#8082 = CYLINDRICAL_SURFACE('',#8083,0.55);
#8083 = AXIS2_PLACEMENT_3D('',#8084,#8085,#8086);
#8084 = CARTESIAN_POINT('',(126.9,-68.4,-4.6E-02));
#8085 = DIRECTION('',(-0.,-0.,-1.));
#8086 = DIRECTION('',(-0.,-1.,0.));
#8087 = ADVANCED_FACE('',(#8088),#8099,.F.);
#8088 = FACE_BOUND('',#8089,.T.);
#8089 = EDGE_LOOP('',(#8090,#8091,#8097,#8098));
#8090 = ORIENTED_EDGE('',*,*,#7568,.T.);
#8091 = ORIENTED_EDGE('',*,*,#8092,.T.);
#8092 = EDGE_CURVE('',#7569,#7806,#8093,.T.);
#8093 = LINE('',#8094,#8095);
#8094 = CARTESIAN_POINT('',(131.4,-68.95,-4.6E-02));
#8095 = VECTOR('',#8096,1.);
#8096 = DIRECTION('',(0.,0.,1.));
#8097 = ORIENTED_EDGE('',*,*,#7805,.F.);
#8098 = ORIENTED_EDGE('',*,*,#8092,.F.);
#8099 = CYLINDRICAL_SURFACE('',#8100,0.55);
#8100 = AXIS2_PLACEMENT_3D('',#8101,#8102,#8103);
#8101 = CARTESIAN_POINT('',(131.4,-68.4,-4.6E-02));
#8102 = DIRECTION('',(-0.,0.,-1.));
#8103 = DIRECTION('',(5.1675835328E-14,-1.,-0.));
#8104 = ADVANCED_FACE('',(#8105),#8116,.F.);
#8105 = FACE_BOUND('',#8106,.T.);
#8106 = EDGE_LOOP('',(#8107,#8108,#8114,#8115));
#8107 = ORIENTED_EDGE('',*,*,#7579,.T.);
#8108 = ORIENTED_EDGE('',*,*,#8109,.T.);
#8109 = EDGE_CURVE('',#7580,#7817,#8110,.T.);
#8110 = LINE('',#8111,#8112);
#8111 = CARTESIAN_POINT('',(126.9,-62.45,-4.6E-02));
#8112 = VECTOR('',#8113,1.);
#8113 = DIRECTION('',(0.,0.,1.));
#8114 = ORIENTED_EDGE('',*,*,#7816,.F.);
#8115 = ORIENTED_EDGE('',*,*,#8109,.F.);
#8116 = CYLINDRICAL_SURFACE('',#8117,0.55);
#8117 = AXIS2_PLACEMENT_3D('',#8118,#8119,#8120);
#8118 = CARTESIAN_POINT('',(126.9,-61.9,-4.6E-02));
#8119 = DIRECTION('',(-0.,-0.,-1.));
#8120 = DIRECTION('',(-0.,-1.,0.));
#8121 = ADVANCED_FACE('',(#8122),#8133,.F.);
#8122 = FACE_BOUND('',#8123,.T.);
#8123 = EDGE_LOOP('',(#8124,#8125,#8131,#8132));
#8124 = ORIENTED_EDGE('',*,*,#7590,.T.);
#8125 = ORIENTED_EDGE('',*,*,#8126,.T.);
#8126 = EDGE_CURVE('',#7591,#7828,#8127,.T.);
#8127 = LINE('',#8128,#8129);
#8128 = CARTESIAN_POINT('',(131.4,-62.45,-4.6E-02));
#8129 = VECTOR('',#8130,1.);
#8130 = DIRECTION('',(0.,0.,1.));
#8131 = ORIENTED_EDGE('',*,*,#7827,.F.);
#8132 = ORIENTED_EDGE('',*,*,#8126,.F.);
#8133 = CYLINDRICAL_SURFACE('',#8134,0.55);
#8134 = AXIS2_PLACEMENT_3D('',#8135,#8136,#8137);
#8135 = CARTESIAN_POINT('',(131.4,-61.9,-4.6E-02));
#8136 = DIRECTION('',(-0.,0.,-1.));
#8137 = DIRECTION('',(5.1675835328E-14,-1.,-0.));
#8138 = ADVANCED_FACE('',(#8139),#8150,.F.);
#8139 = FACE_BOUND('',#8140,.T.);
#8140 = EDGE_LOOP('',(#8141,#8142,#8148,#8149));
#8141 = ORIENTED_EDGE('',*,*,#7601,.T.);
#8142 = ORIENTED_EDGE('',*,*,#8143,.T.);
#8143 = EDGE_CURVE('',#7602,#7839,#8144,.T.);
#8144 = LINE('',#8145,#8146);
#8145 = CARTESIAN_POINT('',(104.78,-52.98,-4.6E-02));
#8146 = VECTOR('',#8147,1.);
#8147 = DIRECTION('',(0.,0.,1.));
#8148 = ORIENTED_EDGE('',*,*,#7838,.F.);
#8149 = ORIENTED_EDGE('',*,*,#8143,.F.);
#8150 = CYLINDRICAL_SURFACE('',#8151,0.5);
#8151 = AXIS2_PLACEMENT_3D('',#8152,#8153,#8154);
#8152 = CARTESIAN_POINT('',(104.78,-52.48,-4.6E-02));
#8153 = DIRECTION('',(-0.,-0.,-1.));
#8154 = DIRECTION('',(-0.,-1.,0.));
#8155 = ADVANCED_FACE('',(#8156),#8167,.F.);
#8156 = FACE_BOUND('',#8157,.T.);
#8157 = EDGE_LOOP('',(#8158,#8159,#8165,#8166));
#8158 = ORIENTED_EDGE('',*,*,#7612,.T.);
#8159 = ORIENTED_EDGE('',*,*,#8160,.T.);
#8160 = EDGE_CURVE('',#7613,#7850,#8161,.T.);
#8161 = LINE('',#8162,#8163);
#8162 = CARTESIAN_POINT('',(107.32,-52.98,-4.6E-02));
#8163 = VECTOR('',#8164,1.);
#8164 = DIRECTION('',(0.,0.,1.));
#8165 = ORIENTED_EDGE('',*,*,#7849,.F.);
#8166 = ORIENTED_EDGE('',*,*,#8160,.F.);
#8167 = CYLINDRICAL_SURFACE('',#8168,0.5);
#8168 = AXIS2_PLACEMENT_3D('',#8169,#8170,#8171);
#8169 = CARTESIAN_POINT('',(107.32,-52.48,-4.6E-02));
#8170 = DIRECTION('',(-0.,-0.,-1.));
#8171 = DIRECTION('',(-0.,-1.,0.));
#8172 = ADVANCED_FACE('',(#8173),#8184,.F.);
#8173 = FACE_BOUND('',#8174,.T.);
#8174 = EDGE_LOOP('',(#8175,#8176,#8182,#8183));
#8175 = ORIENTED_EDGE('',*,*,#7623,.T.);
#8176 = ORIENTED_EDGE('',*,*,#8177,.T.);
#8177 = EDGE_CURVE('',#7624,#7861,#8178,.T.);
#8178 = LINE('',#8179,#8180);
#8179 = CARTESIAN_POINT('',(109.86,-52.98,-4.6E-02));
#8180 = VECTOR('',#8181,1.);
#8181 = DIRECTION('',(0.,0.,1.));
#8182 = ORIENTED_EDGE('',*,*,#7860,.F.);
#8183 = ORIENTED_EDGE('',*,*,#8177,.F.);
#8184 = CYLINDRICAL_SURFACE('',#8185,0.5);
#8185 = AXIS2_PLACEMENT_3D('',#8186,#8187,#8188);
#8186 = CARTESIAN_POINT('',(109.86,-52.48,-4.6E-02));
#8187 = DIRECTION('',(-0.,-0.,-1.));
#8188 = DIRECTION('',(-0.,-1.,0.));
#8189 = ADVANCED_FACE('',(#8190),#8201,.F.);
#8190 = FACE_BOUND('',#8191,.T.);
#8191 = EDGE_LOOP('',(#8192,#8193,#8199,#8200));
#8192 = ORIENTED_EDGE('',*,*,#7634,.T.);
#8193 = ORIENTED_EDGE('',*,*,#8194,.T.);
#8194 = EDGE_CURVE('',#7635,#7872,#8195,.T.);
#8195 = LINE('',#8196,#8197);
#8196 = CARTESIAN_POINT('',(112.4,-52.98,-4.6E-02));
#8197 = VECTOR('',#8198,1.);
#8198 = DIRECTION('',(0.,0.,1.));
#8199 = ORIENTED_EDGE('',*,*,#7871,.F.);
#8200 = ORIENTED_EDGE('',*,*,#8194,.F.);
#8201 = CYLINDRICAL_SURFACE('',#8202,0.5);
#8202 = AXIS2_PLACEMENT_3D('',#8203,#8204,#8205);
#8203 = CARTESIAN_POINT('',(112.4,-52.48,-4.6E-02));
#8204 = DIRECTION('',(-0.,-0.,-1.));
#8205 = DIRECTION('',(-0.,-1.,0.));
#8206 = ADVANCED_FACE('',(#8207),#8218,.F.);
#8207 = FACE_BOUND('',#8208,.T.);
#8208 = EDGE_LOOP('',(#8209,#8210,#8216,#8217));
#8209 = ORIENTED_EDGE('',*,*,#7645,.T.);
#8210 = ORIENTED_EDGE('',*,*,#8211,.T.);
#8211 = EDGE_CURVE('',#7646,#7883,#8212,.T.);
#8212 = LINE('',#8213,#8214);
#8213 = CARTESIAN_POINT('',(114.94,-52.98,-4.6E-02));
#8214 = VECTOR('',#8215,1.);
#8215 = DIRECTION('',(0.,0.,1.));
#8216 = ORIENTED_EDGE('',*,*,#7882,.F.);
#8217 = ORIENTED_EDGE('',*,*,#8211,.F.);
#8218 = CYLINDRICAL_SURFACE('',#8219,0.5);
#8219 = AXIS2_PLACEMENT_3D('',#8220,#8221,#8222);
#8220 = CARTESIAN_POINT('',(114.94,-52.48,-4.6E-02));
#8221 = DIRECTION('',(-0.,-0.,-1.));
#8222 = DIRECTION('',(-0.,-1.,0.));
#8223 = ADVANCED_FACE('',(#8224),#8235,.F.);
#8224 = FACE_BOUND('',#8225,.T.);
#8225 = EDGE_LOOP('',(#8226,#8227,#8233,#8234));
#8226 = ORIENTED_EDGE('',*,*,#7656,.T.);
#8227 = ORIENTED_EDGE('',*,*,#8228,.T.);
#8228 = EDGE_CURVE('',#7657,#7894,#8229,.T.);
#8229 = LINE('',#8230,#8231);
#8230 = CARTESIAN_POINT('',(117.48,-52.98,-4.6E-02));
#8231 = VECTOR('',#8232,1.);
#8232 = DIRECTION('',(0.,0.,1.));
#8233 = ORIENTED_EDGE('',*,*,#7893,.F.);
#8234 = ORIENTED_EDGE('',*,*,#8228,.F.);
#8235 = CYLINDRICAL_SURFACE('',#8236,0.5);
#8236 = AXIS2_PLACEMENT_3D('',#8237,#8238,#8239);
#8237 = CARTESIAN_POINT('',(117.48,-52.48,-4.6E-02));
#8238 = DIRECTION('',(-0.,-0.,-1.));
#8239 = DIRECTION('',(-0.,-1.,0.));
#8240 = ADVANCED_FACE('',(#8241),#8252,.F.);
#8241 = FACE_BOUND('',#8242,.T.);
#8242 = EDGE_LOOP('',(#8243,#8244,#8250,#8251));
#8243 = ORIENTED_EDGE('',*,*,#7667,.T.);
#8244 = ORIENTED_EDGE('',*,*,#8245,.T.);
#8245 = EDGE_CURVE('',#7668,#7905,#8246,.T.);
#8246 = LINE('',#8247,#8248);
#8247 = CARTESIAN_POINT('',(120.02,-52.98,-4.6E-02));
#8248 = VECTOR('',#8249,1.);
#8249 = DIRECTION('',(0.,0.,1.));
#8250 = ORIENTED_EDGE('',*,*,#7904,.F.);
#8251 = ORIENTED_EDGE('',*,*,#8245,.F.);
#8252 = CYLINDRICAL_SURFACE('',#8253,0.5);
#8253 = AXIS2_PLACEMENT_3D('',#8254,#8255,#8256);
#8254 = CARTESIAN_POINT('',(120.02,-52.48,-4.6E-02));
#8255 = DIRECTION('',(-0.,-0.,-1.));
#8256 = DIRECTION('',(-0.,-1.,0.));
#8257 = ADVANCED_FACE('',(#8258),#8269,.F.);
#8258 = FACE_BOUND('',#8259,.T.);
#8259 = EDGE_LOOP('',(#8260,#8261,#8267,#8268));
#8260 = ORIENTED_EDGE('',*,*,#7678,.T.);
#8261 = ORIENTED_EDGE('',*,*,#8262,.T.);
#8262 = EDGE_CURVE('',#7679,#7916,#8263,.T.);
#8263 = LINE('',#8264,#8265);
#8264 = CARTESIAN_POINT('',(136.8625,-57.,-4.6E-02));
#8265 = VECTOR('',#8266,1.);
#8266 = DIRECTION('',(0.,0.,1.));
#8267 = ORIENTED_EDGE('',*,*,#7915,.F.);
#8268 = ORIENTED_EDGE('',*,*,#8262,.F.);
#8269 = CYLINDRICAL_SURFACE('',#8270,0.5);
#8270 = AXIS2_PLACEMENT_3D('',#8271,#8272,#8273);
#8271 = CARTESIAN_POINT('',(136.8625,-56.5,-4.6E-02));
#8272 = DIRECTION('',(-0.,-0.,-1.));
#8273 = DIRECTION('',(-0.,-1.,0.));
#8274 = ADVANCED_FACE('',(#8275),#8286,.F.);
#8275 = FACE_BOUND('',#8276,.T.);
#8276 = EDGE_LOOP('',(#8277,#8278,#8284,#8285));
#8277 = ORIENTED_EDGE('',*,*,#7689,.T.);
#8278 = ORIENTED_EDGE('',*,*,#8279,.T.);
#8279 = EDGE_CURVE('',#7690,#7927,#8280,.T.);
#8280 = LINE('',#8281,#8282);
#8281 = CARTESIAN_POINT('',(136.8625,-54.46,-4.6E-02));
#8282 = VECTOR('',#8283,1.);
#8283 = DIRECTION('',(0.,0.,1.));
#8284 = ORIENTED_EDGE('',*,*,#7926,.F.);
#8285 = ORIENTED_EDGE('',*,*,#8279,.F.);
#8286 = CYLINDRICAL_SURFACE('',#8287,0.5);
#8287 = AXIS2_PLACEMENT_3D('',#8288,#8289,#8290);
#8288 = CARTESIAN_POINT('',(136.8625,-53.96,-4.6E-02));
#8289 = DIRECTION('',(-0.,-0.,-1.));
#8290 = DIRECTION('',(-0.,-1.,0.));
#8291 = ( GEOMETRIC_REPRESENTATION_CONTEXT(3) 
GLOBAL_UNCERTAINTY_ASSIGNED_CONTEXT((#8295)) 
GLOBAL_UNIT_ASSIGNED_CONTEXT((#8292,#8293,#8294)) REPRESENTATION_CONTEXT
('Context #1','3D Context with UNIT and UNCERTAINTY') );
#8292 = ( LENGTH_UNIT() NAMED_UNIT(*) SI_UNIT(.MILLI.,.METRE.) );
#8293 = ( NAMED_UNIT(*) PLANE_ANGLE_UNIT() SI_UNIT($,.RADIAN.) );
#8294 = ( NAMED_UNIT(*) SI_UNIT($,.STERADIAN.) SOLID_ANGLE_UNIT() );
#8295 = UNCERTAINTY_MEASURE_WITH_UNIT(LENGTH_MEASURE(1.E-07),#8292,
  'distance_accuracy_value','confusion accuracy');
#8296 = CONTEXT_DEPENDENT_SHAPE_REPRESENTATION(#8297,#8299);
#8297 = ( REPRESENTATION_RELATIONSHIP('','',#7360,#10) 
REPRESENTATION_RELATIONSHIP_WITH_TRANSFORMATION(#8298) 
SHAPE_REPRESENTATION_RELATIONSHIP() );
#8298 = ITEM_DEFINED_TRANSFORMATION('','',#11,#59);
#8299 = PRODUCT_DEFINITION_SHAPE('Placement','Placement of an item',
  #8300);
#8300 = NEXT_ASSEMBLY_USAGE_OCCURRENCE('12','=>[0:1:1:7]','',#5,#7355,$
  );
#8301 = PRODUCT_RELATED_PRODUCT_CATEGORY('part',$,(#7357));
#8302 = MECHANICAL_DESIGN_GEOMETRIC_PRESENTATION_REPRESENTATION('',(
    #8303,#8311,#8318,#8325,#8332,#8339,#8346,#8353,#8361,#8368,#8375,
    #8382,#8389,#8396,#8404,#8411,#8418,#8425,#8432,#8439,#8446,#8453,
    #8460,#8467,#8474,#8481),#2613);
#8303 = STYLED_ITEM('color',(#8304),#1825);
#8304 = PRESENTATION_STYLE_ASSIGNMENT((#8305));
#8305 = SURFACE_STYLE_USAGE(.BOTH.,#8306);
#8306 = SURFACE_SIDE_STYLE('',(#8307));
#8307 = SURFACE_STYLE_FILL_AREA(#8308);
#8308 = FILL_AREA_STYLE('',(#8309));
#8309 = FILL_AREA_STYLE_COLOUR('',#8310);
#8310 = COLOUR_RGB('',0.823999987314,0.819999987296,0.781000009244);
#8311 = STYLED_ITEM('color',(#8312),#1865);
#8312 = PRESENTATION_STYLE_ASSIGNMENT((#8313));
#8313 = SURFACE_STYLE_USAGE(.BOTH.,#8314);
#8314 = SURFACE_SIDE_STYLE('',(#8315));
#8315 = SURFACE_STYLE_FILL_AREA(#8316);
#8316 = FILL_AREA_STYLE('',(#8317));
#8317 = FILL_AREA_STYLE_COLOUR('',#8310);
#8318 = STYLED_ITEM('color',(#8319),#1948);
#8319 = PRESENTATION_STYLE_ASSIGNMENT((#8320));
#8320 = SURFACE_STYLE_USAGE(.BOTH.,#8321);
#8321 = SURFACE_SIDE_STYLE('',(#8322));
#8322 = SURFACE_STYLE_FILL_AREA(#8323);
#8323 = FILL_AREA_STYLE('',(#8324));
#8324 = FILL_AREA_STYLE_COLOUR('',#8310);
#8325 = STYLED_ITEM('color',(#8326),#1973);
#8326 = PRESENTATION_STYLE_ASSIGNMENT((#8327));
#8327 = SURFACE_STYLE_USAGE(.BOTH.,#8328);
#8328 = SURFACE_SIDE_STYLE('',(#8329));
#8329 = SURFACE_STYLE_FILL_AREA(#8330);
#8330 = FILL_AREA_STYLE('',(#8331));
#8331 = FILL_AREA_STYLE_COLOUR('',#8310);
#8332 = STYLED_ITEM('color',(#8333),#1998);
#8333 = PRESENTATION_STYLE_ASSIGNMENT((#8334));
#8334 = SURFACE_STYLE_USAGE(.BOTH.,#8335);
#8335 = SURFACE_SIDE_STYLE('',(#8336));
#8336 = SURFACE_STYLE_FILL_AREA(#8337);
#8337 = FILL_AREA_STYLE('',(#8338));
#8338 = FILL_AREA_STYLE_COLOUR('',#8310);
#8339 = STYLED_ITEM('color',(#8340),#2065);
#8340 = PRESENTATION_STYLE_ASSIGNMENT((#8341));
#8341 = SURFACE_STYLE_USAGE(.BOTH.,#8342);
#8342 = SURFACE_SIDE_STYLE('',(#8343));
#8343 = SURFACE_STYLE_FILL_AREA(#8344);
#8344 = FILL_AREA_STYLE('',(#8345));
#8345 = FILL_AREA_STYLE_COLOUR('',#8310);
#8346 = STYLED_ITEM('color',(#8347),#2082);
#8347 = PRESENTATION_STYLE_ASSIGNMENT((#8348));
#8348 = SURFACE_STYLE_USAGE(.BOTH.,#8349);
#8349 = SURFACE_SIDE_STYLE('',(#8350));
#8350 = SURFACE_STYLE_FILL_AREA(#8351);
#8351 = FILL_AREA_STYLE('',(#8352));
#8352 = FILL_AREA_STYLE_COLOUR('',#8310);
#8353 = STYLED_ITEM('color',(#8354),#2099);
#8354 = PRESENTATION_STYLE_ASSIGNMENT((#8355));
#8355 = SURFACE_STYLE_USAGE(.BOTH.,#8356);
#8356 = SURFACE_SIDE_STYLE('',(#8357));
#8357 = SURFACE_STYLE_FILL_AREA(#8358);
#8358 = FILL_AREA_STYLE('',(#8359));
#8359 = FILL_AREA_STYLE_COLOUR('',#8360);
#8360 = COLOUR_RGB('',0.894999966383,0.890999961016,0.813000030345);
#8361 = STYLED_ITEM('color',(#8362),#2148);
#8362 = PRESENTATION_STYLE_ASSIGNMENT((#8363));
#8363 = SURFACE_STYLE_USAGE(.BOTH.,#8364);
#8364 = SURFACE_SIDE_STYLE('',(#8365));
#8365 = SURFACE_STYLE_FILL_AREA(#8366);
#8366 = FILL_AREA_STYLE('',(#8367));
#8367 = FILL_AREA_STYLE_COLOUR('',#8310);
#8368 = STYLED_ITEM('color',(#8369),#2165);
#8369 = PRESENTATION_STYLE_ASSIGNMENT((#8370));
#8370 = SURFACE_STYLE_USAGE(.BOTH.,#8371);
#8371 = SURFACE_SIDE_STYLE('',(#8372));
#8372 = SURFACE_STYLE_FILL_AREA(#8373);
#8373 = FILL_AREA_STYLE('',(#8374));
#8374 = FILL_AREA_STYLE_COLOUR('',#8310);
#8375 = STYLED_ITEM('color',(#8376),#2182);
#8376 = PRESENTATION_STYLE_ASSIGNMENT((#8377));
#8377 = SURFACE_STYLE_USAGE(.BOTH.,#8378);
#8378 = SURFACE_SIDE_STYLE('',(#8379));
#8379 = SURFACE_STYLE_FILL_AREA(#8380);
#8380 = FILL_AREA_STYLE('',(#8381));
#8381 = FILL_AREA_STYLE_COLOUR('',#8360);
#8382 = STYLED_ITEM('color',(#8383),#2231);
#8383 = PRESENTATION_STYLE_ASSIGNMENT((#8384));
#8384 = SURFACE_STYLE_USAGE(.BOTH.,#8385);
#8385 = SURFACE_SIDE_STYLE('',(#8386));
#8386 = SURFACE_STYLE_FILL_AREA(#8387);
#8387 = FILL_AREA_STYLE('',(#8388));
#8388 = FILL_AREA_STYLE_COLOUR('',#8360);
#8389 = STYLED_ITEM('color',(#8390),#2248);
#8390 = PRESENTATION_STYLE_ASSIGNMENT((#8391));
#8391 = SURFACE_STYLE_USAGE(.BOTH.,#8392);
#8392 = SURFACE_SIDE_STYLE('',(#8393));
#8393 = SURFACE_STYLE_FILL_AREA(#8394);
#8394 = FILL_AREA_STYLE('',(#8395));
#8395 = FILL_AREA_STYLE_COLOUR('',#8310);
#8396 = STYLED_ITEM('color',(#8397),#2317);
#8397 = PRESENTATION_STYLE_ASSIGNMENT((#8398));
#8398 = SURFACE_STYLE_USAGE(.BOTH.,#8399);
#8399 = SURFACE_SIDE_STYLE('',(#8400));
#8400 = SURFACE_STYLE_FILL_AREA(#8401);
#8401 = FILL_AREA_STYLE('',(#8402));
#8402 = FILL_AREA_STYLE_COLOUR('',#8403);
#8403 = COLOUR_RGB('',8.200000279077E-02,8.600000121357E-02,
  9.399999706163E-02);
#8404 = STYLED_ITEM('color',(#8405),#2348);
#8405 = PRESENTATION_STYLE_ASSIGNMENT((#8406));
#8406 = SURFACE_STYLE_USAGE(.BOTH.,#8407);
#8407 = SURFACE_SIDE_STYLE('',(#8408));
#8408 = SURFACE_STYLE_FILL_AREA(#8409);
#8409 = FILL_AREA_STYLE('',(#8410));
#8410 = FILL_AREA_STYLE_COLOUR('',#8403);
#8411 = STYLED_ITEM('color',(#8412),#2372);
#8412 = PRESENTATION_STYLE_ASSIGNMENT((#8413));
#8413 = SURFACE_STYLE_USAGE(.BOTH.,#8414);
#8414 = SURFACE_SIDE_STYLE('',(#8415));
#8415 = SURFACE_STYLE_FILL_AREA(#8416);
#8416 = FILL_AREA_STYLE('',(#8417));
#8417 = FILL_AREA_STYLE_COLOUR('',#8310);
#8418 = STYLED_ITEM('color',(#8419),#2441);
#8419 = PRESENTATION_STYLE_ASSIGNMENT((#8420));
#8420 = SURFACE_STYLE_USAGE(.BOTH.,#8421);
#8421 = SURFACE_SIDE_STYLE('',(#8422));
#8422 = SURFACE_STYLE_FILL_AREA(#8423);
#8423 = FILL_AREA_STYLE('',(#8424));
#8424 = FILL_AREA_STYLE_COLOUR('',#8403);
#8425 = STYLED_ITEM('color',(#8426),#2465);
#8426 = PRESENTATION_STYLE_ASSIGNMENT((#8427));
#8427 = SURFACE_STYLE_USAGE(.BOTH.,#8428);
#8428 = SURFACE_SIDE_STYLE('',(#8429));
#8429 = SURFACE_STYLE_FILL_AREA(#8430);
#8430 = FILL_AREA_STYLE('',(#8431));
#8431 = FILL_AREA_STYLE_COLOUR('',#8310);
#8432 = STYLED_ITEM('color',(#8433),#2482);
#8433 = PRESENTATION_STYLE_ASSIGNMENT((#8434));
#8434 = SURFACE_STYLE_USAGE(.BOTH.,#8435);
#8435 = SURFACE_SIDE_STYLE('',(#8436));
#8436 = SURFACE_STYLE_FILL_AREA(#8437);
#8437 = FILL_AREA_STYLE('',(#8438));
#8438 = FILL_AREA_STYLE_COLOUR('',#8310);
#8439 = STYLED_ITEM('color',(#8440),#2499);
#8440 = PRESENTATION_STYLE_ASSIGNMENT((#8441));
#8441 = SURFACE_STYLE_USAGE(.BOTH.,#8442);
#8442 = SURFACE_SIDE_STYLE('',(#8443));
#8443 = SURFACE_STYLE_FILL_AREA(#8444);
#8444 = FILL_AREA_STYLE('',(#8445));
#8445 = FILL_AREA_STYLE_COLOUR('',#8310);
#8446 = STYLED_ITEM('color',(#8447),#2516);
#8447 = PRESENTATION_STYLE_ASSIGNMENT((#8448));
#8448 = SURFACE_STYLE_USAGE(.BOTH.,#8449);
#8449 = SURFACE_SIDE_STYLE('',(#8450));
#8450 = SURFACE_STYLE_FILL_AREA(#8451);
#8451 = FILL_AREA_STYLE('',(#8452));
#8452 = FILL_AREA_STYLE_COLOUR('',#8310);
#8453 = STYLED_ITEM('color',(#8454),#2533);
#8454 = PRESENTATION_STYLE_ASSIGNMENT((#8455));
#8455 = SURFACE_STYLE_USAGE(.BOTH.,#8456);
#8456 = SURFACE_SIDE_STYLE('',(#8457));
#8457 = SURFACE_STYLE_FILL_AREA(#8458);
#8458 = FILL_AREA_STYLE('',(#8459));
#8459 = FILL_AREA_STYLE_COLOUR('',#8310);
#8460 = STYLED_ITEM('color',(#8461),#2550);
#8461 = PRESENTATION_STYLE_ASSIGNMENT((#8462));
#8462 = SURFACE_STYLE_USAGE(.BOTH.,#8463);
#8463 = SURFACE_SIDE_STYLE('',(#8464));
#8464 = SURFACE_STYLE_FILL_AREA(#8465);
#8465 = FILL_AREA_STYLE('',(#8466));
#8466 = FILL_AREA_STYLE_COLOUR('',#8310);
#8467 = STYLED_ITEM('color',(#8468),#2567);
#8468 = PRESENTATION_STYLE_ASSIGNMENT((#8469));
#8469 = SURFACE_STYLE_USAGE(.BOTH.,#8470);
#8470 = SURFACE_SIDE_STYLE('',(#8471));
#8471 = SURFACE_STYLE_FILL_AREA(#8472);
#8472 = FILL_AREA_STYLE('',(#8473));
#8473 = FILL_AREA_STYLE_COLOUR('',#8310);
#8474 = STYLED_ITEM('color',(#8475),#2584);
#8475 = PRESENTATION_STYLE_ASSIGNMENT((#8476));
#8476 = SURFACE_STYLE_USAGE(.BOTH.,#8477);
#8477 = SURFACE_SIDE_STYLE('',(#8478));
#8478 = SURFACE_STYLE_FILL_AREA(#8479);
#8479 = FILL_AREA_STYLE('',(#8480));
#8480 = FILL_AREA_STYLE_COLOUR('',#8403);
#8481 = STYLED_ITEM('color',(#8482),#2601);
#8482 = PRESENTATION_STYLE_ASSIGNMENT((#8483));
#8483 = SURFACE_STYLE_USAGE(.BOTH.,#8484);
#8484 = SURFACE_SIDE_STYLE('',(#8485));
#8485 = SURFACE_STYLE_FILL_AREA(#8486);
#8486 = FILL_AREA_STYLE('',(#8487));
#8487 = FILL_AREA_STYLE_COLOUR('',#8403);
#8488 = MECHANICAL_DESIGN_GEOMETRIC_PRESENTATION_REPRESENTATION('',(
    #8489),#8291);
#8489 = STYLED_ITEM('color',(#8490),#7361);
#8490 = PRESENTATION_STYLE_ASSIGNMENT((#8491));
#8491 = SURFACE_STYLE_USAGE(.BOTH.,#8492);
#8492 = SURFACE_SIDE_STYLE('',(#8493));
#8493 = SURFACE_STYLE_FILL_AREA(#8494);
#8494 = FILL_AREA_STYLE('',(#8495));
#8495 = FILL_AREA_STYLE_COLOUR('',#8496);
#8496 = COLOUR_RGB('',0.313304153717,0.484529207832,0.410020903123);
#8497 = MECHANICAL_DESIGN_GEOMETRIC_PRESENTATION_REPRESENTATION('',(
    #8498,#8505,#8512,#8519,#8526,#8533,#8540,#8547,#8554,#8561,#8568,
    #8576,#8583,#8590,#8597,#8604,#8611,#8618,#8625,#8632,#8639,#8646,
    #8653,#8660,#8667,#8674,#8681,#8688),#1804);
#8498 = STYLED_ITEM('color',(#8499),#952);
#8499 = PRESENTATION_STYLE_ASSIGNMENT((#8500));
#8500 = SURFACE_STYLE_USAGE(.BOTH.,#8501);
#8501 = SURFACE_SIDE_STYLE('',(#8502));
#8502 = SURFACE_STYLE_FILL_AREA(#8503);
#8503 = FILL_AREA_STYLE('',(#8504));
#8504 = FILL_AREA_STYLE_COLOUR('',#8310);
#8505 = STYLED_ITEM('color',(#8506),#1028);
#8506 = PRESENTATION_STYLE_ASSIGNMENT((#8507));
#8507 = SURFACE_STYLE_USAGE(.BOTH.,#8508);
#8508 = SURFACE_SIDE_STYLE('',(#8509));
#8509 = SURFACE_STYLE_FILL_AREA(#8510);
#8510 = FILL_AREA_STYLE('',(#8511));
#8511 = FILL_AREA_STYLE_COLOUR('',#8310);
#8512 = STYLED_ITEM('color',(#8513),#1059);
#8513 = PRESENTATION_STYLE_ASSIGNMENT((#8514));
#8514 = SURFACE_STYLE_USAGE(.BOTH.,#8515);
#8515 = SURFACE_SIDE_STYLE('',(#8516));
#8516 = SURFACE_STYLE_FILL_AREA(#8517);
#8517 = FILL_AREA_STYLE('',(#8518));
#8518 = FILL_AREA_STYLE_COLOUR('',#8310);
#8519 = STYLED_ITEM('color',(#8520),#1084);
#8520 = PRESENTATION_STYLE_ASSIGNMENT((#8521));
#8521 = SURFACE_STYLE_USAGE(.BOTH.,#8522);
#8522 = SURFACE_SIDE_STYLE('',(#8523));
#8523 = SURFACE_STYLE_FILL_AREA(#8524);
#8524 = FILL_AREA_STYLE('',(#8525));
#8525 = FILL_AREA_STYLE_COLOUR('',#8310);
#8526 = STYLED_ITEM('color',(#8527),#1109);
#8527 = PRESENTATION_STYLE_ASSIGNMENT((#8528));
#8528 = SURFACE_STYLE_USAGE(.BOTH.,#8529);
#8529 = SURFACE_SIDE_STYLE('',(#8530));
#8530 = SURFACE_STYLE_FILL_AREA(#8531);
#8531 = FILL_AREA_STYLE('',(#8532));
#8532 = FILL_AREA_STYLE_COLOUR('',#8310);
#8533 = STYLED_ITEM('color',(#8534),#1133);
#8534 = PRESENTATION_STYLE_ASSIGNMENT((#8535));
#8535 = SURFACE_STYLE_USAGE(.BOTH.,#8536);
#8536 = SURFACE_SIDE_STYLE('',(#8537));
#8537 = SURFACE_STYLE_FILL_AREA(#8538);
#8538 = FILL_AREA_STYLE('',(#8539));
#8539 = FILL_AREA_STYLE_COLOUR('',#8310);
#8540 = STYLED_ITEM('color',(#8541),#1157);
#8541 = PRESENTATION_STYLE_ASSIGNMENT((#8542));
#8542 = SURFACE_STYLE_USAGE(.BOTH.,#8543);
#8543 = SURFACE_SIDE_STYLE('',(#8544));
#8544 = SURFACE_STYLE_FILL_AREA(#8545);
#8545 = FILL_AREA_STYLE('',(#8546));
#8546 = FILL_AREA_STYLE_COLOUR('',#8310);
#8547 = STYLED_ITEM('color',(#8548),#1182);
#8548 = PRESENTATION_STYLE_ASSIGNMENT((#8549));
#8549 = SURFACE_STYLE_USAGE(.BOTH.,#8550);
#8550 = SURFACE_SIDE_STYLE('',(#8551));
#8551 = SURFACE_STYLE_FILL_AREA(#8552);
#8552 = FILL_AREA_STYLE('',(#8553));
#8553 = FILL_AREA_STYLE_COLOUR('',#8310);
#8554 = STYLED_ITEM('color',(#8555),#1207);
#8555 = PRESENTATION_STYLE_ASSIGNMENT((#8556));
#8556 = SURFACE_STYLE_USAGE(.BOTH.,#8557);
#8557 = SURFACE_SIDE_STYLE('',(#8558));
#8558 = SURFACE_STYLE_FILL_AREA(#8559);
#8559 = FILL_AREA_STYLE('',(#8560));
#8560 = FILL_AREA_STYLE_COLOUR('',#8310);
#8561 = STYLED_ITEM('color',(#8562),#1224);
#8562 = PRESENTATION_STYLE_ASSIGNMENT((#8563));
#8563 = SURFACE_STYLE_USAGE(.BOTH.,#8564);
#8564 = SURFACE_SIDE_STYLE('',(#8565));
#8565 = SURFACE_STYLE_FILL_AREA(#8566);
#8566 = FILL_AREA_STYLE('',(#8567));
#8567 = FILL_AREA_STYLE_COLOUR('',#8310);
#8568 = STYLED_ITEM('color',(#8569),#1310);
#8569 = PRESENTATION_STYLE_ASSIGNMENT((#8570));
#8570 = SURFACE_STYLE_USAGE(.BOTH.,#8571);
#8571 = SURFACE_SIDE_STYLE('',(#8572));
#8572 = SURFACE_STYLE_FILL_AREA(#8573);
#8573 = FILL_AREA_STYLE('',(#8574));
#8574 = FILL_AREA_STYLE_COLOUR('',#8575);
#8575 = COLOUR_RGB('',0.272999999305,0.272999999305,0.272999999305);
#8576 = STYLED_ITEM('color',(#8577),#1342);
#8577 = PRESENTATION_STYLE_ASSIGNMENT((#8578));
#8578 = SURFACE_STYLE_USAGE(.BOTH.,#8579);
#8579 = SURFACE_SIDE_STYLE('',(#8580));
#8580 = SURFACE_STYLE_FILL_AREA(#8581);
#8581 = FILL_AREA_STYLE('',(#8582));
#8582 = FILL_AREA_STYLE_COLOUR('',#8575);
#8583 = STYLED_ITEM('color',(#8584),#1366);
#8584 = PRESENTATION_STYLE_ASSIGNMENT((#8585));
#8585 = SURFACE_STYLE_USAGE(.BOTH.,#8586);
#8586 = SURFACE_SIDE_STYLE('',(#8587));
#8587 = SURFACE_STYLE_FILL_AREA(#8588);
#8588 = FILL_AREA_STYLE('',(#8589));
#8589 = FILL_AREA_STYLE_COLOUR('',#8575);
#8590 = STYLED_ITEM('color',(#8591),#1391);
#8591 = PRESENTATION_STYLE_ASSIGNMENT((#8592));
#8592 = SURFACE_STYLE_USAGE(.BOTH.,#8593);
#8593 = SURFACE_SIDE_STYLE('',(#8594));
#8594 = SURFACE_STYLE_FILL_AREA(#8595);
#8595 = FILL_AREA_STYLE('',(#8596));
#8596 = FILL_AREA_STYLE_COLOUR('',#8575);
#8597 = STYLED_ITEM('color',(#8598),#1415);
#8598 = PRESENTATION_STYLE_ASSIGNMENT((#8599));
#8599 = SURFACE_STYLE_USAGE(.BOTH.,#8600);
#8600 = SURFACE_SIDE_STYLE('',(#8601));
#8601 = SURFACE_STYLE_FILL_AREA(#8602);
#8602 = FILL_AREA_STYLE('',(#8603));
#8603 = FILL_AREA_STYLE_COLOUR('',#8575);
#8604 = STYLED_ITEM('color',(#8605),#1440);
#8605 = PRESENTATION_STYLE_ASSIGNMENT((#8606));
#8606 = SURFACE_STYLE_USAGE(.BOTH.,#8607);
#8607 = SURFACE_SIDE_STYLE('',(#8608));
#8608 = SURFACE_STYLE_FILL_AREA(#8609);
#8609 = FILL_AREA_STYLE('',(#8610));
#8610 = FILL_AREA_STYLE_COLOUR('',#8575);
#8611 = STYLED_ITEM('color',(#8612),#1464);
#8612 = PRESENTATION_STYLE_ASSIGNMENT((#8613));
#8613 = SURFACE_STYLE_USAGE(.BOTH.,#8614);
#8614 = SURFACE_SIDE_STYLE('',(#8615));
#8615 = SURFACE_STYLE_FILL_AREA(#8616);
#8616 = FILL_AREA_STYLE('',(#8617));
#8617 = FILL_AREA_STYLE_COLOUR('',#8575);
#8618 = STYLED_ITEM('color',(#8619),#1489);
#8619 = PRESENTATION_STYLE_ASSIGNMENT((#8620));
#8620 = SURFACE_STYLE_USAGE(.BOTH.,#8621);
#8621 = SURFACE_SIDE_STYLE('',(#8622));
#8622 = SURFACE_STYLE_FILL_AREA(#8623);
#8623 = FILL_AREA_STYLE('',(#8624));
#8624 = FILL_AREA_STYLE_COLOUR('',#8575);
#8625 = STYLED_ITEM('color',(#8626),#1506);
#8626 = PRESENTATION_STYLE_ASSIGNMENT((#8627));
#8627 = SURFACE_STYLE_USAGE(.BOTH.,#8628);
#8628 = SURFACE_SIDE_STYLE('',(#8629));
#8629 = SURFACE_STYLE_FILL_AREA(#8630);
#8630 = FILL_AREA_STYLE('',(#8631));
#8631 = FILL_AREA_STYLE_COLOUR('',#8310);
#8632 = STYLED_ITEM('color',(#8633),#1592);
#8633 = PRESENTATION_STYLE_ASSIGNMENT((#8634));
#8634 = SURFACE_STYLE_USAGE(.BOTH.,#8635);
#8635 = SURFACE_SIDE_STYLE('',(#8636));
#8636 = SURFACE_STYLE_FILL_AREA(#8637);
#8637 = FILL_AREA_STYLE('',(#8638));
#8638 = FILL_AREA_STYLE_COLOUR('',#8310);
#8639 = STYLED_ITEM('color',(#8640),#1623);
#8640 = PRESENTATION_STYLE_ASSIGNMENT((#8641));
#8641 = SURFACE_STYLE_USAGE(.BOTH.,#8642);
#8642 = SURFACE_SIDE_STYLE('',(#8643));
#8643 = SURFACE_STYLE_FILL_AREA(#8644);
#8644 = FILL_AREA_STYLE('',(#8645));
#8645 = FILL_AREA_STYLE_COLOUR('',#8310);
#8646 = STYLED_ITEM('color',(#8647),#1648);
#8647 = PRESENTATION_STYLE_ASSIGNMENT((#8648));
#8648 = SURFACE_STYLE_USAGE(.BOTH.,#8649);
#8649 = SURFACE_SIDE_STYLE('',(#8650));
#8650 = SURFACE_STYLE_FILL_AREA(#8651);
#8651 = FILL_AREA_STYLE('',(#8652));
#8652 = FILL_AREA_STYLE_COLOUR('',#8310);
#8653 = STYLED_ITEM('color',(#8654),#1673);
#8654 = PRESENTATION_STYLE_ASSIGNMENT((#8655));
#8655 = SURFACE_STYLE_USAGE(.BOTH.,#8656);
#8656 = SURFACE_SIDE_STYLE('',(#8657));
#8657 = SURFACE_STYLE_FILL_AREA(#8658);
#8658 = FILL_AREA_STYLE('',(#8659));
#8659 = FILL_AREA_STYLE_COLOUR('',#8310);
#8660 = STYLED_ITEM('color',(#8661),#1697);
#8661 = PRESENTATION_STYLE_ASSIGNMENT((#8662));
#8662 = SURFACE_STYLE_USAGE(.BOTH.,#8663);
#8663 = SURFACE_SIDE_STYLE('',(#8664));
#8664 = SURFACE_STYLE_FILL_AREA(#8665);
#8665 = FILL_AREA_STYLE('',(#8666));
#8666 = FILL_AREA_STYLE_COLOUR('',#8310);
#8667 = STYLED_ITEM('color',(#8668),#1721);
#8668 = PRESENTATION_STYLE_ASSIGNMENT((#8669));
#8669 = SURFACE_STYLE_USAGE(.BOTH.,#8670);
#8670 = SURFACE_SIDE_STYLE('',(#8671));
#8671 = SURFACE_STYLE_FILL_AREA(#8672);
#8672 = FILL_AREA_STYLE('',(#8673));
#8673 = FILL_AREA_STYLE_COLOUR('',#8310);
#8674 = STYLED_ITEM('color',(#8675),#1746);
#8675 = PRESENTATION_STYLE_ASSIGNMENT((#8676));
#8676 = SURFACE_STYLE_USAGE(.BOTH.,#8677);
#8677 = SURFACE_SIDE_STYLE('',(#8678));
#8678 = SURFACE_STYLE_FILL_AREA(#8679);
#8679 = FILL_AREA_STYLE('',(#8680));
#8680 = FILL_AREA_STYLE_COLOUR('',#8310);
#8681 = STYLED_ITEM('color',(#8682),#1771);
#8682 = PRESENTATION_STYLE_ASSIGNMENT((#8683));
#8683 = SURFACE_STYLE_USAGE(.BOTH.,#8684);
#8684 = SURFACE_SIDE_STYLE('',(#8685));
#8685 = SURFACE_STYLE_FILL_AREA(#8686);
#8686 = FILL_AREA_STYLE('',(#8687));
#8687 = FILL_AREA_STYLE_COLOUR('',#8310);
#8688 = STYLED_ITEM('color',(#8689),#1788);
#8689 = PRESENTATION_STYLE_ASSIGNMENT((#8690));
#8690 = SURFACE_STYLE_USAGE(.BOTH.,#8691);
#8691 = SURFACE_SIDE_STYLE('',(#8692));
#8692 = SURFACE_STYLE_FILL_AREA(#8693);
#8693 = FILL_AREA_STYLE('',(#8694));
#8694 = FILL_AREA_STYLE_COLOUR('',#8310);
#8695 = MECHANICAL_DESIGN_GEOMETRIC_PRESENTATION_REPRESENTATION('',(
    #8696,#8704,#8711,#8718,#8725,#8732,#8739,#8746,#8753,#8760,#8767,
    #8774,#8781,#8788,#8795,#8802,#8809,#8817,#8824,#8831,#8838,#8845,
    #8852,#8859,#8866,#8873,#8880,#8887,#8894,#8901,#8908,#8915,#8922,
    #8929,#8936,#8943,#8950,#8957,#8964,#8971,#8978,#8985,#8992,#8999,
    #9006,#9013,#9020,#9027,#9034,#9041,#9048,#9055),#7342);
#8696 = STYLED_ITEM('color',(#8697),#5912);
#8697 = PRESENTATION_STYLE_ASSIGNMENT((#8698));
#8698 = SURFACE_STYLE_USAGE(.BOTH.,#8699);
#8699 = SURFACE_SIDE_STYLE('',(#8700));
#8700 = SURFACE_STYLE_FILL_AREA(#8701);
#8701 = FILL_AREA_STYLE('',(#8702));
#8702 = FILL_AREA_STYLE_COLOUR('',#8703);
#8703 = COLOUR_RGB('',0.147999998088,0.144999993226,0.144999993226);
#8704 = STYLED_ITEM('color',(#8705),#5952);
#8705 = PRESENTATION_STYLE_ASSIGNMENT((#8706));
#8706 = SURFACE_STYLE_USAGE(.BOTH.,#8707);
#8707 = SURFACE_SIDE_STYLE('',(#8708));
#8708 = SURFACE_STYLE_FILL_AREA(#8709);
#8709 = FILL_AREA_STYLE('',(#8710));
#8710 = FILL_AREA_STYLE_COLOUR('',#8703);
#8711 = STYLED_ITEM('color',(#8712),#5983);
#8712 = PRESENTATION_STYLE_ASSIGNMENT((#8713));
#8713 = SURFACE_STYLE_USAGE(.BOTH.,#8714);
#8714 = SURFACE_SIDE_STYLE('',(#8715));
#8715 = SURFACE_STYLE_FILL_AREA(#8716);
#8716 = FILL_AREA_STYLE('',(#8717));
#8717 = FILL_AREA_STYLE_COLOUR('',#8703);
#8718 = STYLED_ITEM('color',(#8719),#6014);
#8719 = PRESENTATION_STYLE_ASSIGNMENT((#8720));
#8720 = SURFACE_STYLE_USAGE(.BOTH.,#8721);
#8721 = SURFACE_SIDE_STYLE('',(#8722));
#8722 = SURFACE_STYLE_FILL_AREA(#8723);
#8723 = FILL_AREA_STYLE('',(#8724));
#8724 = FILL_AREA_STYLE_COLOUR('',#8703);
#8725 = STYLED_ITEM('color',(#8726),#6179);
#8726 = PRESENTATION_STYLE_ASSIGNMENT((#8727));
#8727 = SURFACE_STYLE_USAGE(.BOTH.,#8728);
#8728 = SURFACE_SIDE_STYLE('',(#8729));
#8729 = SURFACE_STYLE_FILL_AREA(#8730);
#8730 = FILL_AREA_STYLE('',(#8731));
#8731 = FILL_AREA_STYLE_COLOUR('',#8703);
#8732 = STYLED_ITEM('color',(#8733),#6344);
#8733 = PRESENTATION_STYLE_ASSIGNMENT((#8734));
#8734 = SURFACE_STYLE_USAGE(.BOTH.,#8735);
#8735 = SURFACE_SIDE_STYLE('',(#8736));
#8736 = SURFACE_STYLE_FILL_AREA(#8737);
#8737 = FILL_AREA_STYLE('',(#8738));
#8738 = FILL_AREA_STYLE_COLOUR('',#8703);
#8739 = STYLED_ITEM('color',(#8740),#6361);
#8740 = PRESENTATION_STYLE_ASSIGNMENT((#8741));
#8741 = SURFACE_STYLE_USAGE(.BOTH.,#8742);
#8742 = SURFACE_SIDE_STYLE('',(#8743));
#8743 = SURFACE_STYLE_FILL_AREA(#8744);
#8744 = FILL_AREA_STYLE('',(#8745));
#8745 = FILL_AREA_STYLE_COLOUR('',#8703);
#8746 = STYLED_ITEM('color',(#8747),#6378);
#8747 = PRESENTATION_STYLE_ASSIGNMENT((#8748));
#8748 = SURFACE_STYLE_USAGE(.BOTH.,#8749);
#8749 = SURFACE_SIDE_STYLE('',(#8750));
#8750 = SURFACE_STYLE_FILL_AREA(#8751);
#8751 = FILL_AREA_STYLE('',(#8752));
#8752 = FILL_AREA_STYLE_COLOUR('',#8703);
#8753 = STYLED_ITEM('color',(#8754),#6395);
#8754 = PRESENTATION_STYLE_ASSIGNMENT((#8755));
#8755 = SURFACE_STYLE_USAGE(.BOTH.,#8756);
#8756 = SURFACE_SIDE_STYLE('',(#8757));
#8757 = SURFACE_STYLE_FILL_AREA(#8758);
#8758 = FILL_AREA_STYLE('',(#8759));
#8759 = FILL_AREA_STYLE_COLOUR('',#8703);
#8760 = STYLED_ITEM('color',(#8761),#6412);
#8761 = PRESENTATION_STYLE_ASSIGNMENT((#8762));
#8762 = SURFACE_STYLE_USAGE(.BOTH.,#8763);
#8763 = SURFACE_SIDE_STYLE('',(#8764));
#8764 = SURFACE_STYLE_FILL_AREA(#8765);
#8765 = FILL_AREA_STYLE('',(#8766));
#8766 = FILL_AREA_STYLE_COLOUR('',#8703);
#8767 = STYLED_ITEM('color',(#8768),#6429);
#8768 = PRESENTATION_STYLE_ASSIGNMENT((#8769));
#8769 = SURFACE_STYLE_USAGE(.BOTH.,#8770);
#8770 = SURFACE_SIDE_STYLE('',(#8771));
#8771 = SURFACE_STYLE_FILL_AREA(#8772);
#8772 = FILL_AREA_STYLE('',(#8773));
#8773 = FILL_AREA_STYLE_COLOUR('',#8703);
#8774 = STYLED_ITEM('color',(#8775),#6446);
#8775 = PRESENTATION_STYLE_ASSIGNMENT((#8776));
#8776 = SURFACE_STYLE_USAGE(.BOTH.,#8777);
#8777 = SURFACE_SIDE_STYLE('',(#8778));
#8778 = SURFACE_STYLE_FILL_AREA(#8779);
#8779 = FILL_AREA_STYLE('',(#8780));
#8780 = FILL_AREA_STYLE_COLOUR('',#8703);
#8781 = STYLED_ITEM('color',(#8782),#6463);
#8782 = PRESENTATION_STYLE_ASSIGNMENT((#8783));
#8783 = SURFACE_STYLE_USAGE(.BOTH.,#8784);
#8784 = SURFACE_SIDE_STYLE('',(#8785));
#8785 = SURFACE_STYLE_FILL_AREA(#8786);
#8786 = FILL_AREA_STYLE('',(#8787));
#8787 = FILL_AREA_STYLE_COLOUR('',#8703);
#8788 = STYLED_ITEM('color',(#8789),#6480);
#8789 = PRESENTATION_STYLE_ASSIGNMENT((#8790));
#8790 = SURFACE_STYLE_USAGE(.BOTH.,#8791);
#8791 = SURFACE_SIDE_STYLE('',(#8792));
#8792 = SURFACE_STYLE_FILL_AREA(#8793);
#8793 = FILL_AREA_STYLE('',(#8794));
#8794 = FILL_AREA_STYLE_COLOUR('',#8703);
#8795 = STYLED_ITEM('color',(#8796),#6497);
#8796 = PRESENTATION_STYLE_ASSIGNMENT((#8797));
#8797 = SURFACE_STYLE_USAGE(.BOTH.,#8798);
#8798 = SURFACE_SIDE_STYLE('',(#8799));
#8799 = SURFACE_STYLE_FILL_AREA(#8800);
#8800 = FILL_AREA_STYLE('',(#8801));
#8801 = FILL_AREA_STYLE_COLOUR('',#8703);
#8802 = STYLED_ITEM('color',(#8803),#6514);
#8803 = PRESENTATION_STYLE_ASSIGNMENT((#8804));
#8804 = SURFACE_STYLE_USAGE(.BOTH.,#8805);
#8805 = SURFACE_SIDE_STYLE('',(#8806));
#8806 = SURFACE_STYLE_FILL_AREA(#8807);
#8807 = FILL_AREA_STYLE('',(#8808));
#8808 = FILL_AREA_STYLE_COLOUR('',#8703);
#8809 = STYLED_ITEM('color',(#8810),#6526);
#8810 = PRESENTATION_STYLE_ASSIGNMENT((#8811));
#8811 = SURFACE_STYLE_USAGE(.BOTH.,#8812);
#8812 = SURFACE_SIDE_STYLE('',(#8813));
#8813 = SURFACE_STYLE_FILL_AREA(#8814);
#8814 = FILL_AREA_STYLE('',(#8815));
#8815 = FILL_AREA_STYLE_COLOUR('',#8816);
#8816 = COLOUR_RGB('',0.859000020776,0.737999965183,0.495999988746);
#8817 = STYLED_ITEM('color',(#8818),#6557);
#8818 = PRESENTATION_STYLE_ASSIGNMENT((#8819));
#8819 = SURFACE_STYLE_USAGE(.BOTH.,#8820);
#8820 = SURFACE_SIDE_STYLE('',(#8821));
#8821 = SURFACE_STYLE_FILL_AREA(#8822);
#8822 = FILL_AREA_STYLE('',(#8823));
#8823 = FILL_AREA_STYLE_COLOUR('',#8816);
#8824 = STYLED_ITEM('color',(#8825),#6581);
#8825 = PRESENTATION_STYLE_ASSIGNMENT((#8826));
#8826 = SURFACE_STYLE_USAGE(.BOTH.,#8827);
#8827 = SURFACE_SIDE_STYLE('',(#8828));
#8828 = SURFACE_STYLE_FILL_AREA(#8829);
#8829 = FILL_AREA_STYLE('',(#8830));
#8830 = FILL_AREA_STYLE_COLOUR('',#8816);
#8831 = STYLED_ITEM('color',(#8832),#6605);
#8832 = PRESENTATION_STYLE_ASSIGNMENT((#8833));
#8833 = SURFACE_STYLE_USAGE(.BOTH.,#8834);
#8834 = SURFACE_SIDE_STYLE('',(#8835));
#8835 = SURFACE_STYLE_FILL_AREA(#8836);
#8836 = FILL_AREA_STYLE('',(#8837));
#8837 = FILL_AREA_STYLE_COLOUR('',#8816);
#8838 = STYLED_ITEM('color',(#8839),#6622);
#8839 = PRESENTATION_STYLE_ASSIGNMENT((#8840));
#8840 = SURFACE_STYLE_USAGE(.BOTH.,#8841);
#8841 = SURFACE_SIDE_STYLE('',(#8842));
#8842 = SURFACE_STYLE_FILL_AREA(#8843);
#8843 = FILL_AREA_STYLE('',(#8844));
#8844 = FILL_AREA_STYLE_COLOUR('',#8816);
#8845 = STYLED_ITEM('color',(#8846),#6653);
#8846 = PRESENTATION_STYLE_ASSIGNMENT((#8847));
#8847 = SURFACE_STYLE_USAGE(.BOTH.,#8848);
#8848 = SURFACE_SIDE_STYLE('',(#8849));
#8849 = SURFACE_STYLE_FILL_AREA(#8850);
#8850 = FILL_AREA_STYLE('',(#8851));
#8851 = FILL_AREA_STYLE_COLOUR('',#8816);
#8852 = STYLED_ITEM('color',(#8853),#6677);
#8853 = PRESENTATION_STYLE_ASSIGNMENT((#8854));
#8854 = SURFACE_STYLE_USAGE(.BOTH.,#8855);
#8855 = SURFACE_SIDE_STYLE('',(#8856));
#8856 = SURFACE_STYLE_FILL_AREA(#8857);
#8857 = FILL_AREA_STYLE('',(#8858));
#8858 = FILL_AREA_STYLE_COLOUR('',#8816);
#8859 = STYLED_ITEM('color',(#8860),#6701);
#8860 = PRESENTATION_STYLE_ASSIGNMENT((#8861));
#8861 = SURFACE_STYLE_USAGE(.BOTH.,#8862);
#8862 = SURFACE_SIDE_STYLE('',(#8863));
#8863 = SURFACE_STYLE_FILL_AREA(#8864);
#8864 = FILL_AREA_STYLE('',(#8865));
#8865 = FILL_AREA_STYLE_COLOUR('',#8816);
#8866 = STYLED_ITEM('color',(#8867),#6718);
#8867 = PRESENTATION_STYLE_ASSIGNMENT((#8868));
#8868 = SURFACE_STYLE_USAGE(.BOTH.,#8869);
#8869 = SURFACE_SIDE_STYLE('',(#8870));
#8870 = SURFACE_STYLE_FILL_AREA(#8871);
#8871 = FILL_AREA_STYLE('',(#8872));
#8872 = FILL_AREA_STYLE_COLOUR('',#8816);
#8873 = STYLED_ITEM('color',(#8874),#6749);
#8874 = PRESENTATION_STYLE_ASSIGNMENT((#8875));
#8875 = SURFACE_STYLE_USAGE(.BOTH.,#8876);
#8876 = SURFACE_SIDE_STYLE('',(#8877));
#8877 = SURFACE_STYLE_FILL_AREA(#8878);
#8878 = FILL_AREA_STYLE('',(#8879));
#8879 = FILL_AREA_STYLE_COLOUR('',#8816);
#8880 = STYLED_ITEM('color',(#8881),#6773);
#8881 = PRESENTATION_STYLE_ASSIGNMENT((#8882));
#8882 = SURFACE_STYLE_USAGE(.BOTH.,#8883);
#8883 = SURFACE_SIDE_STYLE('',(#8884));
#8884 = SURFACE_STYLE_FILL_AREA(#8885);
#8885 = FILL_AREA_STYLE('',(#8886));
#8886 = FILL_AREA_STYLE_COLOUR('',#8816);
#8887 = STYLED_ITEM('color',(#8888),#6797);
#8888 = PRESENTATION_STYLE_ASSIGNMENT((#8889));
#8889 = SURFACE_STYLE_USAGE(.BOTH.,#8890);
#8890 = SURFACE_SIDE_STYLE('',(#8891));
#8891 = SURFACE_STYLE_FILL_AREA(#8892);
#8892 = FILL_AREA_STYLE('',(#8893));
#8893 = FILL_AREA_STYLE_COLOUR('',#8816);
#8894 = STYLED_ITEM('color',(#8895),#6814);
#8895 = PRESENTATION_STYLE_ASSIGNMENT((#8896));
#8896 = SURFACE_STYLE_USAGE(.BOTH.,#8897);
#8897 = SURFACE_SIDE_STYLE('',(#8898));
#8898 = SURFACE_STYLE_FILL_AREA(#8899);
#8899 = FILL_AREA_STYLE('',(#8900));
#8900 = FILL_AREA_STYLE_COLOUR('',#8816);
#8901 = STYLED_ITEM('color',(#8902),#6845);
#8902 = PRESENTATION_STYLE_ASSIGNMENT((#8903));
#8903 = SURFACE_STYLE_USAGE(.BOTH.,#8904);
#8904 = SURFACE_SIDE_STYLE('',(#8905));
#8905 = SURFACE_STYLE_FILL_AREA(#8906);
#8906 = FILL_AREA_STYLE('',(#8907));
#8907 = FILL_AREA_STYLE_COLOUR('',#8816);
#8908 = STYLED_ITEM('color',(#8909),#6869);
#8909 = PRESENTATION_STYLE_ASSIGNMENT((#8910));
#8910 = SURFACE_STYLE_USAGE(.BOTH.,#8911);
#8911 = SURFACE_SIDE_STYLE('',(#8912));
#8912 = SURFACE_STYLE_FILL_AREA(#8913);
#8913 = FILL_AREA_STYLE('',(#8914));
#8914 = FILL_AREA_STYLE_COLOUR('',#8816);
#8915 = STYLED_ITEM('color',(#8916),#6893);
#8916 = PRESENTATION_STYLE_ASSIGNMENT((#8917));
#8917 = SURFACE_STYLE_USAGE(.BOTH.,#8918);
#8918 = SURFACE_SIDE_STYLE('',(#8919));
#8919 = SURFACE_STYLE_FILL_AREA(#8920);
#8920 = FILL_AREA_STYLE('',(#8921));
#8921 = FILL_AREA_STYLE_COLOUR('',#8816);
#8922 = STYLED_ITEM('color',(#8923),#6910);
#8923 = PRESENTATION_STYLE_ASSIGNMENT((#8924));
#8924 = SURFACE_STYLE_USAGE(.BOTH.,#8925);
#8925 = SURFACE_SIDE_STYLE('',(#8926));
#8926 = SURFACE_STYLE_FILL_AREA(#8927);
#8927 = FILL_AREA_STYLE('',(#8928));
#8928 = FILL_AREA_STYLE_COLOUR('',#8816);
#8929 = STYLED_ITEM('color',(#8930),#6941);
#8930 = PRESENTATION_STYLE_ASSIGNMENT((#8931));
#8931 = SURFACE_STYLE_USAGE(.BOTH.,#8932);
#8932 = SURFACE_SIDE_STYLE('',(#8933));
#8933 = SURFACE_STYLE_FILL_AREA(#8934);
#8934 = FILL_AREA_STYLE('',(#8935));
#8935 = FILL_AREA_STYLE_COLOUR('',#8816);
#8936 = STYLED_ITEM('color',(#8937),#6965);
#8937 = PRESENTATION_STYLE_ASSIGNMENT((#8938));
#8938 = SURFACE_STYLE_USAGE(.BOTH.,#8939);
#8939 = SURFACE_SIDE_STYLE('',(#8940));
#8940 = SURFACE_STYLE_FILL_AREA(#8941);
#8941 = FILL_AREA_STYLE('',(#8942));
#8942 = FILL_AREA_STYLE_COLOUR('',#8816);
#8943 = STYLED_ITEM('color',(#8944),#6989);
#8944 = PRESENTATION_STYLE_ASSIGNMENT((#8945));
#8945 = SURFACE_STYLE_USAGE(.BOTH.,#8946);
#8946 = SURFACE_SIDE_STYLE('',(#8947));
#8947 = SURFACE_STYLE_FILL_AREA(#8948);
#8948 = FILL_AREA_STYLE('',(#8949));
#8949 = FILL_AREA_STYLE_COLOUR('',#8816);
#8950 = STYLED_ITEM('color',(#8951),#7006);
#8951 = PRESENTATION_STYLE_ASSIGNMENT((#8952));
#8952 = SURFACE_STYLE_USAGE(.BOTH.,#8953);
#8953 = SURFACE_SIDE_STYLE('',(#8954));
#8954 = SURFACE_STYLE_FILL_AREA(#8955);
#8955 = FILL_AREA_STYLE('',(#8956));
#8956 = FILL_AREA_STYLE_COLOUR('',#8816);
#8957 = STYLED_ITEM('color',(#8958),#7037);
#8958 = PRESENTATION_STYLE_ASSIGNMENT((#8959));
#8959 = SURFACE_STYLE_USAGE(.BOTH.,#8960);
#8960 = SURFACE_SIDE_STYLE('',(#8961));
#8961 = SURFACE_STYLE_FILL_AREA(#8962);
#8962 = FILL_AREA_STYLE('',(#8963));
#8963 = FILL_AREA_STYLE_COLOUR('',#8816);
#8964 = STYLED_ITEM('color',(#8965),#7061);
#8965 = PRESENTATION_STYLE_ASSIGNMENT((#8966));
#8966 = SURFACE_STYLE_USAGE(.BOTH.,#8967);
#8967 = SURFACE_SIDE_STYLE('',(#8968));
#8968 = SURFACE_STYLE_FILL_AREA(#8969);
#8969 = FILL_AREA_STYLE('',(#8970));
#8970 = FILL_AREA_STYLE_COLOUR('',#8816);
#8971 = STYLED_ITEM('color',(#8972),#7085);
#8972 = PRESENTATION_STYLE_ASSIGNMENT((#8973));
#8973 = SURFACE_STYLE_USAGE(.BOTH.,#8974);
#8974 = SURFACE_SIDE_STYLE('',(#8975));
#8975 = SURFACE_STYLE_FILL_AREA(#8976);
#8976 = FILL_AREA_STYLE('',(#8977));
#8977 = FILL_AREA_STYLE_COLOUR('',#8816);
#8978 = STYLED_ITEM('color',(#8979),#7102);
#8979 = PRESENTATION_STYLE_ASSIGNMENT((#8980));
#8980 = SURFACE_STYLE_USAGE(.BOTH.,#8981);
#8981 = SURFACE_SIDE_STYLE('',(#8982));
#8982 = SURFACE_STYLE_FILL_AREA(#8983);
#8983 = FILL_AREA_STYLE('',(#8984));
#8984 = FILL_AREA_STYLE_COLOUR('',#8816);
#8985 = STYLED_ITEM('color',(#8986),#7133);
#8986 = PRESENTATION_STYLE_ASSIGNMENT((#8987));
#8987 = SURFACE_STYLE_USAGE(.BOTH.,#8988);
#8988 = SURFACE_SIDE_STYLE('',(#8989));
#8989 = SURFACE_STYLE_FILL_AREA(#8990);
#8990 = FILL_AREA_STYLE('',(#8991));
#8991 = FILL_AREA_STYLE_COLOUR('',#8816);
#8992 = STYLED_ITEM('color',(#8993),#7157);
#8993 = PRESENTATION_STYLE_ASSIGNMENT((#8994));
#8994 = SURFACE_STYLE_USAGE(.BOTH.,#8995);
#8995 = SURFACE_SIDE_STYLE('',(#8996));
#8996 = SURFACE_STYLE_FILL_AREA(#8997);
#8997 = FILL_AREA_STYLE('',(#8998));
#8998 = FILL_AREA_STYLE_COLOUR('',#8816);
#8999 = STYLED_ITEM('color',(#9000),#7181);
#9000 = PRESENTATION_STYLE_ASSIGNMENT((#9001));
#9001 = SURFACE_STYLE_USAGE(.BOTH.,#9002);
#9002 = SURFACE_SIDE_STYLE('',(#9003));
#9003 = SURFACE_STYLE_FILL_AREA(#9004);
#9004 = FILL_AREA_STYLE('',(#9005));
#9005 = FILL_AREA_STYLE_COLOUR('',#8816);
#9006 = STYLED_ITEM('color',(#9007),#7198);
#9007 = PRESENTATION_STYLE_ASSIGNMENT((#9008));
#9008 = SURFACE_STYLE_USAGE(.BOTH.,#9009);
#9009 = SURFACE_SIDE_STYLE('',(#9010));
#9010 = SURFACE_STYLE_FILL_AREA(#9011);
#9011 = FILL_AREA_STYLE('',(#9012));
#9012 = FILL_AREA_STYLE_COLOUR('',#8816);
#9013 = STYLED_ITEM('color',(#9014),#7229);
#9014 = PRESENTATION_STYLE_ASSIGNMENT((#9015));
#9015 = SURFACE_STYLE_USAGE(.BOTH.,#9016);
#9016 = SURFACE_SIDE_STYLE('',(#9017));
#9017 = SURFACE_STYLE_FILL_AREA(#9018);
#9018 = FILL_AREA_STYLE('',(#9019));
#9019 = FILL_AREA_STYLE_COLOUR('',#8816);
#9020 = STYLED_ITEM('color',(#9021),#7253);
#9021 = PRESENTATION_STYLE_ASSIGNMENT((#9022));
#9022 = SURFACE_STYLE_USAGE(.BOTH.,#9023);
#9023 = SURFACE_SIDE_STYLE('',(#9024));
#9024 = SURFACE_STYLE_FILL_AREA(#9025);
#9025 = FILL_AREA_STYLE('',(#9026));
#9026 = FILL_AREA_STYLE_COLOUR('',#8816);
#9027 = STYLED_ITEM('color',(#9028),#7277);
#9028 = PRESENTATION_STYLE_ASSIGNMENT((#9029));
#9029 = SURFACE_STYLE_USAGE(.BOTH.,#9030);
#9030 = SURFACE_SIDE_STYLE('',(#9031));
#9031 = SURFACE_STYLE_FILL_AREA(#9032);
#9032 = FILL_AREA_STYLE('',(#9033));
#9033 = FILL_AREA_STYLE_COLOUR('',#8816);
#9034 = STYLED_ITEM('color',(#9035),#7294);
#9035 = PRESENTATION_STYLE_ASSIGNMENT((#9036));
#9036 = SURFACE_STYLE_USAGE(.BOTH.,#9037);
#9037 = SURFACE_SIDE_STYLE('',(#9038));
#9038 = SURFACE_STYLE_FILL_AREA(#9039);
#9039 = FILL_AREA_STYLE('',(#9040));
#9040 = FILL_AREA_STYLE_COLOUR('',#8816);
#9041 = STYLED_ITEM('color',(#9042),#7306);
#9042 = PRESENTATION_STYLE_ASSIGNMENT((#9043));
#9043 = SURFACE_STYLE_USAGE(.BOTH.,#9044);
#9044 = SURFACE_SIDE_STYLE('',(#9045));
#9045 = SURFACE_STYLE_FILL_AREA(#9046);
#9046 = FILL_AREA_STYLE('',(#9047));
#9047 = FILL_AREA_STYLE_COLOUR('',#8816);
#9048 = STYLED_ITEM('color',(#9049),#7318);
#9049 = PRESENTATION_STYLE_ASSIGNMENT((#9050));
#9050 = SURFACE_STYLE_USAGE(.BOTH.,#9051);
#9051 = SURFACE_SIDE_STYLE('',(#9052));
#9052 = SURFACE_STYLE_FILL_AREA(#9053);
#9053 = FILL_AREA_STYLE('',(#9054));
#9054 = FILL_AREA_STYLE_COLOUR('',#8816);
#9055 = STYLED_ITEM('color',(#9056),#7330);
#9056 = PRESENTATION_STYLE_ASSIGNMENT((#9057));
#9057 = SURFACE_STYLE_USAGE(.BOTH.,#9058);
#9058 = SURFACE_SIDE_STYLE('',(#9059));
#9059 = SURFACE_STYLE_FILL_AREA(#9060);
#9060 = FILL_AREA_STYLE('',(#9061));
#9061 = FILL_AREA_STYLE_COLOUR('',#8816);
#9062 = MECHANICAL_DESIGN_GEOMETRIC_PRESENTATION_REPRESENTATION('',(
    #9063,#9070,#9077,#9084,#9091,#9098,#9105,#9112,#9119,#9126,#9133,
    #9140,#9147,#9154,#9161,#9168,#9175,#9182,#9189,#9196,#9203,#9210,
    #9217,#9224,#9231,#9238,#9245,#9252,#9259,#9266,#9273,#9280,#9287,
    #9294,#9301,#9308,#9315,#9322,#9329,#9336,#9343,#9350,#9357,#9364,
    #9371,#9378,#9385,#9392,#9399,#9406,#9413,#9420,#9427,#9434,#9441,
    #9448,#9455,#9462,#9469,#9476,#9483,#9490,#9497,#9504,#9511,#9518,
    #9525,#9532,#9539,#9546,#9553,#9560,#9567,#9574,#9581,#9588,#9595,
    #9602,#9609,#9616,#9623,#9630,#9637,#9644,#9651,#9658,#9665,#9672,
    #9679,#9686,#9693,#9700,#9707,#9714,#9721,#9728,#9735,#9742,#9749,
    #9756,#9763,#9770,#9777,#9784,#9791),#5881);
#9063 = STYLED_ITEM('color',(#9064),#2654);
#9064 = PRESENTATION_STYLE_ASSIGNMENT((#9065));
#9065 = SURFACE_STYLE_USAGE(.BOTH.,#9066);
#9066 = SURFACE_SIDE_STYLE('',(#9067));
#9067 = SURFACE_STYLE_FILL_AREA(#9068);
#9068 = FILL_AREA_STYLE('',(#9069));
#9069 = FILL_AREA_STYLE_COLOUR('',#8703);
#9070 = STYLED_ITEM('color',(#9071),#2671);
#9071 = PRESENTATION_STYLE_ASSIGNMENT((#9072));
#9072 = SURFACE_STYLE_USAGE(.BOTH.,#9073);
#9073 = SURFACE_SIDE_STYLE('',(#9074));
#9074 = SURFACE_STYLE_FILL_AREA(#9075);
#9075 = FILL_AREA_STYLE('',(#9076));
#9076 = FILL_AREA_STYLE_COLOUR('',#8703);
#9077 = STYLED_ITEM('color',(#9078),#2696);
#9078 = PRESENTATION_STYLE_ASSIGNMENT((#9079));
#9079 = SURFACE_STYLE_USAGE(.BOTH.,#9080);
#9080 = SURFACE_SIDE_STYLE('',(#9081));
#9081 = SURFACE_STYLE_FILL_AREA(#9082);
#9082 = FILL_AREA_STYLE('',(#9083));
#9083 = FILL_AREA_STYLE_COLOUR('',#8310);
#9084 = STYLED_ITEM('color',(#9085),#2819);
#9085 = PRESENTATION_STYLE_ASSIGNMENT((#9086));
#9086 = SURFACE_STYLE_USAGE(.BOTH.,#9087);
#9087 = SURFACE_SIDE_STYLE('',(#9088));
#9088 = SURFACE_STYLE_FILL_AREA(#9089);
#9089 = FILL_AREA_STYLE('',(#9090));
#9090 = FILL_AREA_STYLE_COLOUR('',#8310);
#9091 = STYLED_ITEM('color',(#9092),#2850);
#9092 = PRESENTATION_STYLE_ASSIGNMENT((#9093));
#9093 = SURFACE_STYLE_USAGE(.BOTH.,#9094);
#9094 = SURFACE_SIDE_STYLE('',(#9095));
#9095 = SURFACE_STYLE_FILL_AREA(#9096);
#9096 = FILL_AREA_STYLE('',(#9097));
#9097 = FILL_AREA_STYLE_COLOUR('',#8310);
#9098 = STYLED_ITEM('color',(#9099),#2875);
#9099 = PRESENTATION_STYLE_ASSIGNMENT((#9100));
#9100 = SURFACE_STYLE_USAGE(.BOTH.,#9101);
#9101 = SURFACE_SIDE_STYLE('',(#9102));
#9102 = SURFACE_STYLE_FILL_AREA(#9103);
#9103 = FILL_AREA_STYLE('',(#9104));
#9104 = FILL_AREA_STYLE_COLOUR('',#8310);
#9105 = STYLED_ITEM('color',(#9106),#2900);
#9106 = PRESENTATION_STYLE_ASSIGNMENT((#9107));
#9107 = SURFACE_STYLE_USAGE(.BOTH.,#9108);
#9108 = SURFACE_SIDE_STYLE('',(#9109));
#9109 = SURFACE_STYLE_FILL_AREA(#9110);
#9110 = FILL_AREA_STYLE('',(#9111));
#9111 = FILL_AREA_STYLE_COLOUR('',#8310);
#9112 = STYLED_ITEM('color',(#9113),#2924);
#9113 = PRESENTATION_STYLE_ASSIGNMENT((#9114));
#9114 = SURFACE_STYLE_USAGE(.BOTH.,#9115);
#9115 = SURFACE_SIDE_STYLE('',(#9116));
#9116 = SURFACE_STYLE_FILL_AREA(#9117);
#9117 = FILL_AREA_STYLE('',(#9118));
#9118 = FILL_AREA_STYLE_COLOUR('',#8310);
#9119 = STYLED_ITEM('color',(#9120),#2948);
#9120 = PRESENTATION_STYLE_ASSIGNMENT((#9121));
#9121 = SURFACE_STYLE_USAGE(.BOTH.,#9122);
#9122 = SURFACE_SIDE_STYLE('',(#9123));
#9123 = SURFACE_STYLE_FILL_AREA(#9124);
#9124 = FILL_AREA_STYLE('',(#9125));
#9125 = FILL_AREA_STYLE_COLOUR('',#8310);
#9126 = STYLED_ITEM('color',(#9127),#2973);
#9127 = PRESENTATION_STYLE_ASSIGNMENT((#9128));
#9128 = SURFACE_STYLE_USAGE(.BOTH.,#9129);
#9129 = SURFACE_SIDE_STYLE('',(#9130));
#9130 = SURFACE_STYLE_FILL_AREA(#9131);
#9131 = FILL_AREA_STYLE('',(#9132));
#9132 = FILL_AREA_STYLE_COLOUR('',#8310);
#9133 = STYLED_ITEM('color',(#9134),#2998);
#9134 = PRESENTATION_STYLE_ASSIGNMENT((#9135));
#9135 = SURFACE_STYLE_USAGE(.BOTH.,#9136);
#9136 = SURFACE_SIDE_STYLE('',(#9137));
#9137 = SURFACE_STYLE_FILL_AREA(#9138);
#9138 = FILL_AREA_STYLE('',(#9139));
#9139 = FILL_AREA_STYLE_COLOUR('',#8310);
#9140 = STYLED_ITEM('color',(#9141),#3015);
#9141 = PRESENTATION_STYLE_ASSIGNMENT((#9142));
#9142 = SURFACE_STYLE_USAGE(.BOTH.,#9143);
#9143 = SURFACE_SIDE_STYLE('',(#9144));
#9144 = SURFACE_STYLE_FILL_AREA(#9145);
#9145 = FILL_AREA_STYLE('',(#9146));
#9146 = FILL_AREA_STYLE_COLOUR('',#8703);
#9147 = STYLED_ITEM('color',(#9148),#3040);
#9148 = PRESENTATION_STYLE_ASSIGNMENT((#9149));
#9149 = SURFACE_STYLE_USAGE(.BOTH.,#9150);
#9150 = SURFACE_SIDE_STYLE('',(#9151));
#9151 = SURFACE_STYLE_FILL_AREA(#9152);
#9152 = FILL_AREA_STYLE('',(#9153));
#9153 = FILL_AREA_STYLE_COLOUR('',#8703);
#9154 = STYLED_ITEM('color',(#9155),#3065);
#9155 = PRESENTATION_STYLE_ASSIGNMENT((#9156));
#9156 = SURFACE_STYLE_USAGE(.BOTH.,#9157);
#9157 = SURFACE_SIDE_STYLE('',(#9158));
#9158 = SURFACE_STYLE_FILL_AREA(#9159);
#9159 = FILL_AREA_STYLE('',(#9160));
#9160 = FILL_AREA_STYLE_COLOUR('',#8703);
#9161 = STYLED_ITEM('color',(#9162),#3090);
#9162 = PRESENTATION_STYLE_ASSIGNMENT((#9163));
#9163 = SURFACE_STYLE_USAGE(.BOTH.,#9164);
#9164 = SURFACE_SIDE_STYLE('',(#9165));
#9165 = SURFACE_STYLE_FILL_AREA(#9166);
#9166 = FILL_AREA_STYLE('',(#9167));
#9167 = FILL_AREA_STYLE_COLOUR('',#8703);
#9168 = STYLED_ITEM('color',(#9169),#3115);
#9169 = PRESENTATION_STYLE_ASSIGNMENT((#9170));
#9170 = SURFACE_STYLE_USAGE(.BOTH.,#9171);
#9171 = SURFACE_SIDE_STYLE('',(#9172));
#9172 = SURFACE_STYLE_FILL_AREA(#9173);
#9173 = FILL_AREA_STYLE('',(#9174));
#9174 = FILL_AREA_STYLE_COLOUR('',#8703);
#9175 = STYLED_ITEM('color',(#9176),#3146);
#9176 = PRESENTATION_STYLE_ASSIGNMENT((#9177));
#9177 = SURFACE_STYLE_USAGE(.BOTH.,#9178);
#9178 = SURFACE_SIDE_STYLE('',(#9179));
#9179 = SURFACE_STYLE_FILL_AREA(#9180);
#9180 = FILL_AREA_STYLE('',(#9181));
#9181 = FILL_AREA_STYLE_COLOUR('',#8703);
#9182 = STYLED_ITEM('color',(#9183),#3171);
#9183 = PRESENTATION_STYLE_ASSIGNMENT((#9184));
#9184 = SURFACE_STYLE_USAGE(.BOTH.,#9185);
#9185 = SURFACE_SIDE_STYLE('',(#9186));
#9186 = SURFACE_STYLE_FILL_AREA(#9187);
#9187 = FILL_AREA_STYLE('',(#9188));
#9188 = FILL_AREA_STYLE_COLOUR('',#8703);
#9189 = STYLED_ITEM('color',(#9190),#3196);
#9190 = PRESENTATION_STYLE_ASSIGNMENT((#9191));
#9191 = SURFACE_STYLE_USAGE(.BOTH.,#9192);
#9192 = SURFACE_SIDE_STYLE('',(#9193));
#9193 = SURFACE_STYLE_FILL_AREA(#9194);
#9194 = FILL_AREA_STYLE('',(#9195));
#9195 = FILL_AREA_STYLE_COLOUR('',#8703);
#9196 = STYLED_ITEM('color',(#9197),#3284);
#9197 = PRESENTATION_STYLE_ASSIGNMENT((#9198));
#9198 = SURFACE_STYLE_USAGE(.BOTH.,#9199);
#9199 = SURFACE_SIDE_STYLE('',(#9200));
#9200 = SURFACE_STYLE_FILL_AREA(#9201);
#9201 = FILL_AREA_STYLE('',(#9202));
#9202 = FILL_AREA_STYLE_COLOUR('',#8703);
#9203 = STYLED_ITEM('color',(#9204),#3372);
#9204 = PRESENTATION_STYLE_ASSIGNMENT((#9205));
#9205 = SURFACE_STYLE_USAGE(.BOTH.,#9206);
#9206 = SURFACE_SIDE_STYLE('',(#9207));
#9207 = SURFACE_STYLE_FILL_AREA(#9208);
#9208 = FILL_AREA_STYLE('',(#9209));
#9209 = FILL_AREA_STYLE_COLOUR('',#8703);
#9210 = STYLED_ITEM('color',(#9211),#3397);
#9211 = PRESENTATION_STYLE_ASSIGNMENT((#9212));
#9212 = SURFACE_STYLE_USAGE(.BOTH.,#9213);
#9213 = SURFACE_SIDE_STYLE('',(#9214));
#9214 = SURFACE_STYLE_FILL_AREA(#9215);
#9215 = FILL_AREA_STYLE('',(#9216));
#9216 = FILL_AREA_STYLE_COLOUR('',#8703);
#9217 = STYLED_ITEM('color',(#9218),#3422);
#9218 = PRESENTATION_STYLE_ASSIGNMENT((#9219));
#9219 = SURFACE_STYLE_USAGE(.BOTH.,#9220);
#9220 = SURFACE_SIDE_STYLE('',(#9221));
#9221 = SURFACE_STYLE_FILL_AREA(#9222);
#9222 = FILL_AREA_STYLE('',(#9223));
#9223 = FILL_AREA_STYLE_COLOUR('',#8703);
#9224 = STYLED_ITEM('color',(#9225),#3439);
#9225 = PRESENTATION_STYLE_ASSIGNMENT((#9226));
#9226 = SURFACE_STYLE_USAGE(.BOTH.,#9227);
#9227 = SURFACE_SIDE_STYLE('',(#9228));
#9228 = SURFACE_STYLE_FILL_AREA(#9229);
#9229 = FILL_AREA_STYLE('',(#9230));
#9230 = FILL_AREA_STYLE_COLOUR('',#8703);
#9231 = STYLED_ITEM('color',(#9232),#3448);
#9232 = PRESENTATION_STYLE_ASSIGNMENT((#9233));
#9233 = SURFACE_STYLE_USAGE(.BOTH.,#9234);
#9234 = SURFACE_SIDE_STYLE('',(#9235));
#9235 = SURFACE_STYLE_FILL_AREA(#9236);
#9236 = FILL_AREA_STYLE('',(#9237));
#9237 = FILL_AREA_STYLE_COLOUR('',#8703);
#9238 = STYLED_ITEM('color',(#9239),#3474);
#9239 = PRESENTATION_STYLE_ASSIGNMENT((#9240));
#9240 = SURFACE_STYLE_USAGE(.BOTH.,#9241);
#9241 = SURFACE_SIDE_STYLE('',(#9242));
#9242 = SURFACE_STYLE_FILL_AREA(#9243);
#9243 = FILL_AREA_STYLE('',(#9244));
#9244 = FILL_AREA_STYLE_COLOUR('',#8703);
#9245 = STYLED_ITEM('color',(#9246),#3483);
#9246 = PRESENTATION_STYLE_ASSIGNMENT((#9247));
#9247 = SURFACE_STYLE_USAGE(.BOTH.,#9248);
#9248 = SURFACE_SIDE_STYLE('',(#9249));
#9249 = SURFACE_STYLE_FILL_AREA(#9250);
#9250 = FILL_AREA_STYLE('',(#9251));
#9251 = FILL_AREA_STYLE_COLOUR('',#8703);
#9252 = STYLED_ITEM('color',(#9253),#3492);
#9253 = PRESENTATION_STYLE_ASSIGNMENT((#9254));
#9254 = SURFACE_STYLE_USAGE(.BOTH.,#9255);
#9255 = SURFACE_SIDE_STYLE('',(#9256));
#9256 = SURFACE_STYLE_FILL_AREA(#9257);
#9257 = FILL_AREA_STYLE('',(#9258));
#9258 = FILL_AREA_STYLE_COLOUR('',#8703);
#9259 = STYLED_ITEM('color',(#9260),#3536);
#9260 = PRESENTATION_STYLE_ASSIGNMENT((#9261));
#9261 = SURFACE_STYLE_USAGE(.BOTH.,#9262);
#9262 = SURFACE_SIDE_STYLE('',(#9263));
#9263 = SURFACE_STYLE_FILL_AREA(#9264);
#9264 = FILL_AREA_STYLE('',(#9265));
#9265 = FILL_AREA_STYLE_COLOUR('',#8310);
#9266 = STYLED_ITEM('color',(#9267),#3686);
#9267 = PRESENTATION_STYLE_ASSIGNMENT((#9268));
#9268 = SURFACE_STYLE_USAGE(.BOTH.,#9269);
#9269 = SURFACE_SIDE_STYLE('',(#9270));
#9270 = SURFACE_STYLE_FILL_AREA(#9271);
#9271 = FILL_AREA_STYLE('',(#9272));
#9272 = FILL_AREA_STYLE_COLOUR('',#8310);
#9273 = STYLED_ITEM('color',(#9274),#3710);
#9274 = PRESENTATION_STYLE_ASSIGNMENT((#9275));
#9275 = SURFACE_STYLE_USAGE(.BOTH.,#9276);
#9276 = SURFACE_SIDE_STYLE('',(#9277));
#9277 = SURFACE_STYLE_FILL_AREA(#9278);
#9278 = FILL_AREA_STYLE('',(#9279));
#9279 = FILL_AREA_STYLE_COLOUR('',#8310);
#9280 = STYLED_ITEM('color',(#9281),#3853);
#9281 = PRESENTATION_STYLE_ASSIGNMENT((#9282));
#9282 = SURFACE_STYLE_USAGE(.BOTH.,#9283);
#9283 = SURFACE_SIDE_STYLE('',(#9284));
#9284 = SURFACE_STYLE_FILL_AREA(#9285);
#9285 = FILL_AREA_STYLE('',(#9286));
#9286 = FILL_AREA_STYLE_COLOUR('',#8310);
#9287 = STYLED_ITEM('color',(#9288),#4003);
#9288 = PRESENTATION_STYLE_ASSIGNMENT((#9289));
#9289 = SURFACE_STYLE_USAGE(.BOTH.,#9290);
#9290 = SURFACE_SIDE_STYLE('',(#9291));
#9291 = SURFACE_STYLE_FILL_AREA(#9292);
#9292 = FILL_AREA_STYLE('',(#9293));
#9293 = FILL_AREA_STYLE_COLOUR('',#8310);
#9294 = STYLED_ITEM('color',(#9295),#4153);
#9295 = PRESENTATION_STYLE_ASSIGNMENT((#9296));
#9296 = SURFACE_STYLE_USAGE(.BOTH.,#9297);
#9297 = SURFACE_SIDE_STYLE('',(#9298));
#9298 = SURFACE_STYLE_FILL_AREA(#9299);
#9299 = FILL_AREA_STYLE('',(#9300));
#9300 = FILL_AREA_STYLE_COLOUR('',#8310);
#9301 = STYLED_ITEM('color',(#9302),#4170);
#9302 = PRESENTATION_STYLE_ASSIGNMENT((#9303));
#9303 = SURFACE_STYLE_USAGE(.BOTH.,#9304);
#9304 = SURFACE_SIDE_STYLE('',(#9305));
#9305 = SURFACE_STYLE_FILL_AREA(#9306);
#9306 = FILL_AREA_STYLE('',(#9307));
#9307 = FILL_AREA_STYLE_COLOUR('',#8310);
#9308 = STYLED_ITEM('color',(#9309),#4320);
#9309 = PRESENTATION_STYLE_ASSIGNMENT((#9310));
#9310 = SURFACE_STYLE_USAGE(.BOTH.,#9311);
#9311 = SURFACE_SIDE_STYLE('',(#9312));
#9312 = SURFACE_STYLE_FILL_AREA(#9313);
#9313 = FILL_AREA_STYLE('',(#9314));
#9314 = FILL_AREA_STYLE_COLOUR('',#8310);
#9315 = STYLED_ITEM('color',(#9316),#4344);
#9316 = PRESENTATION_STYLE_ASSIGNMENT((#9317));
#9317 = SURFACE_STYLE_USAGE(.BOTH.,#9318);
#9318 = SURFACE_SIDE_STYLE('',(#9319));
#9319 = SURFACE_STYLE_FILL_AREA(#9320);
#9320 = FILL_AREA_STYLE('',(#9321));
#9321 = FILL_AREA_STYLE_COLOUR('',#8310);
#9322 = STYLED_ITEM('color',(#9323),#4487);
#9323 = PRESENTATION_STYLE_ASSIGNMENT((#9324));
#9324 = SURFACE_STYLE_USAGE(.BOTH.,#9325);
#9325 = SURFACE_SIDE_STYLE('',(#9326));
#9326 = SURFACE_STYLE_FILL_AREA(#9327);
#9327 = FILL_AREA_STYLE('',(#9328));
#9328 = FILL_AREA_STYLE_COLOUR('',#8310);
#9329 = STYLED_ITEM('color',(#9330),#4637);
#9330 = PRESENTATION_STYLE_ASSIGNMENT((#9331));
#9331 = SURFACE_STYLE_USAGE(.BOTH.,#9332);
#9332 = SURFACE_SIDE_STYLE('',(#9333));
#9333 = SURFACE_STYLE_FILL_AREA(#9334);
#9334 = FILL_AREA_STYLE('',(#9335));
#9335 = FILL_AREA_STYLE_COLOUR('',#8310);
#9336 = STYLED_ITEM('color',(#9337),#4787);
#9337 = PRESENTATION_STYLE_ASSIGNMENT((#9338));
#9338 = SURFACE_STYLE_USAGE(.BOTH.,#9339);
#9339 = SURFACE_SIDE_STYLE('',(#9340));
#9340 = SURFACE_STYLE_FILL_AREA(#9341);
#9341 = FILL_AREA_STYLE('',(#9342));
#9342 = FILL_AREA_STYLE_COLOUR('',#8310);
#9343 = STYLED_ITEM('color',(#9344),#4804);
#9344 = PRESENTATION_STYLE_ASSIGNMENT((#9345));
#9345 = SURFACE_STYLE_USAGE(.BOTH.,#9346);
#9346 = SURFACE_SIDE_STYLE('',(#9347));
#9347 = SURFACE_STYLE_FILL_AREA(#9348);
#9348 = FILL_AREA_STYLE('',(#9349));
#9349 = FILL_AREA_STYLE_COLOUR('',#8703);
#9350 = STYLED_ITEM('color',(#9351),#4813);
#9351 = PRESENTATION_STYLE_ASSIGNMENT((#9352));
#9352 = SURFACE_STYLE_USAGE(.BOTH.,#9353);
#9353 = SURFACE_SIDE_STYLE('',(#9354));
#9354 = SURFACE_STYLE_FILL_AREA(#9355);
#9355 = FILL_AREA_STYLE('',(#9356));
#9356 = FILL_AREA_STYLE_COLOUR('',#8310);
#9357 = STYLED_ITEM('color',(#9358),#4830);
#9358 = PRESENTATION_STYLE_ASSIGNMENT((#9359));
#9359 = SURFACE_STYLE_USAGE(.BOTH.,#9360);
#9360 = SURFACE_SIDE_STYLE('',(#9361));
#9361 = SURFACE_STYLE_FILL_AREA(#9362);
#9362 = FILL_AREA_STYLE('',(#9363));
#9363 = FILL_AREA_STYLE_COLOUR('',#8310);
#9364 = STYLED_ITEM('color',(#9365),#4847);
#9365 = PRESENTATION_STYLE_ASSIGNMENT((#9366));
#9366 = SURFACE_STYLE_USAGE(.BOTH.,#9367);
#9367 = SURFACE_SIDE_STYLE('',(#9368));
#9368 = SURFACE_STYLE_FILL_AREA(#9369);
#9369 = FILL_AREA_STYLE('',(#9370));
#9370 = FILL_AREA_STYLE_COLOUR('',#8310);
#9371 = STYLED_ITEM('color',(#9372),#4864);
#9372 = PRESENTATION_STYLE_ASSIGNMENT((#9373));
#9373 = SURFACE_STYLE_USAGE(.BOTH.,#9374);
#9374 = SURFACE_SIDE_STYLE('',(#9375));
#9375 = SURFACE_STYLE_FILL_AREA(#9376);
#9376 = FILL_AREA_STYLE('',(#9377));
#9377 = FILL_AREA_STYLE_COLOUR('',#8310);
#9378 = STYLED_ITEM('color',(#9379),#4881);
#9379 = PRESENTATION_STYLE_ASSIGNMENT((#9380));
#9380 = SURFACE_STYLE_USAGE(.BOTH.,#9381);
#9381 = SURFACE_SIDE_STYLE('',(#9382));
#9382 = SURFACE_STYLE_FILL_AREA(#9383);
#9383 = FILL_AREA_STYLE('',(#9384));
#9384 = FILL_AREA_STYLE_COLOUR('',#8310);
#9385 = STYLED_ITEM('color',(#9386),#4903);
#9386 = PRESENTATION_STYLE_ASSIGNMENT((#9387));
#9387 = SURFACE_STYLE_USAGE(.BOTH.,#9388);
#9388 = SURFACE_SIDE_STYLE('',(#9389));
#9389 = SURFACE_STYLE_FILL_AREA(#9390);
#9390 = FILL_AREA_STYLE('',(#9391));
#9391 = FILL_AREA_STYLE_COLOUR('',#8310);
#9392 = STYLED_ITEM('color',(#9393),#4920);
#9393 = PRESENTATION_STYLE_ASSIGNMENT((#9394));
#9394 = SURFACE_STYLE_USAGE(.BOTH.,#9395);
#9395 = SURFACE_SIDE_STYLE('',(#9396));
#9396 = SURFACE_STYLE_FILL_AREA(#9397);
#9397 = FILL_AREA_STYLE('',(#9398));
#9398 = FILL_AREA_STYLE_COLOUR('',#8310);
#9399 = STYLED_ITEM('color',(#9400),#4937);
#9400 = PRESENTATION_STYLE_ASSIGNMENT((#9401));
#9401 = SURFACE_STYLE_USAGE(.BOTH.,#9402);
#9402 = SURFACE_SIDE_STYLE('',(#9403));
#9403 = SURFACE_STYLE_FILL_AREA(#9404);
#9404 = FILL_AREA_STYLE('',(#9405));
#9405 = FILL_AREA_STYLE_COLOUR('',#8310);
#9406 = STYLED_ITEM('color',(#9407),#4954);
#9407 = PRESENTATION_STYLE_ASSIGNMENT((#9408));
#9408 = SURFACE_STYLE_USAGE(.BOTH.,#9409);
#9409 = SURFACE_SIDE_STYLE('',(#9410));
#9410 = SURFACE_STYLE_FILL_AREA(#9411);
#9411 = FILL_AREA_STYLE('',(#9412));
#9412 = FILL_AREA_STYLE_COLOUR('',#8310);
#9413 = STYLED_ITEM('color',(#9414),#4971);
#9414 = PRESENTATION_STYLE_ASSIGNMENT((#9415));
#9415 = SURFACE_STYLE_USAGE(.BOTH.,#9416);
#9416 = SURFACE_SIDE_STYLE('',(#9417));
#9417 = SURFACE_STYLE_FILL_AREA(#9418);
#9418 = FILL_AREA_STYLE('',(#9419));
#9419 = FILL_AREA_STYLE_COLOUR('',#8310);
#9420 = STYLED_ITEM('color',(#9421),#4983);
#9421 = PRESENTATION_STYLE_ASSIGNMENT((#9422));
#9422 = SURFACE_STYLE_USAGE(.BOTH.,#9423);
#9423 = SURFACE_SIDE_STYLE('',(#9424));
#9424 = SURFACE_STYLE_FILL_AREA(#9425);
#9425 = FILL_AREA_STYLE('',(#9426));
#9426 = FILL_AREA_STYLE_COLOUR('',#8310);
#9427 = STYLED_ITEM('color',(#9428),#5000);
#9428 = PRESENTATION_STYLE_ASSIGNMENT((#9429));
#9429 = SURFACE_STYLE_USAGE(.BOTH.,#9430);
#9430 = SURFACE_SIDE_STYLE('',(#9431));
#9431 = SURFACE_STYLE_FILL_AREA(#9432);
#9432 = FILL_AREA_STYLE('',(#9433));
#9433 = FILL_AREA_STYLE_COLOUR('',#8310);
#9434 = STYLED_ITEM('color',(#9435),#5017);
#9435 = PRESENTATION_STYLE_ASSIGNMENT((#9436));
#9436 = SURFACE_STYLE_USAGE(.BOTH.,#9437);
#9437 = SURFACE_SIDE_STYLE('',(#9438));
#9438 = SURFACE_STYLE_FILL_AREA(#9439);
#9439 = FILL_AREA_STYLE('',(#9440));
#9440 = FILL_AREA_STYLE_COLOUR('',#8310);
#9441 = STYLED_ITEM('color',(#9442),#5034);
#9442 = PRESENTATION_STYLE_ASSIGNMENT((#9443));
#9443 = SURFACE_STYLE_USAGE(.BOTH.,#9444);
#9444 = SURFACE_SIDE_STYLE('',(#9445));
#9445 = SURFACE_STYLE_FILL_AREA(#9446);
#9446 = FILL_AREA_STYLE('',(#9447));
#9447 = FILL_AREA_STYLE_COLOUR('',#8310);
#9448 = STYLED_ITEM('color',(#9449),#5051);
#9449 = PRESENTATION_STYLE_ASSIGNMENT((#9450));
#9450 = SURFACE_STYLE_USAGE(.BOTH.,#9451);
#9451 = SURFACE_SIDE_STYLE('',(#9452));
#9452 = SURFACE_STYLE_FILL_AREA(#9453);
#9453 = FILL_AREA_STYLE('',(#9454));
#9454 = FILL_AREA_STYLE_COLOUR('',#8310);
#9455 = STYLED_ITEM('color',(#9456),#5068);
#9456 = PRESENTATION_STYLE_ASSIGNMENT((#9457));
#9457 = SURFACE_STYLE_USAGE(.BOTH.,#9458);
#9458 = SURFACE_SIDE_STYLE('',(#9459));
#9459 = SURFACE_STYLE_FILL_AREA(#9460);
#9460 = FILL_AREA_STYLE('',(#9461));
#9461 = FILL_AREA_STYLE_COLOUR('',#8310);
#9462 = STYLED_ITEM('color',(#9463),#5085);
#9463 = PRESENTATION_STYLE_ASSIGNMENT((#9464));
#9464 = SURFACE_STYLE_USAGE(.BOTH.,#9465);
#9465 = SURFACE_SIDE_STYLE('',(#9466));
#9466 = SURFACE_STYLE_FILL_AREA(#9467);
#9467 = FILL_AREA_STYLE('',(#9468));
#9468 = FILL_AREA_STYLE_COLOUR('',#8310);
#9469 = STYLED_ITEM('color',(#9470),#5102);
#9470 = PRESENTATION_STYLE_ASSIGNMENT((#9471));
#9471 = SURFACE_STYLE_USAGE(.BOTH.,#9472);
#9472 = SURFACE_SIDE_STYLE('',(#9473));
#9473 = SURFACE_STYLE_FILL_AREA(#9474);
#9474 = FILL_AREA_STYLE('',(#9475));
#9475 = FILL_AREA_STYLE_COLOUR('',#8310);
#9476 = STYLED_ITEM('color',(#9477),#5119);
#9477 = PRESENTATION_STYLE_ASSIGNMENT((#9478));
#9478 = SURFACE_STYLE_USAGE(.BOTH.,#9479);
#9479 = SURFACE_SIDE_STYLE('',(#9480));
#9480 = SURFACE_STYLE_FILL_AREA(#9481);
#9481 = FILL_AREA_STYLE('',(#9482));
#9482 = FILL_AREA_STYLE_COLOUR('',#8310);
#9483 = STYLED_ITEM('color',(#9484),#5131);
#9484 = PRESENTATION_STYLE_ASSIGNMENT((#9485));
#9485 = SURFACE_STYLE_USAGE(.BOTH.,#9486);
#9486 = SURFACE_SIDE_STYLE('',(#9487));
#9487 = SURFACE_STYLE_FILL_AREA(#9488);
#9488 = FILL_AREA_STYLE('',(#9489));
#9489 = FILL_AREA_STYLE_COLOUR('',#8310);
#9490 = STYLED_ITEM('color',(#9491),#5153);
#9491 = PRESENTATION_STYLE_ASSIGNMENT((#9492));
#9492 = SURFACE_STYLE_USAGE(.BOTH.,#9493);
#9493 = SURFACE_SIDE_STYLE('',(#9494));
#9494 = SURFACE_STYLE_FILL_AREA(#9495);
#9495 = FILL_AREA_STYLE('',(#9496));
#9496 = FILL_AREA_STYLE_COLOUR('',#8310);
#9497 = STYLED_ITEM('color',(#9498),#5170);
#9498 = PRESENTATION_STYLE_ASSIGNMENT((#9499));
#9499 = SURFACE_STYLE_USAGE(.BOTH.,#9500);
#9500 = SURFACE_SIDE_STYLE('',(#9501));
#9501 = SURFACE_STYLE_FILL_AREA(#9502);
#9502 = FILL_AREA_STYLE('',(#9503));
#9503 = FILL_AREA_STYLE_COLOUR('',#8310);
#9504 = STYLED_ITEM('color',(#9505),#5187);
#9505 = PRESENTATION_STYLE_ASSIGNMENT((#9506));
#9506 = SURFACE_STYLE_USAGE(.BOTH.,#9507);
#9507 = SURFACE_SIDE_STYLE('',(#9508));
#9508 = SURFACE_STYLE_FILL_AREA(#9509);
#9509 = FILL_AREA_STYLE('',(#9510));
#9510 = FILL_AREA_STYLE_COLOUR('',#8310);
#9511 = STYLED_ITEM('color',(#9512),#5204);
#9512 = PRESENTATION_STYLE_ASSIGNMENT((#9513));
#9513 = SURFACE_STYLE_USAGE(.BOTH.,#9514);
#9514 = SURFACE_SIDE_STYLE('',(#9515));
#9515 = SURFACE_STYLE_FILL_AREA(#9516);
#9516 = FILL_AREA_STYLE('',(#9517));
#9517 = FILL_AREA_STYLE_COLOUR('',#8310);
#9518 = STYLED_ITEM('color',(#9519),#5221);
#9519 = PRESENTATION_STYLE_ASSIGNMENT((#9520));
#9520 = SURFACE_STYLE_USAGE(.BOTH.,#9521);
#9521 = SURFACE_SIDE_STYLE('',(#9522));
#9522 = SURFACE_STYLE_FILL_AREA(#9523);
#9523 = FILL_AREA_STYLE('',(#9524));
#9524 = FILL_AREA_STYLE_COLOUR('',#8310);
#9525 = STYLED_ITEM('color',(#9526),#5233);
#9526 = PRESENTATION_STYLE_ASSIGNMENT((#9527));
#9527 = SURFACE_STYLE_USAGE(.BOTH.,#9528);
#9528 = SURFACE_SIDE_STYLE('',(#9529));
#9529 = SURFACE_STYLE_FILL_AREA(#9530);
#9530 = FILL_AREA_STYLE('',(#9531));
#9531 = FILL_AREA_STYLE_COLOUR('',#8310);
#9532 = STYLED_ITEM('color',(#9533),#5250);
#9533 = PRESENTATION_STYLE_ASSIGNMENT((#9534));
#9534 = SURFACE_STYLE_USAGE(.BOTH.,#9535);
#9535 = SURFACE_SIDE_STYLE('',(#9536));
#9536 = SURFACE_STYLE_FILL_AREA(#9537);
#9537 = FILL_AREA_STYLE('',(#9538));
#9538 = FILL_AREA_STYLE_COLOUR('',#8310);
#9539 = STYLED_ITEM('color',(#9540),#5267);
#9540 = PRESENTATION_STYLE_ASSIGNMENT((#9541));
#9541 = SURFACE_STYLE_USAGE(.BOTH.,#9542);
#9542 = SURFACE_SIDE_STYLE('',(#9543));
#9543 = SURFACE_STYLE_FILL_AREA(#9544);
#9544 = FILL_AREA_STYLE('',(#9545));
#9545 = FILL_AREA_STYLE_COLOUR('',#8310);
#9546 = STYLED_ITEM('color',(#9547),#5284);
#9547 = PRESENTATION_STYLE_ASSIGNMENT((#9548));
#9548 = SURFACE_STYLE_USAGE(.BOTH.,#9549);
#9549 = SURFACE_SIDE_STYLE('',(#9550));
#9550 = SURFACE_STYLE_FILL_AREA(#9551);
#9551 = FILL_AREA_STYLE('',(#9552));
#9552 = FILL_AREA_STYLE_COLOUR('',#8310);
#9553 = STYLED_ITEM('color',(#9554),#5301);
#9554 = PRESENTATION_STYLE_ASSIGNMENT((#9555));
#9555 = SURFACE_STYLE_USAGE(.BOTH.,#9556);
#9556 = SURFACE_SIDE_STYLE('',(#9557));
#9557 = SURFACE_STYLE_FILL_AREA(#9558);
#9558 = FILL_AREA_STYLE('',(#9559));
#9559 = FILL_AREA_STYLE_COLOUR('',#8310);
#9560 = STYLED_ITEM('color',(#9561),#5318);
#9561 = PRESENTATION_STYLE_ASSIGNMENT((#9562));
#9562 = SURFACE_STYLE_USAGE(.BOTH.,#9563);
#9563 = SURFACE_SIDE_STYLE('',(#9564));
#9564 = SURFACE_STYLE_FILL_AREA(#9565);
#9565 = FILL_AREA_STYLE('',(#9566));
#9566 = FILL_AREA_STYLE_COLOUR('',#8310);
#9567 = STYLED_ITEM('color',(#9568),#5335);
#9568 = PRESENTATION_STYLE_ASSIGNMENT((#9569));
#9569 = SURFACE_STYLE_USAGE(.BOTH.,#9570);
#9570 = SURFACE_SIDE_STYLE('',(#9571));
#9571 = SURFACE_STYLE_FILL_AREA(#9572);
#9572 = FILL_AREA_STYLE('',(#9573));
#9573 = FILL_AREA_STYLE_COLOUR('',#8310);
#9574 = STYLED_ITEM('color',(#9575),#5352);
#9575 = PRESENTATION_STYLE_ASSIGNMENT((#9576));
#9576 = SURFACE_STYLE_USAGE(.BOTH.,#9577);
#9577 = SURFACE_SIDE_STYLE('',(#9578));
#9578 = SURFACE_STYLE_FILL_AREA(#9579);
#9579 = FILL_AREA_STYLE('',(#9580));
#9580 = FILL_AREA_STYLE_COLOUR('',#8310);
#9581 = STYLED_ITEM('color',(#9582),#5369);
#9582 = PRESENTATION_STYLE_ASSIGNMENT((#9583));
#9583 = SURFACE_STYLE_USAGE(.BOTH.,#9584);
#9584 = SURFACE_SIDE_STYLE('',(#9585));
#9585 = SURFACE_STYLE_FILL_AREA(#9586);
#9586 = FILL_AREA_STYLE('',(#9587));
#9587 = FILL_AREA_STYLE_COLOUR('',#8310);
#9588 = STYLED_ITEM('color',(#9589),#5381);
#9589 = PRESENTATION_STYLE_ASSIGNMENT((#9590));
#9590 = SURFACE_STYLE_USAGE(.BOTH.,#9591);
#9591 = SURFACE_SIDE_STYLE('',(#9592));
#9592 = SURFACE_STYLE_FILL_AREA(#9593);
#9593 = FILL_AREA_STYLE('',(#9594));
#9594 = FILL_AREA_STYLE_COLOUR('',#8310);
#9595 = STYLED_ITEM('color',(#9596),#5403);
#9596 = PRESENTATION_STYLE_ASSIGNMENT((#9597));
#9597 = SURFACE_STYLE_USAGE(.BOTH.,#9598);
#9598 = SURFACE_SIDE_STYLE('',(#9599));
#9599 = SURFACE_STYLE_FILL_AREA(#9600);
#9600 = FILL_AREA_STYLE('',(#9601));
#9601 = FILL_AREA_STYLE_COLOUR('',#8310);
#9602 = STYLED_ITEM('color',(#9603),#5420);
#9603 = PRESENTATION_STYLE_ASSIGNMENT((#9604));
#9604 = SURFACE_STYLE_USAGE(.BOTH.,#9605);
#9605 = SURFACE_SIDE_STYLE('',(#9606));
#9606 = SURFACE_STYLE_FILL_AREA(#9607);
#9607 = FILL_AREA_STYLE('',(#9608));
#9608 = FILL_AREA_STYLE_COLOUR('',#8310);
#9609 = STYLED_ITEM('color',(#9610),#5437);
#9610 = PRESENTATION_STYLE_ASSIGNMENT((#9611));
#9611 = SURFACE_STYLE_USAGE(.BOTH.,#9612);
#9612 = SURFACE_SIDE_STYLE('',(#9613));
#9613 = SURFACE_STYLE_FILL_AREA(#9614);
#9614 = FILL_AREA_STYLE('',(#9615));
#9615 = FILL_AREA_STYLE_COLOUR('',#8310);
#9616 = STYLED_ITEM('color',(#9617),#5454);
#9617 = PRESENTATION_STYLE_ASSIGNMENT((#9618));
#9618 = SURFACE_STYLE_USAGE(.BOTH.,#9619);
#9619 = SURFACE_SIDE_STYLE('',(#9620));
#9620 = SURFACE_STYLE_FILL_AREA(#9621);
#9621 = FILL_AREA_STYLE('',(#9622));
#9622 = FILL_AREA_STYLE_COLOUR('',#8310);
#9623 = STYLED_ITEM('color',(#9624),#5471);
#9624 = PRESENTATION_STYLE_ASSIGNMENT((#9625));
#9625 = SURFACE_STYLE_USAGE(.BOTH.,#9626);
#9626 = SURFACE_SIDE_STYLE('',(#9627));
#9627 = SURFACE_STYLE_FILL_AREA(#9628);
#9628 = FILL_AREA_STYLE('',(#9629));
#9629 = FILL_AREA_STYLE_COLOUR('',#8310);
#9630 = STYLED_ITEM('color',(#9631),#5483);
#9631 = PRESENTATION_STYLE_ASSIGNMENT((#9632));
#9632 = SURFACE_STYLE_USAGE(.BOTH.,#9633);
#9633 = SURFACE_SIDE_STYLE('',(#9634));
#9634 = SURFACE_STYLE_FILL_AREA(#9635);
#9635 = FILL_AREA_STYLE('',(#9636));
#9636 = FILL_AREA_STYLE_COLOUR('',#8310);
#9637 = STYLED_ITEM('color',(#9638),#5500);
#9638 = PRESENTATION_STYLE_ASSIGNMENT((#9639));
#9639 = SURFACE_STYLE_USAGE(.BOTH.,#9640);
#9640 = SURFACE_SIDE_STYLE('',(#9641));
#9641 = SURFACE_STYLE_FILL_AREA(#9642);
#9642 = FILL_AREA_STYLE('',(#9643));
#9643 = FILL_AREA_STYLE_COLOUR('',#8310);
#9644 = STYLED_ITEM('color',(#9645),#5517);
#9645 = PRESENTATION_STYLE_ASSIGNMENT((#9646));
#9646 = SURFACE_STYLE_USAGE(.BOTH.,#9647);
#9647 = SURFACE_SIDE_STYLE('',(#9648));
#9648 = SURFACE_STYLE_FILL_AREA(#9649);
#9649 = FILL_AREA_STYLE('',(#9650));
#9650 = FILL_AREA_STYLE_COLOUR('',#8310);
#9651 = STYLED_ITEM('color',(#9652),#5534);
#9652 = PRESENTATION_STYLE_ASSIGNMENT((#9653));
#9653 = SURFACE_STYLE_USAGE(.BOTH.,#9654);
#9654 = SURFACE_SIDE_STYLE('',(#9655));
#9655 = SURFACE_STYLE_FILL_AREA(#9656);
#9656 = FILL_AREA_STYLE('',(#9657));
#9657 = FILL_AREA_STYLE_COLOUR('',#8310);
#9658 = STYLED_ITEM('color',(#9659),#5551);
#9659 = PRESENTATION_STYLE_ASSIGNMENT((#9660));
#9660 = SURFACE_STYLE_USAGE(.BOTH.,#9661);
#9661 = SURFACE_SIDE_STYLE('',(#9662));
#9662 = SURFACE_STYLE_FILL_AREA(#9663);
#9663 = FILL_AREA_STYLE('',(#9664));
#9664 = FILL_AREA_STYLE_COLOUR('',#8310);
#9665 = STYLED_ITEM('color',(#9666),#5568);
#9666 = PRESENTATION_STYLE_ASSIGNMENT((#9667));
#9667 = SURFACE_STYLE_USAGE(.BOTH.,#9668);
#9668 = SURFACE_SIDE_STYLE('',(#9669));
#9669 = SURFACE_STYLE_FILL_AREA(#9670);
#9670 = FILL_AREA_STYLE('',(#9671));
#9671 = FILL_AREA_STYLE_COLOUR('',#8310);
#9672 = STYLED_ITEM('color',(#9673),#5585);
#9673 = PRESENTATION_STYLE_ASSIGNMENT((#9674));
#9674 = SURFACE_STYLE_USAGE(.BOTH.,#9675);
#9675 = SURFACE_SIDE_STYLE('',(#9676));
#9676 = SURFACE_STYLE_FILL_AREA(#9677);
#9677 = FILL_AREA_STYLE('',(#9678));
#9678 = FILL_AREA_STYLE_COLOUR('',#8310);
#9679 = STYLED_ITEM('color',(#9680),#5602);
#9680 = PRESENTATION_STYLE_ASSIGNMENT((#9681));
#9681 = SURFACE_STYLE_USAGE(.BOTH.,#9682);
#9682 = SURFACE_SIDE_STYLE('',(#9683));
#9683 = SURFACE_STYLE_FILL_AREA(#9684);
#9684 = FILL_AREA_STYLE('',(#9685));
#9685 = FILL_AREA_STYLE_COLOUR('',#8310);
#9686 = STYLED_ITEM('color',(#9687),#5619);
#9687 = PRESENTATION_STYLE_ASSIGNMENT((#9688));
#9688 = SURFACE_STYLE_USAGE(.BOTH.,#9689);
#9689 = SURFACE_SIDE_STYLE('',(#9690));
#9690 = SURFACE_STYLE_FILL_AREA(#9691);
#9691 = FILL_AREA_STYLE('',(#9692));
#9692 = FILL_AREA_STYLE_COLOUR('',#8310);
#9693 = STYLED_ITEM('color',(#9694),#5631);
#9694 = PRESENTATION_STYLE_ASSIGNMENT((#9695));
#9695 = SURFACE_STYLE_USAGE(.BOTH.,#9696);
#9696 = SURFACE_SIDE_STYLE('',(#9697));
#9697 = SURFACE_STYLE_FILL_AREA(#9698);
#9698 = FILL_AREA_STYLE('',(#9699));
#9699 = FILL_AREA_STYLE_COLOUR('',#8310);
#9700 = STYLED_ITEM('color',(#9701),#5653);
#9701 = PRESENTATION_STYLE_ASSIGNMENT((#9702));
#9702 = SURFACE_STYLE_USAGE(.BOTH.,#9703);
#9703 = SURFACE_SIDE_STYLE('',(#9704));
#9704 = SURFACE_STYLE_FILL_AREA(#9705);
#9705 = FILL_AREA_STYLE('',(#9706));
#9706 = FILL_AREA_STYLE_COLOUR('',#8310);
#9707 = STYLED_ITEM('color',(#9708),#5670);
#9708 = PRESENTATION_STYLE_ASSIGNMENT((#9709));
#9709 = SURFACE_STYLE_USAGE(.BOTH.,#9710);
#9710 = SURFACE_SIDE_STYLE('',(#9711));
#9711 = SURFACE_STYLE_FILL_AREA(#9712);
#9712 = FILL_AREA_STYLE('',(#9713));
#9713 = FILL_AREA_STYLE_COLOUR('',#8310);
#9714 = STYLED_ITEM('color',(#9715),#5687);
#9715 = PRESENTATION_STYLE_ASSIGNMENT((#9716));
#9716 = SURFACE_STYLE_USAGE(.BOTH.,#9717);
#9717 = SURFACE_SIDE_STYLE('',(#9718));
#9718 = SURFACE_STYLE_FILL_AREA(#9719);
#9719 = FILL_AREA_STYLE('',(#9720));
#9720 = FILL_AREA_STYLE_COLOUR('',#8310);
#9721 = STYLED_ITEM('color',(#9722),#5704);
#9722 = PRESENTATION_STYLE_ASSIGNMENT((#9723));
#9723 = SURFACE_STYLE_USAGE(.BOTH.,#9724);
#9724 = SURFACE_SIDE_STYLE('',(#9725));
#9725 = SURFACE_STYLE_FILL_AREA(#9726);
#9726 = FILL_AREA_STYLE('',(#9727));
#9727 = FILL_AREA_STYLE_COLOUR('',#8310);
#9728 = STYLED_ITEM('color',(#9729),#5721);
#9729 = PRESENTATION_STYLE_ASSIGNMENT((#9730));
#9730 = SURFACE_STYLE_USAGE(.BOTH.,#9731);
#9731 = SURFACE_SIDE_STYLE('',(#9732));
#9732 = SURFACE_STYLE_FILL_AREA(#9733);
#9733 = FILL_AREA_STYLE('',(#9734));
#9734 = FILL_AREA_STYLE_COLOUR('',#8310);
#9735 = STYLED_ITEM('color',(#9736),#5733);
#9736 = PRESENTATION_STYLE_ASSIGNMENT((#9737));
#9737 = SURFACE_STYLE_USAGE(.BOTH.,#9738);
#9738 = SURFACE_SIDE_STYLE('',(#9739));
#9739 = SURFACE_STYLE_FILL_AREA(#9740);
#9740 = FILL_AREA_STYLE('',(#9741));
#9741 = FILL_AREA_STYLE_COLOUR('',#8310);
#9742 = STYLED_ITEM('color',(#9743),#5750);
#9743 = PRESENTATION_STYLE_ASSIGNMENT((#9744));
#9744 = SURFACE_STYLE_USAGE(.BOTH.,#9745);
#9745 = SURFACE_SIDE_STYLE('',(#9746));
#9746 = SURFACE_STYLE_FILL_AREA(#9747);
#9747 = FILL_AREA_STYLE('',(#9748));
#9748 = FILL_AREA_STYLE_COLOUR('',#8310);
#9749 = STYLED_ITEM('color',(#9750),#5767);
#9750 = PRESENTATION_STYLE_ASSIGNMENT((#9751));
#9751 = SURFACE_STYLE_USAGE(.BOTH.,#9752);
#9752 = SURFACE_SIDE_STYLE('',(#9753));
#9753 = SURFACE_STYLE_FILL_AREA(#9754);
#9754 = FILL_AREA_STYLE('',(#9755));
#9755 = FILL_AREA_STYLE_COLOUR('',#8310);
#9756 = STYLED_ITEM('color',(#9757),#5784);
#9757 = PRESENTATION_STYLE_ASSIGNMENT((#9758));
#9758 = SURFACE_STYLE_USAGE(.BOTH.,#9759);
#9759 = SURFACE_SIDE_STYLE('',(#9760));
#9760 = SURFACE_STYLE_FILL_AREA(#9761);
#9761 = FILL_AREA_STYLE('',(#9762));
#9762 = FILL_AREA_STYLE_COLOUR('',#8310);
#9763 = STYLED_ITEM('color',(#9764),#5801);
#9764 = PRESENTATION_STYLE_ASSIGNMENT((#9765));
#9765 = SURFACE_STYLE_USAGE(.BOTH.,#9766);
#9766 = SURFACE_SIDE_STYLE('',(#9767));
#9767 = SURFACE_STYLE_FILL_AREA(#9768);
#9768 = FILL_AREA_STYLE('',(#9769));
#9769 = FILL_AREA_STYLE_COLOUR('',#8310);
#9770 = STYLED_ITEM('color',(#9771),#5818);
#9771 = PRESENTATION_STYLE_ASSIGNMENT((#9772));
#9772 = SURFACE_STYLE_USAGE(.BOTH.,#9773);
#9773 = SURFACE_SIDE_STYLE('',(#9774));
#9774 = SURFACE_STYLE_FILL_AREA(#9775);
#9775 = FILL_AREA_STYLE('',(#9776));
#9776 = FILL_AREA_STYLE_COLOUR('',#8310);
#9777 = STYLED_ITEM('color',(#9778),#5835);
#9778 = PRESENTATION_STYLE_ASSIGNMENT((#9779));
#9779 = SURFACE_STYLE_USAGE(.BOTH.,#9780);
#9780 = SURFACE_SIDE_STYLE('',(#9781));
#9781 = SURFACE_STYLE_FILL_AREA(#9782);
#9782 = FILL_AREA_STYLE('',(#9783));
#9783 = FILL_AREA_STYLE_COLOUR('',#8310);
#9784 = STYLED_ITEM('color',(#9785),#5852);
#9785 = PRESENTATION_STYLE_ASSIGNMENT((#9786));
#9786 = SURFACE_STYLE_USAGE(.BOTH.,#9787);
#9787 = SURFACE_SIDE_STYLE('',(#9788));
#9788 = SURFACE_STYLE_FILL_AREA(#9789);
#9789 = FILL_AREA_STYLE('',(#9790));
#9790 = FILL_AREA_STYLE_COLOUR('',#8310);
#9791 = STYLED_ITEM('color',(#9792),#5869);
#9792 = PRESENTATION_STYLE_ASSIGNMENT((#9793));
#9793 = SURFACE_STYLE_USAGE(.BOTH.,#9794);
#9794 = SURFACE_SIDE_STYLE('',(#9795));
#9795 = SURFACE_STYLE_FILL_AREA(#9796);
#9796 = FILL_AREA_STYLE('',(#9797));
#9797 = FILL_AREA_STYLE_COLOUR('',#8310);
#9798 = MECHANICAL_DESIGN_GEOMETRIC_PRESENTATION_REPRESENTATION('',(
    #9799,#9806,#9813,#9820,#9827,#9834,#9841,#9848,#9855,#9862,#9869,
    #9877,#9884,#9891,#9898,#9905,#9912,#9919,#9926,#9933,#9940,#9947,
    #9954,#9961,#9968,#9975,#9982,#9989),#931);
#9799 = STYLED_ITEM('color',(#9800),#79);
#9800 = PRESENTATION_STYLE_ASSIGNMENT((#9801));
#9801 = SURFACE_STYLE_USAGE(.BOTH.,#9802);
#9802 = SURFACE_SIDE_STYLE('',(#9803));
#9803 = SURFACE_STYLE_FILL_AREA(#9804);
#9804 = FILL_AREA_STYLE('',(#9805));
#9805 = FILL_AREA_STYLE_COLOUR('',#8310);
#9806 = STYLED_ITEM('color',(#9807),#155);
#9807 = PRESENTATION_STYLE_ASSIGNMENT((#9808));
#9808 = SURFACE_STYLE_USAGE(.BOTH.,#9809);
#9809 = SURFACE_SIDE_STYLE('',(#9810));
#9810 = SURFACE_STYLE_FILL_AREA(#9811);
#9811 = FILL_AREA_STYLE('',(#9812));
#9812 = FILL_AREA_STYLE_COLOUR('',#8310);
#9813 = STYLED_ITEM('color',(#9814),#186);
#9814 = PRESENTATION_STYLE_ASSIGNMENT((#9815));
#9815 = SURFACE_STYLE_USAGE(.BOTH.,#9816);
#9816 = SURFACE_SIDE_STYLE('',(#9817));
#9817 = SURFACE_STYLE_FILL_AREA(#9818);
#9818 = FILL_AREA_STYLE('',(#9819));
#9819 = FILL_AREA_STYLE_COLOUR('',#8310);
#9820 = STYLED_ITEM('color',(#9821),#211);
#9821 = PRESENTATION_STYLE_ASSIGNMENT((#9822));
#9822 = SURFACE_STYLE_USAGE(.BOTH.,#9823);
#9823 = SURFACE_SIDE_STYLE('',(#9824));
#9824 = SURFACE_STYLE_FILL_AREA(#9825);
#9825 = FILL_AREA_STYLE('',(#9826));
#9826 = FILL_AREA_STYLE_COLOUR('',#8310);
#9827 = STYLED_ITEM('color',(#9828),#236);
#9828 = PRESENTATION_STYLE_ASSIGNMENT((#9829));
#9829 = SURFACE_STYLE_USAGE(.BOTH.,#9830);
#9830 = SURFACE_SIDE_STYLE('',(#9831));
#9831 = SURFACE_STYLE_FILL_AREA(#9832);
#9832 = FILL_AREA_STYLE('',(#9833));
#9833 = FILL_AREA_STYLE_COLOUR('',#8310);
#9834 = STYLED_ITEM('color',(#9835),#260);
#9835 = PRESENTATION_STYLE_ASSIGNMENT((#9836));
#9836 = SURFACE_STYLE_USAGE(.BOTH.,#9837);
#9837 = SURFACE_SIDE_STYLE('',(#9838));
#9838 = SURFACE_STYLE_FILL_AREA(#9839);
#9839 = FILL_AREA_STYLE('',(#9840));
#9840 = FILL_AREA_STYLE_COLOUR('',#8310);
#9841 = STYLED_ITEM('color',(#9842),#284);
#9842 = PRESENTATION_STYLE_ASSIGNMENT((#9843));
#9843 = SURFACE_STYLE_USAGE(.BOTH.,#9844);
#9844 = SURFACE_SIDE_STYLE('',(#9845));
#9845 = SURFACE_STYLE_FILL_AREA(#9846);
#9846 = FILL_AREA_STYLE('',(#9847));
#9847 = FILL_AREA_STYLE_COLOUR('',#8310);
#9848 = STYLED_ITEM('color',(#9849),#309);
#9849 = PRESENTATION_STYLE_ASSIGNMENT((#9850));
#9850 = SURFACE_STYLE_USAGE(.BOTH.,#9851);
#9851 = SURFACE_SIDE_STYLE('',(#9852));
#9852 = SURFACE_STYLE_FILL_AREA(#9853);
#9853 = FILL_AREA_STYLE('',(#9854));
#9854 = FILL_AREA_STYLE_COLOUR('',#8310);
#9855 = STYLED_ITEM('color',(#9856),#334);
#9856 = PRESENTATION_STYLE_ASSIGNMENT((#9857));
#9857 = SURFACE_STYLE_USAGE(.BOTH.,#9858);
#9858 = SURFACE_SIDE_STYLE('',(#9859));
#9859 = SURFACE_STYLE_FILL_AREA(#9860);
#9860 = FILL_AREA_STYLE('',(#9861));
#9861 = FILL_AREA_STYLE_COLOUR('',#8310);
#9862 = STYLED_ITEM('color',(#9863),#351);
#9863 = PRESENTATION_STYLE_ASSIGNMENT((#9864));
#9864 = SURFACE_STYLE_USAGE(.BOTH.,#9865);
#9865 = SURFACE_SIDE_STYLE('',(#9866));
#9866 = SURFACE_STYLE_FILL_AREA(#9867);
#9867 = FILL_AREA_STYLE('',(#9868));
#9868 = FILL_AREA_STYLE_COLOUR('',#8310);
#9869 = STYLED_ITEM('color',(#9870),#437);
#9870 = PRESENTATION_STYLE_ASSIGNMENT((#9871));
#9871 = SURFACE_STYLE_USAGE(.BOTH.,#9872);
#9872 = SURFACE_SIDE_STYLE('',(#9873));
#9873 = SURFACE_STYLE_FILL_AREA(#9874);
#9874 = FILL_AREA_STYLE('',(#9875));
#9875 = FILL_AREA_STYLE_COLOUR('',#9876);
#9876 = COLOUR_RGB('',0.379000005575,0.270000008848,0.214999999939);
#9877 = STYLED_ITEM('color',(#9878),#469);
#9878 = PRESENTATION_STYLE_ASSIGNMENT((#9879));
#9879 = SURFACE_STYLE_USAGE(.BOTH.,#9880);
#9880 = SURFACE_SIDE_STYLE('',(#9881));
#9881 = SURFACE_STYLE_FILL_AREA(#9882);
#9882 = FILL_AREA_STYLE('',(#9883));
#9883 = FILL_AREA_STYLE_COLOUR('',#9876);
#9884 = STYLED_ITEM('color',(#9885),#493);
#9885 = PRESENTATION_STYLE_ASSIGNMENT((#9886));
#9886 = SURFACE_STYLE_USAGE(.BOTH.,#9887);
#9887 = SURFACE_SIDE_STYLE('',(#9888));
#9888 = SURFACE_STYLE_FILL_AREA(#9889);
#9889 = FILL_AREA_STYLE('',(#9890));
#9890 = FILL_AREA_STYLE_COLOUR('',#9876);
#9891 = STYLED_ITEM('color',(#9892),#518);
#9892 = PRESENTATION_STYLE_ASSIGNMENT((#9893));
#9893 = SURFACE_STYLE_USAGE(.BOTH.,#9894);
#9894 = SURFACE_SIDE_STYLE('',(#9895));
#9895 = SURFACE_STYLE_FILL_AREA(#9896);
#9896 = FILL_AREA_STYLE('',(#9897));
#9897 = FILL_AREA_STYLE_COLOUR('',#9876);
#9898 = STYLED_ITEM('color',(#9899),#542);
#9899 = PRESENTATION_STYLE_ASSIGNMENT((#9900));
#9900 = SURFACE_STYLE_USAGE(.BOTH.,#9901);
#9901 = SURFACE_SIDE_STYLE('',(#9902));
#9902 = SURFACE_STYLE_FILL_AREA(#9903);
#9903 = FILL_AREA_STYLE('',(#9904));
#9904 = FILL_AREA_STYLE_COLOUR('',#9876);
#9905 = STYLED_ITEM('color',(#9906),#567);
#9906 = PRESENTATION_STYLE_ASSIGNMENT((#9907));
#9907 = SURFACE_STYLE_USAGE(.BOTH.,#9908);
#9908 = SURFACE_SIDE_STYLE('',(#9909));
#9909 = SURFACE_STYLE_FILL_AREA(#9910);
#9910 = FILL_AREA_STYLE('',(#9911));
#9911 = FILL_AREA_STYLE_COLOUR('',#9876);
#9912 = STYLED_ITEM('color',(#9913),#591);
#9913 = PRESENTATION_STYLE_ASSIGNMENT((#9914));
#9914 = SURFACE_STYLE_USAGE(.BOTH.,#9915);
#9915 = SURFACE_SIDE_STYLE('',(#9916));
#9916 = SURFACE_STYLE_FILL_AREA(#9917);
#9917 = FILL_AREA_STYLE('',(#9918));
#9918 = FILL_AREA_STYLE_COLOUR('',#9876);
#9919 = STYLED_ITEM('color',(#9920),#616);
#9920 = PRESENTATION_STYLE_ASSIGNMENT((#9921));
#9921 = SURFACE_STYLE_USAGE(.BOTH.,#9922);
#9922 = SURFACE_SIDE_STYLE('',(#9923));
#9923 = SURFACE_STYLE_FILL_AREA(#9924);
#9924 = FILL_AREA_STYLE('',(#9925));
#9925 = FILL_AREA_STYLE_COLOUR('',#9876);
#9926 = STYLED_ITEM('color',(#9927),#633);
#9927 = PRESENTATION_STYLE_ASSIGNMENT((#9928));
#9928 = SURFACE_STYLE_USAGE(.BOTH.,#9929);
#9929 = SURFACE_SIDE_STYLE('',(#9930));
#9930 = SURFACE_STYLE_FILL_AREA(#9931);
#9931 = FILL_AREA_STYLE('',(#9932));
#9932 = FILL_AREA_STYLE_COLOUR('',#8310);
#9933 = STYLED_ITEM('color',(#9934),#719);
#9934 = PRESENTATION_STYLE_ASSIGNMENT((#9935));
#9935 = SURFACE_STYLE_USAGE(.BOTH.,#9936);
#9936 = SURFACE_SIDE_STYLE('',(#9937));
#9937 = SURFACE_STYLE_FILL_AREA(#9938);
#9938 = FILL_AREA_STYLE('',(#9939));
#9939 = FILL_AREA_STYLE_COLOUR('',#8310);
#9940 = STYLED_ITEM('color',(#9941),#750);
#9941 = PRESENTATION_STYLE_ASSIGNMENT((#9942));
#9942 = SURFACE_STYLE_USAGE(.BOTH.,#9943);
#9943 = SURFACE_SIDE_STYLE('',(#9944));
#9944 = SURFACE_STYLE_FILL_AREA(#9945);
#9945 = FILL_AREA_STYLE('',(#9946));
#9946 = FILL_AREA_STYLE_COLOUR('',#8310);
#9947 = STYLED_ITEM('color',(#9948),#775);
#9948 = PRESENTATION_STYLE_ASSIGNMENT((#9949));
#9949 = SURFACE_STYLE_USAGE(.BOTH.,#9950);
#9950 = SURFACE_SIDE_STYLE('',(#9951));
#9951 = SURFACE_STYLE_FILL_AREA(#9952);
#9952 = FILL_AREA_STYLE('',(#9953));
#9953 = FILL_AREA_STYLE_COLOUR('',#8310);
#9954 = STYLED_ITEM('color',(#9955),#800);
#9955 = PRESENTATION_STYLE_ASSIGNMENT((#9956));
#9956 = SURFACE_STYLE_USAGE(.BOTH.,#9957);
#9957 = SURFACE_SIDE_STYLE('',(#9958));
#9958 = SURFACE_STYLE_FILL_AREA(#9959);
#9959 = FILL_AREA_STYLE('',(#9960));
#9960 = FILL_AREA_STYLE_COLOUR('',#8310);
#9961 = STYLED_ITEM('color',(#9962),#824);
#9962 = PRESENTATION_STYLE_ASSIGNMENT((#9963));
#9963 = SURFACE_STYLE_USAGE(.BOTH.,#9964);
#9964 = SURFACE_SIDE_STYLE('',(#9965));
#9965 = SURFACE_STYLE_FILL_AREA(#9966);
#9966 = FILL_AREA_STYLE('',(#9967));
#9967 = FILL_AREA_STYLE_COLOUR('',#8310);
#9968 = STYLED_ITEM('color',(#9969),#848);
#9969 = PRESENTATION_STYLE_ASSIGNMENT((#9970));
#9970 = SURFACE_STYLE_USAGE(.BOTH.,#9971);
#9971 = SURFACE_SIDE_STYLE('',(#9972));
#9972 = SURFACE_STYLE_FILL_AREA(#9973);
#9973 = FILL_AREA_STYLE('',(#9974));
#9974 = FILL_AREA_STYLE_COLOUR('',#8310);
#9975 = STYLED_ITEM('color',(#9976),#873);
#9976 = PRESENTATION_STYLE_ASSIGNMENT((#9977));
#9977 = SURFACE_STYLE_USAGE(.BOTH.,#9978);
#9978 = SURFACE_SIDE_STYLE('',(#9979));
#9979 = SURFACE_STYLE_FILL_AREA(#9980);
#9980 = FILL_AREA_STYLE('',(#9981));
#9981 = FILL_AREA_STYLE_COLOUR('',#8310);
#9982 = STYLED_ITEM('color',(#9983),#898);
#9983 = PRESENTATION_STYLE_ASSIGNMENT((#9984));
#9984 = SURFACE_STYLE_USAGE(.BOTH.,#9985);
#9985 = SURFACE_SIDE_STYLE('',(#9986));
#9986 = SURFACE_STYLE_FILL_AREA(#9987);
#9987 = FILL_AREA_STYLE('',(#9988));
#9988 = FILL_AREA_STYLE_COLOUR('',#8310);
#9989 = STYLED_ITEM('color',(#9990),#915);
#9990 = PRESENTATION_STYLE_ASSIGNMENT((#9991));
#9991 = SURFACE_STYLE_USAGE(.BOTH.,#9992);
#9992 = SURFACE_SIDE_STYLE('',(#9993));
#9993 = SURFACE_STYLE_FILL_AREA(#9994);
#9994 = FILL_AREA_STYLE('',(#9995));
#9995 = FILL_AREA_STYLE_COLOUR('',#8310);
ENDSEC;
END-ISO-10303-21;
